case,set,sample,theta_0,theta_1
compatible_complete_mesh,spectral,0,1.01,-0.25
compatible_complete_mesh,spectral,1,1.0099996192306417,-0.24993829407572835
compatible_complete_mesh,spectral,2,1.009998476951564,-0.24987659285060174
compatible_complete_mesh,spectral,3,1.0099965732497556,-0.24981490102340734
compatible_complete_mesh,spectral,4,1.009993908270191,-0.24975322329221664
compatible_complete_mesh,spectral,5,1.0099904822158186,-0.24969156435402767
compatible_complete_mesh,spectral,6,1.0099862953475458,-0.24962992890440733
compatible_complete_mesh,spectral,7,1.0099813479842186,-0.24956832163713369
compatible_complete_mesh,spectral,8,1.0099756405025981,-0.24950674724383867
compatible_complete_mesh,spectral,9,1.0099691733373313,-0.24944521041365075
compatible_complete_mesh,spectral,10,1.0099619469809173,-0.2493837158328378
compatible_complete_mesh,spectral,11,1.0099539619836717,-0.24932226818445022
compatible_complete_mesh,spectral,12,1.0099452189536828,-0.24926087214796433
compatible_complete_mesh,spectral,13,1.0099357185567659,-0.24919953239892603
compatible_complete_mesh,spectral,14,1.0099254615164133,-0.24913825360859468
compatible_complete_mesh,spectral,15,1.0099144486137381,-0.24907704044358742
compatible_complete_mesh,spectral,16,1.0099026806874156,-0.24901589756552378
compatible_complete_mesh,spectral,17,1.0098901586336191,-0.24895482963067062
compatible_complete_mesh,spectral,18,1.0098768834059513,-0.24889384128958764
compatible_complete_mesh,spectral,19,1.0098628560153724,-0.2488329371867731
compatible_complete_mesh,spectral,20,1.0098480775301222,-0.24877212196031026
compatible_complete_mesh,spectral,21,1.0098325490756395,-0.24871140024151409
compatible_complete_mesh,spectral,22,1.0098162718344765,-0.24865077665457852
compatible_complete_mesh,spectral,23,1.0097992470462083,-0.24859025581622446
compatible_complete_mesh,spectral,24,1.009781476007338,-0.24852984233534803
compatible_complete_mesh,spectral,25,1.0097629600711993,-0.2484695408126697
compatible_complete_mesh,spectral,26,1.0097437006478525,-0.2484093558403839
compatible_complete_mesh,spectral,27,1.0097236992039769,-0.24834929200180927
compatible_complete_mesh,spectral,28,1.00970295726276,-0.2482893538710397
compatible_complete_mesh,spectral,29,1.0096814764037811,-0.24822954601259589
compatible_complete_mesh,spectral,30,1.0096592582628907,-0.24816987298107782
compatible_complete_mesh,spectral,31,1.0096363045320862,-0.24811033932081783
compatible_complete_mesh,spectral,32,1.0096126169593831,-0.2480509495655347
compatible_complete_mesh,spectral,33,1.009588197348682,-0.24799170823798822
compatible_complete_mesh,spectral,34,1.0095630475596304,-0.24793261984963483
compatible_complete_mesh,spectral,35,1.0095371695074822,-0.24787368890028405
compatible_complete_mesh,spectral,36,1.0095105651629515,-0.24781491987775589
compatible_complete_mesh,spectral,37,1.0094832365520621,-0.24775631725753891
compatible_complete_mesh,spectral,38,1.0094551857559932,-0.24769788550244956
compatible_complete_mesh,spectral,39,1.0094264149109218,-0.24763962906229217
compatible_complete_mesh,spectral,40,1.009396926207859,-0.24758155237352025
compatible_complete_mesh,spectral,41,1.009366721892484,-0.24752365985889849
compatible_complete_mesh,spectral,42,1.009335804264972,-0.247465955927166
compatible_complete_mesh,spectral,43,1.0093041756798202,-0.24740844497270062
compatible_complete_mesh,spectral,44,1.0092718385456678,-0.24735113137518416
compatible_complete_mesh,spectral,45,1.009238795325113,-0.24729401949926902
compatible_complete_mesh,spectral,46,1.0092050485345243,-0.24723711369424561
compatible_complete_mesh,spectral,47,1.0091706007438512,-0.24718041829371137
compatible_complete_mesh,spectral,48,1.0091354545764259,-0.24712393761524049
compatible_complete_mesh,spectral,49,1.0090996127087655,-0.24706767596005536
compatible_complete_mesh,spectral,50,1.0090630778703664,-0.24701163761269881
compatible_complete_mesh,spectral,51,1.0090258528434985,-0.24695582684070796
compatible_complete_mesh,spectral,52,1.0089879404629916,-0.24690024789428919
compatible_complete_mesh,spectral,53,1.0089493436160202,-0.24684490500599446
compatible_complete_mesh,spectral,54,1.0089100652418836,-0.24678980239039897
compatible_complete_mesh,spectral,55,1.0088701083317821,-0.24673494424378023
compatible_complete_mesh,spectral,56,1.0088294759285892,-0.2466803347437985
compatible_complete_mesh,spectral,57,1.0087881711266196,-0.24662597804917866
compatible_complete_mesh,spectral,58,1.008746197071394,-0.24657187829939339
compatible_complete_mesh,spectral,59,1.008703556959399,-0.24651803961434818
compatible_complete_mesh,spectral,60,1.0086602540378444,-0.24646446609406727
compatible_complete_mesh,spectral,61,1.0086162916044152,-0.24641116181838166
compatible_complete_mesh,spectral,62,1.0085716730070211,-0.24635813084661837
compatible_complete_mesh,spectral,63,1.0085264016435409,-0.24630537721729115
compatible_complete_mesh,spectral,64,1.0084804809615642,-0.24625290494779314
compatible_complete_mesh,spectral,65,1.0084339144581289,-0.24620071803409085
compatible_complete_mesh,spectral,66,1.0083867056794542,-0.24614882045041978
compatible_complete_mesh,spectral,67,1.0083388582206716,-0.24609721614898183
compatible_complete_mesh,spectral,68,1.0082903757255504,-0.24604590905964441
compatible_complete_mesh,spectral,69,1.0082412618862202,-0.24599490308964098
compatible_complete_mesh,spectral,70,1.00819152044289,-0.24594420212327361
compatible_complete_mesh,spectral,71,1.0081411551835633,-0.24589381002161723
compatible_complete_mesh,spectral,72,1.0080901699437494,-0.24584373062222548
compatible_complete_mesh,spectral,73,1.0080385686061721,-0.24579396773883846
compatible_complete_mesh,spectral,74,1.0079863551004729,-0.24574452516109246
compatible_complete_mesh,spectral,75,1.0079335334029123,-0.2456954066542312
compatible_complete_mesh,spectral,76,1.0078801075360673,-0.24564661595881912
compatible_complete_mesh,spectral,77,1.007826081568524,-0.2455981567904566
compatible_complete_mesh,spectral,78,1.0077714596145697,-0.24555003283949689
compatible_complete_mesh,spectral,79,1.0077162458338771,-0.24550224777076524
compatible_complete_mesh,spectral,80,1.0076604444311899,-0.24545480522327956
compatible_complete_mesh,spectral,81,1.0076040596560003,-0.24540770880997359
compatible_complete_mesh,spectral,82,1.0075470958022277,-0.2453609621174215
compatible_complete_mesh,spectral,83,1.0074895572078901,-0.24531456870556495
compatible_complete_mesh,spectral,84,1.0074314482547739,-0.24526853210744184
compatible_complete_mesh,spectral,85,1.0073727733681013,-0.2452228558289174
compatible_complete_mesh,spectral,86,1.0073135370161916,-0.24517754334841702
compatible_complete_mesh,spectral,87,1.0072537437101228,-0.24513259811666158
compatible_complete_mesh,spectral,88,1.0071933980033865,-0.24508802355640447
compatible_complete_mesh,spectral,89,1.0071325044915418,-0.24504382306217101
compatible_complete_mesh,spectral,90,1.0070710678118655,-0.245
compatible_complete_mesh,spectral,91,1.0070090926429984,-0.24495655770718727
compatible_complete_mesh,spectral,92,1.0069465837045899,-0.24491349949203162
compatible_complete_mesh,spectral,93,1.0068835457569376,-0.24487082863358284
compatible_complete_mesh,spectral,94,1.0068199836006251,-0.24482854838139201
compatible_complete_mesh,spectral,95,1.0067559020761565,-0.24478666195526402
compatible_complete_mesh,spectral,96,1.0066913060635885,-0.24474517254501241
compatible_complete_mesh,spectral,97,1.0066262004821573,-0.24470408331021637
compatible_complete_mesh,spectral,98,1.0065605902899051,-0.24466339737998025
compatible_complete_mesh,spectral,99,1.0064944804833018,-0.24462311785269514
compatible_complete_mesh,spectral,100,1.0064278760968655,-0.24458324779580298
compatible_complete_mesh,spectral,101,1.0063607822027776,-0.244543790245563
compatible_complete_mesh,spectral,102,1.0062932039104984,-0.24450474820682036
compatible_complete_mesh,spectral,103,1.0062251463663763,-0.24446612465277753
compatible_complete_mesh,spectral,104,1.0061566147532566,-0.24442792252476764
compatible_complete_mesh,spectral,105,1.0060876142900872,-0.24439014473203069
compatible_complete_mesh,spectral,106,1.0060181502315204,-0.24435279415149183
compatible_complete_mesh,spectral,107,1.0059482278675134,-0.24431587362754237
compatible_complete_mesh,spectral,108,1.0058778525229248,-0.24427938597182317
compatible_complete_mesh,spectral,109,1.0058070295571093,-0.24424333396301046
compatible_complete_mesh,spectral,110,1.0057357643635105,-0.24420772034660432
compatible_complete_mesh,spectral,111,1.0056640623692483,-0.24417254783471948
compatible_complete_mesh,spectral,112,1.0055919290347075,-0.24413781910587895
compatible_complete_mesh,spectral,113,1.0055193698531206,-0.24410353680480987
compatible_complete_mesh,spectral,114,1.0054463903501503,-0.24406970354224217
compatible_complete_mesh,spectral,115,1.0053729960834683,-0.24403632189470981
compatible_complete_mesh,spectral,116,1.005299192642332,-0.24400339440435451
compatible_complete_mesh,spectral,117,1.0052249856471596,-0.2439709235787321
compatible_complete_mesh,spectral,118,1.0051503807491005,-0.24393891189062167
compatible_complete_mesh,spectral,119,1.0050753836296071,-0.24390736177783726
compatible_complete_mesh,spectral,120,1.0049999999999999,-0.24387627564304207
compatible_complete_mesh,spectral,121,1.0049242356010346,-0.2438456558535656
compatible_complete_mesh,spectral,122,1.0048480962024633,-0.2438155047412234
compatible_complete_mesh,spectral,123,1.004771587602596,-0.24378582460213943
compatible_complete_mesh,spectral,124,1.0046947156278589,-0.24375661769657114
compatible_complete_mesh,spectral,125,1.0046174861323502,-0.24372788624873751
compatible_complete_mesh,spectral,126,1.0045399049973955,-0.24369963244664949
compatible_complete_mesh,spectral,127,1.0044619781310982,-0.24367185844194356
compatible_complete_mesh,spectral,128,1.0043837114678908,-0.24364456634971762
compatible_complete_mesh,spectral,129,1.0043051109680829,-0.24361775824837026
compatible_complete_mesh,spectral,130,1.004226182617407,-0.24359143617944212
compatible_complete_mesh,spectral,131,1.0041469324265624,-0.24356560214746067
compatible_complete_mesh,spectral,132,1.004067366430758,-0.24354025811978749
compatible_complete_mesh,spectral,133,1.0039874906892525,-0.2435154060264684
compatible_complete_mesh,spectral,134,1.0039073112848926,-0.24349104776008651
compatible_complete_mesh,spectral,135,1.0038268343236509,-0.24346718517561811
compatible_complete_mesh,spectral,136,1.003746065934159,-0.24344382009029142
compatible_complete_mesh,spectral,137,1.003665012267243,-0.24342095428344815
compatible_complete_mesh,spectral,138,1.0035836794954529,-0.243398589496408
compatible_complete_mesh,spectral,139,1.0035020738125946,-0.2433767274323361
compatible_complete_mesh,spectral,140,1.0034202014332567,-0.24335536975611324
compatible_complete_mesh,spectral,141,1.0033380685923377,-0.24333451809420922
compatible_complete_mesh,spectral,142,1.0032556815445717,-0.24331417403455877
compatible_complete_mesh,spectral,143,1.0031730465640509,-0.24329433912644083
compatible_complete_mesh,spectral,144,1.0030901699437496,-0.24327501488036044
compatible_complete_mesh,spectral,145,1.0030070579950428,-0.24325620276793372
compatible_complete_mesh,spectral,146,1.0029237170472274,-0.24323790422177591
compatible_complete_mesh,spectral,147,1.0028401534470393,-0.24322012063539214
compatible_complete_mesh,spectral,148,1.0027563735581699,-0.24320285336307135
compatible_complete_mesh,spectral,149,1.0026723837607825,-0.24318610371978316
compatible_complete_mesh,spectral,150,1.0025881904510252,-0.24316987298107781
compatible_complete_mesh,spectral,151,1.0025038000405444,-0.24315416238298884
compatible_complete_mesh,spectral,152,1.0024192189559966,-0.24313897312193916
compatible_complete_mesh,spectral,153,1.002334453638559,-0.24312430635464979
compatible_complete_mesh,spectral,154,1.0022495105434386,-0.24311016319805184
compatible_complete_mesh,spectral,155,1.0021643961393811,-0.24309654472920145
compatible_complete_mesh,spectral,156,1.0020791169081775,-0.24308345198519773
compatible_complete_mesh,spectral,157,1.0019936793441719,-0.24307088596310386
compatible_complete_mesh,spectral,158,1.0019080899537653,-0.24305884761987107
compatible_complete_mesh,spectral,159,1.0018223552549215,-0.24304733787226576
compatible_complete_mesh,spectral,160,1.0017364817766694,-0.24303635759679981
compatible_complete_mesh,spectral,161,1.0016504760586067,-0.2430259076296637
compatible_complete_mesh,spectral,162,1.0015643446504023,-0.24301598876666289
compatible_complete_mesh,spectral,163,1.0014780941112962,-0.24300660176315719
compatible_complete_mesh,spectral,164,1.0013917310096005,-0.24299774733400328
compatible_complete_mesh,spectral,165,1.0013052619222005,-0.24298942615350022
compatible_complete_mesh,spectral,166,1.0012186934340515,-0.24298163885533811
compatible_complete_mesh,spectral,167,1.0011320321376791,-0.24297438603254984
compatible_complete_mesh,spectral,168,1.0010452846326765,-0.24296766823746596
compatible_complete_mesh,spectral,169,1.0009584575252022,-0.24296148598167258
compatible_complete_mesh,spectral,170,1.0008715574274767,-0.2429558397359724
compatible_complete_mesh,spectral,171,1.0007845909572783,-0.24295072993034894
compatible_complete_mesh,spectral,172,1.0006975647374412,-0.2429461569539336
compatible_complete_mesh,spectral,173,1.0006104853953486,-0.24294212115497629
compatible_complete_mesh,spectral,174,1.0005233595624294,-0.24293862284081874
compatible_complete_mesh,spectral,175,1.0004361938736535,-0.24293566227787108
compatible_complete_mesh,spectral,176,1.000348994967025,-0.24293323969159167
compatible_complete_mesh,spectral,177,1.0002617694830787,-0.24293135526646981
compatible_complete_mesh,spectral,178,1.0001745240643729,-0.24293000914601176
compatible_complete_mesh,spectral,179,1.0000872653549837,-0.24292920143272984
compatible_complete_mesh,spectral,180,1,-0.24292893218813452
compatible_complete_mesh,spectral,181,0.99991273464501629,-0.24292920143272984
compatible_complete_mesh,spectral,182,0.99982547593562721,-0.24293000914601176
compatible_complete_mesh,spectral,183,0.99973823051692123,-0.24293135526646981
compatible_complete_mesh,spectral,184,0.99965100503297499,-0.24293323969159167
compatible_complete_mesh,spectral,185,0.99956380612634665,-0.24293566227787108
compatible_complete_mesh,spectral,186,0.99947664043757056,-0.24293862284081874
compatible_complete_mesh,spectral,187,0.99938951460465142,-0.24294212115497629
compatible_complete_mesh,spectral,188,0.9993024352625588,-0.2429461569539336
compatible_complete_mesh,spectral,189,0.99921540904272155,-0.24295072993034894
compatible_complete_mesh,spectral,190,0.99912844257252342,-0.2429558397359724
compatible_complete_mesh,spectral,191,0.99904154247479771,-0.24296148598167258
compatible_complete_mesh,spectral,192,0.9989547153673235,-0.24296766823746596
compatible_complete_mesh,spectral,193,0.9988679678623209,-0.24297438603254984
compatible_complete_mesh,spectral,194,0.99878130656594855,-0.24298163885533811
compatible_complete_mesh,spectral,195,0.99869473807779952,-0.24298942615350022
compatible_complete_mesh,spectral,196,0.99860826899039934,-0.24299774733400328
compatible_complete_mesh,spectral,197,0.99852190588870393,-0.24300660176315719
compatible_complete_mesh,spectral,198,0.99843565534959766,-0.24301598876666289
compatible_complete_mesh,spectral,199,0.9983495239413932,-0.2430259076296637
compatible_complete_mesh,spectral,200,0.9982635182233307,-0.24303635759679981
compatible_complete_mesh,spectral,201,0.99817764474507853,-0.24304733787226576
compatible_complete_mesh,spectral,202,0.99809191004623454,-0.24305884761987107
compatible_complete_mesh,spectral,203,0.99800632065582806,-0.24307088596310386
compatible_complete_mesh,spectral,204,0.99792088309182236,-0.24308345198519773
compatible_complete_mesh,spectral,205,0.99783560386061898,-0.24309654472920145
compatible_complete_mesh,spectral,206,0.99775048945656131,-0.24311016319805184
compatible_complete_mesh,spectral,207,0.99766554636144089,-0.24312430635464979
compatible_complete_mesh,spectral,208,0.99758078104400327,-0.24313897312193916
compatible_complete_mesh,spectral,209,0.9974961999594556,-0.24315416238298884
compatible_complete_mesh,spectral,210,0.99741180954897479,-0.24316987298107781
compatible_complete_mesh,spectral,211,0.9973276162392174,-0.24318610371978316
compatible_complete_mesh,spectral,212,0.99724362644182996,-0.24320285336307135
compatible_complete_mesh,spectral,213,0.99715984655296075,-0.24322012063539214
compatible_complete_mesh,spectral,214,0.99707628295277262,-0.24323790422177591
compatible_complete_mesh,spectral,215,0.99699294200495725,-0.24325620276793372
compatible_complete_mesh,spectral,216,0.99690983005625056,-0.24327501488036044
compatible_complete_mesh,spectral,217,0.99682695343594907,-0.24329433912644083
compatible_complete_mesh,spectral,218,0.99674431845542844,-0.24331417403455877
compatible_complete_mesh,spectral,219,0.99666193140766224,-0.24333451809420922
compatible_complete_mesh,spectral,220,0.99657979856674328,-0.24335536975611324
compatible_complete_mesh,spectral,221,0.99649792618740529,-0.2433767274323361
compatible_complete_mesh,spectral,222,0.99641632050454698,-0.243398589496408
compatible_complete_mesh,spectral,223,0.99633498773275708,-0.24342095428344815
compatible_complete_mesh,spectral,224,0.99625393406584084,-0.24344382009029142
compatible_complete_mesh,spectral,225,0.99617316567634906,-0.24346718517561811
compatible_complete_mesh,spectral,226,0.99609268871510726,-0.24349104776008651
compatible_complete_mesh,spectral,227,0.99601250931074758,-0.2435154060264684
compatible_complete_mesh,spectral,228,0.995932633569242,-0.24354025811978749
compatible_complete_mesh,spectral,229,0.99585306757343761,-0.24356560214746067
compatible_complete_mesh,spectral,230,0.99577381738259296,-0.24359143617944212
compatible_complete_mesh,spectral,231,0.99569488903191705,-0.24361775824837026
compatible_complete_mesh,spectral,232,0.99561628853210926,-0.24364456634971762
compatible_complete_mesh,spectral,233,0.99553802186890195,-0.24367185844194356
compatible_complete_mesh,spectral,234,0.99546009500260457,-0.24369963244664949
compatible_complete_mesh,spectral,235,0.99538251386764964,-0.24372788624873751
compatible_complete_mesh,spectral,236,0.99530528437214105,-0.24375661769657114
compatible_complete_mesh,spectral,237,0.99522841239740389,-0.24378582460213943
compatible_complete_mesh,spectral,238,0.9951519037975366,-0.2438155047412234
compatible_complete_mesh,spectral,239,0.99507576439896528,-0.2438456558535656
compatible_complete_mesh,spectral,240,0.995,-0.24387627564304207
compatible_complete_mesh,spectral,241,0.99492461637039298,-0.24390736177783726
compatible_complete_mesh,spectral,242,0.99484961925089943,-0.24393891189062167
compatible_complete_mesh,spectral,243,0.99477501435284055,-0.2439709235787321
compatible_complete_mesh,spectral,244,0.99470080735766797,-0.24400339440435451
compatible_complete_mesh,spectral,245,0.9946270039165318,-0.24403632189470981
compatible_complete_mesh,spectral,246,0.99455360964984973,-0.24406970354224217
compatible_complete_mesh,spectral,247,0.99448063014687937,-0.24410353680480987
compatible_complete_mesh,spectral,248,0.99440807096529249,-0.24413781910587895
compatible_complete_mesh,spectral,249,0.99433593763075168,-0.24417254783471948
compatible_complete_mesh,spectral,250,0.99426423563648958,-0.24420772034660432
compatible_complete_mesh,spectral,251,0.99419297044289057,-0.24424333396301046
compatible_complete_mesh,spectral,252,0.99412214747707528,-0.24427938597182317
compatible_complete_mesh,spectral,253,0.99405177213248663,-0.24431587362754237
compatible_complete_mesh,spectral,254,0.99398184976847948,-0.24435279415149183
compatible_complete_mesh,spectral,255,0.9939123857099128,-0.24439014473203069
compatible_complete_mesh,spectral,256,0.99384338524674343,-0.24442792252476764
compatible_complete_mesh,spectral,257,0.99377485363362383,-0.24446612465277753
compatible_complete_mesh,spectral,258,0.99370679608950163,-0.24450474820682036
compatible_complete_mesh,spectral,259,0.99363921779722231,-0.244543790245563
compatible_complete_mesh,spectral,260,0.99357212390313465,-0.24458324779580298
compatible_complete_mesh,spectral,261,0.99350551951669819,-0.24462311785269514
compatible_complete_mesh,spectral,262,0.99343940971009492,-0.24466339737998025
compatible_complete_mesh,spectral,263,0.99337379951784266,-0.24470408331021637
compatible_complete_mesh,spectral,264,0.99330869393641141,-0.24474517254501241
compatible_complete_mesh,spectral,265,0.99324409792384338,-0.24478666195526402
compatible_complete_mesh,spectral,266,0.99318001639937503,-0.24482854838139201
compatible_complete_mesh,spectral,267,0.9931164542430625,-0.24487082863358284
compatible_complete_mesh,spectral,268,0.99305341629541,-0.24491349949203162
compatible_complete_mesh,spectral,269,0.99299090735700146,-0.24495655770718727
compatible_complete_mesh,spectral,270,0.99292893218813449,-0.245
compatible_complete_mesh,spectral,271,0.99286749550845821,-0.24504382306217101
compatible_complete_mesh,spectral,272,0.99280660199661352,-0.24508802355640447
compatible_complete_mesh,spectral,273,0.99274625628987712,-0.24513259811666158
compatible_complete_mesh,spectral,274,0.99268646298380825,-0.24517754334841702
compatible_complete_mesh,spectral,275,0.99262722663189873,-0.2452228558289174
compatible_complete_mesh,spectral,276,0.99256855174522607,-0.24526853210744184
compatible_complete_mesh,spectral,277,0.99251044279210998,-0.24531456870556495
compatible_complete_mesh,spectral,278,0.99245290419777232,-0.2453609621174215
compatible_complete_mesh,spectral,279,0.99239594034399969,-0.24540770880997359
compatible_complete_mesh,spectral,280,0.99233955556881026,-0.24545480522327956
compatible_complete_mesh,spectral,281,0.9922837541661228,-0.24550224777076524
compatible_complete_mesh,spectral,282,0.99222854038543029,-0.24555003283949689
compatible_complete_mesh,spectral,283,0.99217391843147584,-0.2455981567904566
compatible_complete_mesh,spectral,284,0.99211989246393273,-0.24564661595881912
compatible_complete_mesh,spectral,285,0.99206646659708764,-0.2456954066542312
compatible_complete_mesh,spectral,286,0.99201364489952704,-0.24574452516109246
compatible_complete_mesh,spectral,287,0.99196143139382786,-0.24579396773883846
compatible_complete_mesh,spectral,288,0.99190983005625055,-0.24584373062222548
compatible_complete_mesh,spectral,289,0.99185884481643682,-0.24589381002161723
compatible_complete_mesh,spectral,290,0.99180847955711005,-0.24594420212327361
compatible_complete_mesh,spectral,291,0.99175873811377979,-0.24599490308964098
compatible_complete_mesh,spectral,292,0.99170962427444953,-0.24604590905964441
compatible_complete_mesh,spectral,293,0.99166114177932829,-0.24609721614898183
compatible_complete_mesh,spectral,294,0.99161329432054579,-0.24614882045041978
compatible_complete_mesh,spectral,295,0.99156608554187109,-0.24620071803409085
compatible_complete_mesh,spectral,296,0.99151951903843571,-0.24625290494779314
compatible_complete_mesh,spectral,297,0.9914735983564591,-0.24630537721729115
compatible_complete_mesh,spectral,298,0.99142832699297889,-0.24635813084661837
compatible_complete_mesh,spectral,299,0.99138370839558476,-0.24641116181838166
compatible_complete_mesh,spectral,300,0.99133974596215557,-0.24646446609406727
compatible_complete_mesh,spectral,301,0.99129644304060105,-0.24651803961434818
compatible_complete_mesh,spectral,302,0.99125380292860599,-0.24657187829939339
compatible_complete_mesh,spectral,303,0.99121182887338033,-0.24662597804917866
compatible_complete_mesh,spectral,304,0.99117052407141071,-0.2466803347437985
compatible_complete_mesh,spectral,305,0.99112989166821774,-0.24673494424378023
compatible_complete_mesh,spectral,306,0.99108993475811635,-0.24678980239039897
compatible_complete_mesh,spectral,307,0.99105065638397971,-0.24684490500599446
compatible_complete_mesh,spectral,308,0.99101205953700833,-0.24690024789428919
compatible_complete_mesh,spectral,309,0.99097414715650134,-0.24695582684070796
compatible_complete_mesh,spectral,310,0.99093692212963347,-0.24701163761269881
compatible_complete_mesh,spectral,311,0.99090038729123453,-0.24706767596005536
compatible_complete_mesh,spectral,312,0.99086454542357394,-0.24712393761524049
compatible_complete_mesh,spectral,313,0.99082939925614877,-0.24718041829371137
compatible_complete_mesh,spectral,314,0.99079495146547558,-0.24723711369424561
compatible_complete_mesh,spectral,315,0.99076120467488715,-0.24729401949926902
compatible_complete_mesh,spectral,316,0.99072816145433218,-0.24735113137518416
compatible_complete_mesh,spectral,317,0.99069582432017977,-0.24740844497270062
compatible_complete_mesh,spectral,318,0.99066419573502795,-0.247465955927166
compatible_complete_mesh,spectral,319,0.990633278107516,-0.24752365985889849
compatible_complete_mesh,spectral,320,0.99060307379214096,-0.24758155237352025
compatible_complete_mesh,spectral,321,0.99057358508907822,-0.24763962906229217
compatible_complete_mesh,spectral,322,0.99054481424400687,-0.24769788550244956
compatible_complete_mesh,spectral,323,0.99051676344793804,-0.24775631725753891
compatible_complete_mesh,spectral,324,0.99048943483704843,-0.24781491987775589
compatible_complete_mesh,spectral,325,0.99046283049251771,-0.24787368890028405
compatible_complete_mesh,spectral,326,0.99043695244036967,-0.24793261984963483
compatible_complete_mesh,spectral,327,0.99041180265131812,-0.24799170823798822
compatible_complete_mesh,spectral,328,0.9903873830406168,-0.2480509495655347
compatible_complete_mesh,spectral,329,0.99036369546791381,-0.24811033932081783
compatible_complete_mesh,spectral,330,0.99034074173710929,-0.24816987298107782
compatible_complete_mesh,spectral,331,0.99031852359621897,-0.24822954601259589
compatible_complete_mesh,spectral,332,0.99029704273724006,-0.2482893538710397
compatible_complete_mesh,spectral,333,0.99027630079602325,-0.24834929200180927
compatible_complete_mesh,spectral,334,0.99025629935214765,-0.2484093558403839
compatible_complete_mesh,spectral,335,0.99023703992880063,-0.2484695408126697
compatible_complete_mesh,spectral,336,0.99021852399266197,-0.24852984233534803
compatible_complete_mesh,spectral,337,0.99020075295379173,-0.24859025581622446
compatible_complete_mesh,spectral,338,0.99018372816552336,-0.24865077665457852
compatible_complete_mesh,spectral,339,0.99016745092436043,-0.24871140024151409
compatible_complete_mesh,spectral,340,0.99015192246987793,-0.24877212196031026
compatible_complete_mesh,spectral,341,0.99013714398462771,-0.2488329371867731
compatible_complete_mesh,spectral,342,0.99012311659404861,-0.24889384128958764
compatible_complete_mesh,spectral,343,0.99010984136638081,-0.24895482963067062
compatible_complete_mesh,spectral,344,0.99009731931258427,-0.24901589756552378
compatible_complete_mesh,spectral,345,0.99008555138626186,-0.24907704044358742
compatible_complete_mesh,spectral,346,0.99007453848358673,-0.24913825360859468
compatible_complete_mesh,spectral,347,0.99006428144323411,-0.24919953239892603
compatible_complete_mesh,spectral,348,0.99005478104631728,-0.24926087214796433
compatible_complete_mesh,spectral,349,0.99004603801632818,-0.24932226818445022
compatible_complete_mesh,spectral,350,0.99003805301908254,-0.2493837158328378
compatible_complete_mesh,spectral,351,0.99003082666266873,-0.24944521041365075
compatible_complete_mesh,spectral,352,0.99002435949740175,-0.24950674724383867
compatible_complete_mesh,spectral,353,0.99001865201578132,-0.24956832163713369
compatible_complete_mesh,spectral,354,0.99001370465245431,-0.24962992890440733
compatible_complete_mesh,spectral,355,0.99000951778418145,-0.24969156435402767
compatible_complete_mesh,spectral,356,0.99000609172980902,-0.24975322329221664
compatible_complete_mesh,spectral,357,0.99000342675024444,-0.24981490102340734
compatible_complete_mesh,spectral,358,0.99000152304843614,-0.24987659285060174
compatible_complete_mesh,spectral,359,0.99000038076935826,-0.24993829407572835
compatible_complete_mesh,spectral,360,0.98999999999999999,-0.25
compatible_complete_mesh,spectral,361,0.99000038076935826,-0.25006170592427163
compatible_complete_mesh,spectral,362,0.99000152304843614,-0.25012340714939829
compatible_complete_mesh,spectral,363,0.99000342675024444,-0.25018509897659269
compatible_complete_mesh,spectral,364,0.99000609172980902,-0.25024677670778334
compatible_complete_mesh,spectral,365,0.99000951778418145,-0.25030843564597233
compatible_complete_mesh,spectral,366,0.99001370465245431,-0.25037007109559267
compatible_complete_mesh,spectral,367,0.99001865201578132,-0.25043167836286634
compatible_complete_mesh,spectral,368,0.99002435949740175,-0.2504932527561613
compatible_complete_mesh,spectral,369,0.99003082666266873,-0.25055478958634925
compatible_complete_mesh,spectral,370,0.99003805301908254,-0.2506162841671622
compatible_complete_mesh,spectral,371,0.99004603801632818,-0.25067773181554975
compatible_complete_mesh,spectral,372,0.99005478104631728,-0.25073912785203567
compatible_complete_mesh,spectral,373,0.99006428144323411,-0.250800467601074
compatible_complete_mesh,spectral,374,0.99007453848358673,-0.25086174639140529
compatible_complete_mesh,spectral,375,0.99008555138626186,-0.25092295955641258
compatible_complete_mesh,spectral,376,0.99009731931258427,-0.25098410243447622
compatible_complete_mesh,spectral,377,0.99010984136638081,-0.25104517036932938
compatible_complete_mesh,spectral,378,0.99012311659404861,-0.25110615871041236
compatible_complete_mesh,spectral,379,0.99013714398462771,-0.25116706281322687
compatible_complete_mesh,spectral,380,0.99015192246987793,-0.25122787803968971
compatible_complete_mesh,spectral,381,0.99016745092436043,-0.25128859975848594
compatible_complete_mesh,spectral,382,0.99018372816552336,-0.25134922334542148
compatible_complete_mesh,spectral,383,0.99020075295379173,-0.25140974418377554
compatible_complete_mesh,spectral,384,0.99021852399266197,-0.25147015766465197
compatible_complete_mesh,spectral,385,0.99023703992880063,-0.2515304591873303
compatible_complete_mesh,spectral,386,0.99025629935214765,-0.25159064415961613
compatible_complete_mesh,spectral,387,0.99027630079602325,-0.25165070799819073
compatible_complete_mesh,spectral,388,0.99029704273724006,-0.25171064612896027
compatible_complete_mesh,spectral,389,0.99031852359621897,-0.25177045398740411
compatible_complete_mesh,spectral,390,0.99034074173710929,-0.25183012701892221
compatible_complete_mesh,spectral,391,0.99036369546791381,-0.25188966067918217
compatible_complete_mesh,spectral,392,0.9903873830406168,-0.2519490504344653
compatible_complete_mesh,spectral,393,0.99041180265131812,-0.25200829176201178
compatible_complete_mesh,spectral,394,0.99043695244036967,-0.25206738015036517
compatible_complete_mesh,spectral,395,0.99046283049251771,-0.25212631109971595
compatible_complete_mesh,spectral,396,0.99048943483704843,-0.25218508012224411
compatible_complete_mesh,spectral,397,0.99051676344793804,-0.25224368274246106
compatible_complete_mesh,spectral,398,0.99054481424400687,-0.25230211449755047
compatible_complete_mesh,spectral,399,0.99057358508907822,-0.2523603709377078
compatible_complete_mesh,spectral,400,0.99060307379214096,-0.25241844762647975
compatible_complete_mesh,spectral,401,0.990633278107516,-0.25247634014110154
compatible_complete_mesh,spectral,402,0.99066419573502795,-0.25253404407283403
compatible_complete_mesh,spectral,403,0.99069582432017977,-0.25259155502729941
compatible_complete_mesh,spectral,404,0.99072816145433218,-0.25264886862481584
compatible_complete_mesh,spectral,405,0.99076120467488715,-0.25270598050073101
compatible_complete_mesh,spectral,406,0.99079495146547558,-0.25276288630575439
compatible_complete_mesh,spectral,407,0.99082939925614877,-0.25281958170628865
compatible_complete_mesh,spectral,408,0.99086454542357394,-0.25287606238475951
compatible_complete_mesh,spectral,409,0.99090038729123453,-0.25293232403994464
compatible_complete_mesh,spectral,410,0.99093692212963347,-0.25298836238730121
compatible_complete_mesh,spectral,411,0.99097414715650145,-0.25304417315929206
compatible_complete_mesh,spectral,412,0.99101205953700833,-0.25309975210571078
compatible_complete_mesh,spectral,413,0.99105065638397971,-0.25315509499400551
compatible_complete_mesh,spectral,414,0.99108993475811635,-0.25321019760960101
compatible_complete_mesh,spectral,415,0.99112989166821774,-0.25326505575621977
compatible_complete_mesh,spectral,416,0.99117052407141071,-0.25331966525620148
compatible_complete_mesh,spectral,417,0.99121182887338033,-0.25337402195082137
compatible_complete_mesh,spectral,418,0.99125380292860599,-0.25342812170060658
compatible_complete_mesh,spectral,419,0.99129644304060105,-0.25348196038565185
compatible_complete_mesh,spectral,420,0.99133974596215557,-0.25353553390593275
compatible_complete_mesh,spectral,421,0.99138370839558476,-0.25358883818161831
compatible_complete_mesh,spectral,422,0.99142832699297889,-0.25364186915338166
compatible_complete_mesh,spectral,423,0.9914735983564591,-0.25369462278270888
compatible_complete_mesh,spectral,424,0.99151951903843571,-0.25374709505220683
compatible_complete_mesh,spectral,425,0.99156608554187109,-0.25379928196590917
compatible_complete_mesh,spectral,426,0.99161329432054579,-0.25385117954958025
compatible_complete_mesh,spectral,427,0.99166114177932829,-0.25390278385101817
compatible_complete_mesh,spectral,428,0.99170962427444953,-0.25395409094035559
compatible_complete_mesh,spectral,429,0.99175873811377979,-0.25400509691035905
compatible_complete_mesh,spectral,430,0.99180847955711005,-0.25405579787672639
compatible_complete_mesh,spectral,431,0.99185884481643682,-0.25410618997838275
compatible_complete_mesh,spectral,432,0.99190983005625055,-0.25415626937777452
compatible_complete_mesh,spectral,433,0.99196143139382786,-0.25420603226116151
compatible_complete_mesh,spectral,434,0.99201364489952704,-0.25425547483890754
compatible_complete_mesh,spectral,435,0.99206646659708764,-0.25430459334576877
compatible_complete_mesh,spectral,436,0.99211989246393273,-0.25435338404118085
compatible_complete_mesh,spectral,437,0.99217391843147584,-0.2544018432095434
compatible_complete_mesh,spectral,438,0.99222854038543029,-0.25444996716050311
compatible_complete_mesh,spectral,439,0.9922837541661228,-0.25449775222923476
compatible_complete_mesh,spectral,440,0.99233955556881026,-0.25454519477672044
compatible_complete_mesh,spectral,441,0.99239594034399969,-0.25459229119002641
compatible_complete_mesh,spectral,442,0.99245290419777232,-0.25463903788257847
compatible_complete_mesh,spectral,443,0.99251044279210998,-0.25468543129443505
compatible_complete_mesh,spectral,444,0.99256855174522607,-0.25473146789255813
compatible_complete_mesh,spectral,445,0.99262722663189873,-0.2547771441710826
compatible_complete_mesh,spectral,446,0.99268646298380825,-0.25482245665158298
compatible_complete_mesh,spectral,447,0.99274625628987712,-0.2548674018833384
compatible_complete_mesh,spectral,448,0.99280660199661352,-0.25491197644359553
compatible_complete_mesh,spectral,449,0.99286749550845821,-0.25495617693782896
compatible_complete_mesh,spectral,450,0.99292893218813449,-0.255
compatible_complete_mesh,spectral,451,0.99299090735700146,-0.25504344229281273
compatible_complete_mesh,spectral,452,0.99305341629541,-0.25508650050796838
compatible_complete_mesh,spectral,453,0.9931164542430625,-0.25512917136641716
compatible_complete_mesh,spectral,454,0.99318001639937503,-0.25517145161860799
compatible_complete_mesh,spectral,455,0.99324409792384338,-0.25521333804473595
compatible_complete_mesh,spectral,456,0.99330869393641141,-0.25525482745498757
compatible_complete_mesh,spectral,457,0.99337379951784266,-0.25529591668978363
compatible_complete_mesh,spectral,458,0.99343940971009492,-0.25533660262001973
compatible_complete_mesh,spectral,459,0.99350551951669819,-0.25537688214730486
compatible_complete_mesh,spectral,460,0.99357212390313465,-0.25541675220419702
compatible_complete_mesh,spectral,461,0.99363921779722231,-0.255456209754437
compatible_complete_mesh,spectral,462,0.99370679608950163,-0.25549525179317961
compatible_complete_mesh,spectral,463,0.99377485363362383,-0.25553387534722249
compatible_complete_mesh,spectral,464,0.99384338524674343,-0.25557207747523236
compatible_complete_mesh,spectral,465,0.9939123857099128,-0.25560985526796931
compatible_complete_mesh,spectral,466,0.99398184976847948,-0.2556472058485082
compatible_complete_mesh,spectral,467,0.99405177213248663,-0.25568412637245763
compatible_complete_mesh,spectral,468,0.99412214747707528,-0.25572061402817686
compatible_complete_mesh,spectral,469,0.99419297044289057,-0.25575666603698954
compatible_complete_mesh,spectral,470,0.99426423563648958,-0.25579227965339568
compatible_complete_mesh,spectral,471,0.99433593763075168,-0.25582745216528052
compatible_complete_mesh,spectral,472,0.99440807096529249,-0.25586218089412105
compatible_complete_mesh,spectral,473,0.99448063014687937,-0.25589646319519016
compatible_complete_mesh,spectral,474,0.99455360964984973,-0.25593029645775783
compatible_complete_mesh,spectral,475,0.9946270039165318,-0.25596367810529019
compatible_complete_mesh,spectral,476,0.99470080735766797,-0.25599660559564552
compatible_complete_mesh,spectral,477,0.99477501435284055,-0.25602907642126793
compatible_complete_mesh,spectral,478,0.99484961925089943,-0.25606108810937833
compatible_complete_mesh,spectral,479,0.99492461637039298,-0.25609263822216277
compatible_complete_mesh,spectral,480,0.995,-0.25612372435695796
compatible_complete_mesh,spectral,481,0.99507576439896528,-0.2561543441464344
compatible_complete_mesh,spectral,482,0.9951519037975366,-0.25618449525877657
compatible_complete_mesh,spectral,483,0.99522841239740389,-0.25621417539786057
compatible_complete_mesh,spectral,484,0.99530528437214105,-0.25624338230342886
compatible_complete_mesh,spectral,485,0.99538251386764964,-0.25627211375126252
compatible_complete_mesh,spectral,486,0.99546009500260457,-0.25630036755335051
compatible_complete_mesh,spectral,487,0.99553802186890195,-0.25632814155805644
compatible_complete_mesh,spectral,488,0.99561628853210926,-0.25635543365028235
compatible_complete_mesh,spectral,489,0.99569488903191705,-0.25638224175162977
compatible_complete_mesh,spectral,490,0.99577381738259296,-0.25640856382055788
compatible_complete_mesh,spectral,491,0.99585306757343761,-0.2564343978525393
compatible_complete_mesh,spectral,492,0.995932633569242,-0.25645974188021253
compatible_complete_mesh,spectral,493,0.99601250931074758,-0.25648459397353163
compatible_complete_mesh,spectral,494,0.99609268871510726,-0.25650895223991349
compatible_complete_mesh,spectral,495,0.99617316567634906,-0.25653281482438189
compatible_complete_mesh,spectral,496,0.99625393406584084,-0.25655617990970858
compatible_complete_mesh,spectral,497,0.99633498773275708,-0.25657904571655188
compatible_complete_mesh,spectral,498,0.99641632050454698,-0.25660141050359203
compatible_complete_mesh,spectral,499,0.99649792618740529,-0.25662327256766393
compatible_complete_mesh,spectral,500,0.99657979856674328,-0.25664463024388673
compatible_complete_mesh,spectral,501,0.99666193140766224,-0.2566654819057908
compatible_complete_mesh,spectral,502,0.99674431845542844,-0.25668582596544121
compatible_complete_mesh,spectral,503,0.99682695343594907,-0.25670566087355917
compatible_complete_mesh,spectral,504,0.99690983005625056,-0.25672498511963959
compatible_complete_mesh,spectral,505,0.99699294200495725,-0.25674379723206631
compatible_complete_mesh,spectral,506,0.99707628295277262,-0.25676209577822406
compatible_complete_mesh,spectral,507,0.99715984655296075,-0.25677987936460789
compatible_complete_mesh,spectral,508,0.99724362644183007,-0.25679714663692865
compatible_complete_mesh,spectral,509,0.9973276162392174,-0.25681389628021684
compatible_complete_mesh,spectral,510,0.99741180954897479,-0.25683012701892222
compatible_complete_mesh,spectral,511,0.9974961999594556,-0.25684583761701113
compatible_complete_mesh,spectral,512,0.99758078104400327,-0.25686102687806084
compatible_complete_mesh,spectral,513,0.997665546361441,-0.25687569364535023
compatible_complete_mesh,spectral,514,0.99775048945656131,-0.25688983680194816
compatible_complete_mesh,spectral,515,0.99783560386061898,-0.25690345527079855
compatible_complete_mesh,spectral,516,0.99792088309182236,-0.25691654801480224
compatible_complete_mesh,spectral,517,0.99800632065582806,-0.25692911403689611
compatible_complete_mesh,spectral,518,0.99809191004623454,-0.25694115238012893
compatible_complete_mesh,spectral,519,0.99817764474507853,-0.25695266212773427
compatible_complete_mesh,spectral,520,0.9982635182233307,-0.25696364240320019
compatible_complete_mesh,spectral,521,0.9983495239413932,-0.2569740923703363
compatible_complete_mesh,spectral,522,0.99843565534959766,-0.25698401123333708
compatible_complete_mesh,spectral,523,0.99852190588870393,-0.25699339823684281
compatible_complete_mesh,spectral,524,0.99860826899039934,-0.25700225266599669
compatible_complete_mesh,spectral,525,0.99869473807779952,-0.25701057384649978
compatible_complete_mesh,spectral,526,0.99878130656594855,-0.25701836114466192
compatible_complete_mesh,spectral,527,0.9988679678623209,-0.25702561396745016
compatible_complete_mesh,spectral,528,0.9989547153673235,-0.25703233176253404
compatible_complete_mesh,spectral,529,0.99904154247479771,-0.25703851401832745
compatible_complete_mesh,spectral,530,0.99912844257252342,-0.2570441602640276
compatible_complete_mesh,spectral,531,0.99921540904272155,-0.25704927006965106
compatible_complete_mesh,spectral,532,0.9993024352625588,-0.25705384304606638
compatible_complete_mesh,spectral,533,0.99938951460465142,-0.25705787884502368
compatible_complete_mesh,spectral,534,0.99947664043757056,-0.25706137715918126
compatible_complete_mesh,spectral,535,0.99956380612634665,-0.25706433772212894
compatible_complete_mesh,spectral,536,0.99965100503297499,-0.25706676030840836
compatible_complete_mesh,spectral,537,0.99973823051692123,-0.25706864473353019
compatible_complete_mesh,spectral,538,0.99982547593562721,-0.25706999085398824
compatible_complete_mesh,spectral,539,0.99991273464501629,-0.25707079856727016
compatible_complete_mesh,spectral,540,1,-0.25707106781186545
compatible_complete_mesh,spectral,541,1.0000872653549837,-0.25707079856727016
compatible_complete_mesh,spectral,542,1.0001745240643729,-0.25706999085398824
compatible_complete_mesh,spectral,543,1.0002617694830787,-0.25706864473353019
compatible_complete_mesh,spectral,544,1.000348994967025,-0.25706676030840836
compatible_complete_mesh,spectral,545,1.0004361938736535,-0.25706433772212894
compatible_complete_mesh,spectral,546,1.0005233595624294,-0.25706137715918126
compatible_complete_mesh,spectral,547,1.0006104853953486,-0.25705787884502368
compatible_complete_mesh,spectral,548,1.0006975647374412,-0.25705384304606638
compatible_complete_mesh,spectral,549,1.0007845909572783,-0.25704927006965106
compatible_complete_mesh,spectral,550,1.0008715574274767,-0.2570441602640276
compatible_complete_mesh,spectral,551,1.0009584575252022,-0.25703851401832745
compatible_complete_mesh,spectral,552,1.0010452846326765,-0.25703233176253404
compatible_complete_mesh,spectral,553,1.0011320321376791,-0.25702561396745016
compatible_complete_mesh,spectral,554,1.0012186934340515,-0.25701836114466192
compatible_complete_mesh,spectral,555,1.0013052619222005,-0.25701057384649978
compatible_complete_mesh,spectral,556,1.0013917310096005,-0.25700225266599669
compatible_complete_mesh,spectral,557,1.0014780941112962,-0.25699339823684281
compatible_complete_mesh,spectral,558,1.0015643446504023,-0.25698401123333708
compatible_complete_mesh,spectral,559,1.0016504760586067,-0.2569740923703363
compatible_complete_mesh,spectral,560,1.0017364817766694,-0.25696364240320019
compatible_complete_mesh,spectral,561,1.0018223552549215,-0.25695266212773427
compatible_complete_mesh,spectral,562,1.0019080899537653,-0.25694115238012893
compatible_complete_mesh,spectral,563,1.0019936793441719,-0.25692911403689611
compatible_complete_mesh,spectral,564,1.0020791169081775,-0.25691654801480224
compatible_complete_mesh,spectral,565,1.0021643961393811,-0.25690345527079855
compatible_complete_mesh,spectral,566,1.0022495105434386,-0.25688983680194816
compatible_complete_mesh,spectral,567,1.002334453638559,-0.25687569364535018
compatible_complete_mesh,spectral,568,1.0024192189559966,-0.25686102687806084
compatible_complete_mesh,spectral,569,1.0025038000405444,-0.25684583761701113
compatible_complete_mesh,spectral,570,1.0025881904510252,-0.25683012701892222
compatible_complete_mesh,spectral,571,1.0026723837607825,-0.25681389628021684
compatible_complete_mesh,spectral,572,1.0027563735581699,-0.25679714663692865
compatible_complete_mesh,spectral,573,1.0028401534470393,-0.25677987936460789
compatible_complete_mesh,spectral,574,1.0029237170472274,-0.25676209577822406
compatible_complete_mesh,spectral,575,1.0030070579950428,-0.25674379723206625
compatible_complete_mesh,spectral,576,1.0030901699437496,-0.25672498511963959
compatible_complete_mesh,spectral,577,1.0031730465640509,-0.25670566087355917
compatible_complete_mesh,spectral,578,1.0032556815445715,-0.25668582596544121
compatible_complete_mesh,spectral,579,1.0033380685923377,-0.2566654819057908
compatible_complete_mesh,spectral,580,1.0034202014332567,-0.25664463024388673
compatible_complete_mesh,spectral,581,1.0035020738125946,-0.25662327256766393
compatible_complete_mesh,spectral,582,1.0035836794954529,-0.25660141050359203
compatible_complete_mesh,spectral,583,1.003665012267243,-0.25657904571655188
compatible_complete_mesh,spectral,584,1.003746065934159,-0.25655617990970858
compatible_complete_mesh,spectral,585,1.0038268343236509,-0.25653281482438189
compatible_complete_mesh,spectral,586,1.0039073112848926,-0.25650895223991349
compatible_complete_mesh,spectral,587,1.0039874906892525,-0.25648459397353163
compatible_complete_mesh,spectral,588,1.004067366430758,-0.25645974188021253
compatible_complete_mesh,spectral,589,1.0041469324265624,-0.2564343978525393
compatible_complete_mesh,spectral,590,1.004226182617407,-0.25640856382055788
compatible_complete_mesh,spectral,591,1.0043051109680829,-0.25638224175162977
compatible_complete_mesh,spectral,592,1.0043837114678908,-0.25635543365028235
compatible_complete_mesh,spectral,593,1.0044619781310982,-0.25632814155805644
compatible_complete_mesh,spectral,594,1.0045399049973955,-0.25630036755335051
compatible_complete_mesh,spectral,595,1.0046174861323502,-0.25627211375126252
compatible_complete_mesh,spectral,596,1.0046947156278589,-0.25624338230342886
compatible_complete_mesh,spectral,597,1.004771587602596,-0.25621417539786057
compatible_complete_mesh,spectral,598,1.0048480962024633,-0.25618449525877657
compatible_complete_mesh,spectral,599,1.0049242356010346,-0.2561543441464344
compatible_complete_mesh,spectral,600,1.0049999999999999,-0.25612372435695796
compatible_complete_mesh,spectral,601,1.0050753836296071,-0.25609263822216277
compatible_complete_mesh,spectral,602,1.0051503807491005,-0.25606108810937833
compatible_complete_mesh,spectral,603,1.0052249856471596,-0.25602907642126793
compatible_complete_mesh,spectral,604,1.005299192642332,-0.25599660559564552
compatible_complete_mesh,spectral,605,1.0053729960834683,-0.25596367810529019
compatible_complete_mesh,spectral,606,1.0054463903501503,-0.25593029645775783
compatible_complete_mesh,spectral,607,1.0055193698531206,-0.25589646319519016
compatible_complete_mesh,spectral,608,1.0055919290347075,-0.25586218089412105
compatible_complete_mesh,spectral,609,1.0056640623692483,-0.25582745216528052
compatible_complete_mesh,spectral,610,1.0057357643635105,-0.25579227965339568
compatible_complete_mesh,spectral,611,1.0058070295571093,-0.25575666603698954
compatible_complete_mesh,spectral,612,1.0058778525229248,-0.25572061402817686
compatible_complete_mesh,spectral,613,1.0059482278675134,-0.25568412637245763
compatible_complete_mesh,spectral,614,1.0060181502315204,-0.2556472058485082
compatible_complete_mesh,spectral,615,1.0060876142900872,-0.25560985526796931
compatible_complete_mesh,spectral,616,1.0061566147532566,-0.25557207747523236
compatible_complete_mesh,spectral,617,1.0062251463663763,-0.25553387534722249
compatible_complete_mesh,spectral,618,1.0062932039104984,-0.25549525179317961
compatible_complete_mesh,spectral,619,1.0063607822027776,-0.255456209754437
compatible_complete_mesh,spectral,620,1.0064278760968655,-0.25541675220419702
compatible_complete_mesh,spectral,621,1.0064944804833018,-0.25537688214730486
compatible_complete_mesh,spectral,622,1.0065605902899051,-0.25533660262001973
compatible_complete_mesh,spectral,623,1.0066262004821573,-0.25529591668978363
compatible_complete_mesh,spectral,624,1.0066913060635885,-0.25525482745498757
compatible_complete_mesh,spectral,625,1.0067559020761565,-0.25521333804473595
compatible_complete_mesh,spectral,626,1.0068199836006251,-0.25517145161860799
compatible_complete_mesh,spectral,627,1.0068835457569376,-0.25512917136641716
compatible_complete_mesh,spectral,628,1.0069465837045899,-0.25508650050796838
compatible_complete_mesh,spectral,629,1.0070090926429984,-0.25504344229281273
compatible_complete_mesh,spectral,630,1.0070710678118655,-0.255
compatible_complete_mesh,spectral,631,1.0071325044915418,-0.25495617693782896
compatible_complete_mesh,spectral,632,1.0071933980033865,-0.25491197644359553
compatible_complete_mesh,spectral,633,1.0072537437101228,-0.2548674018833384
compatible_complete_mesh,spectral,634,1.0073135370161916,-0.25482245665158298
compatible_complete_mesh,spectral,635,1.0073727733681013,-0.2547771441710826
compatible_complete_mesh,spectral,636,1.0074314482547739,-0.25473146789255813
compatible_complete_mesh,spectral,637,1.0074895572078901,-0.25468543129443505
compatible_complete_mesh,spectral,638,1.0075470958022277,-0.25463903788257852
compatible_complete_mesh,spectral,639,1.0076040596560003,-0.25459229119002641
compatible_complete_mesh,spectral,640,1.0076604444311899,-0.25454519477672044
compatible_complete_mesh,spectral,641,1.0077162458338771,-0.25449775222923476
compatible_complete_mesh,spectral,642,1.0077714596145697,-0.25444996716050311
compatible_complete_mesh,spectral,643,1.007826081568524,-0.2544018432095434
compatible_complete_mesh,spectral,644,1.0078801075360673,-0.25435338404118085
compatible_complete_mesh,spectral,645,1.0079335334029123,-0.25430459334576877
compatible_complete_mesh,spectral,646,1.0079863551004729,-0.25425547483890754
compatible_complete_mesh,spectral,647,1.0080385686061721,-0.25420603226116151
compatible_complete_mesh,spectral,648,1.0080901699437494,-0.25415626937777452
compatible_complete_mesh,spectral,649,1.0081411551835633,-0.25410618997838275
compatible_complete_mesh,spectral,650,1.00819152044289,-0.25405579787672639
compatible_complete_mesh,spectral,651,1.0082412618862202,-0.25400509691035905
compatible_complete_mesh,spectral,652,1.0082903757255504,-0.25395409094035559
compatible_complete_mesh,spectral,653,1.0083388582206716,-0.25390278385101817
compatible_complete_mesh,spectral,654,1.0083867056794542,-0.25385117954958025
compatible_complete_mesh,spectral,655,1.0084339144581289,-0.25379928196590917
compatible_complete_mesh,spectral,656,1.0084804809615642,-0.25374709505220683
compatible_complete_mesh,spectral,657,1.0085264016435409,-0.25369462278270888
compatible_complete_mesh,spectral,658,1.0085716730070211,-0.25364186915338166
compatible_complete_mesh,spectral,659,1.0086162916044152,-0.25358883818161831
compatible_complete_mesh,spectral,660,1.0086602540378444,-0.25353553390593275
compatible_complete_mesh,spectral,661,1.008703556959399,-0.25348196038565185
compatible_complete_mesh,spectral,662,1.008746197071394,-0.25342812170060658
compatible_complete_mesh,spectral,663,1.0087881711266196,-0.25337402195082137
compatible_complete_mesh,spectral,664,1.0088294759285892,-0.25331966525620148
compatible_complete_mesh,spectral,665,1.0088701083317821,-0.25326505575621977
compatible_complete_mesh,spectral,666,1.0089100652418836,-0.25321019760960101
compatible_complete_mesh,spectral,667,1.0089493436160202,-0.25315509499400551
compatible_complete_mesh,spectral,668,1.0089879404629916,-0.25309975210571078
compatible_complete_mesh,spectral,669,1.0090258528434985,-0.25304417315929206
compatible_complete_mesh,spectral,670,1.0090630778703664,-0.25298836238730121
compatible_complete_mesh,spectral,671,1.0090996127087655,-0.25293232403994464
compatible_complete_mesh,spectral,672,1.0091354545764259,-0.25287606238475951
compatible_complete_mesh,spectral,673,1.0091706007438512,-0.25281958170628865
compatible_complete_mesh,spectral,674,1.0092050485345243,-0.25276288630575439
compatible_complete_mesh,spectral,675,1.009238795325113,-0.25270598050073101
compatible_complete_mesh,spectral,676,1.0092718385456678,-0.25264886862481584
compatible_complete_mesh,spectral,677,1.0093041756798202,-0.25259155502729941
compatible_complete_mesh,spectral,678,1.009335804264972,-0.25253404407283403
compatible_complete_mesh,spectral,679,1.009366721892484,-0.25247634014110154
compatible_complete_mesh,spectral,680,1.009396926207859,-0.25241844762647975
compatible_complete_mesh,spectral,681,1.0094264149109218,-0.25236037093770786
compatible_complete_mesh,spectral,682,1.0094551857559932,-0.25230211449755047
compatible_complete_mesh,spectral,683,1.0094832365520621,-0.25224368274246106
compatible_complete_mesh,spectral,684,1.0095105651629515,-0.25218508012224411
compatible_complete_mesh,spectral,685,1.0095371695074822,-0.25212631109971595
compatible_complete_mesh,spectral,686,1.0095630475596304,-0.25206738015036517
compatible_complete_mesh,spectral,687,1.009588197348682,-0.25200829176201178
compatible_complete_mesh,spectral,688,1.0096126169593831,-0.2519490504344653
compatible_complete_mesh,spectral,689,1.0096363045320862,-0.25188966067918217
compatible_complete_mesh,spectral,690,1.0096592582628907,-0.25183012701892221
compatible_complete_mesh,spectral,691,1.0096814764037811,-0.25177045398740411
compatible_complete_mesh,spectral,692,1.00970295726276,-0.25171064612896027
compatible_complete_mesh,spectral,693,1.0097236992039769,-0.25165070799819073
compatible_complete_mesh,spectral,694,1.0097437006478525,-0.25159064415961613
compatible_complete_mesh,spectral,695,1.0097629600711993,-0.2515304591873303
compatible_complete_mesh,spectral,696,1.009781476007338,-0.25147015766465197
compatible_complete_mesh,spectral,697,1.0097992470462083,-0.25140974418377554
compatible_complete_mesh,spectral,698,1.0098162718344765,-0.25134922334542148
compatible_complete_mesh,spectral,699,1.0098325490756395,-0.25128859975848594
compatible_complete_mesh,spectral,700,1.0098480775301222,-0.25122787803968971
compatible_complete_mesh,spectral,701,1.0098628560153724,-0.25116706281322687
compatible_complete_mesh,spectral,702,1.0098768834059513,-0.25110615871041236
compatible_complete_mesh,spectral,703,1.0098901586336191,-0.25104517036932938
compatible_complete_mesh,spectral,704,1.0099026806874156,-0.25098410243447622
compatible_complete_mesh,spectral,705,1.0099144486137381,-0.25092295955641258
compatible_complete_mesh,spectral,706,1.0099254615164133,-0.25086174639140529
compatible_complete_mesh,spectral,707,1.0099357185567659,-0.250800467601074
compatible_complete_mesh,spectral,708,1.0099452189536828,-0.25073912785203567
compatible_complete_mesh,spectral,709,1.0099539619836717,-0.25067773181554981
compatible_complete_mesh,spectral,710,1.0099619469809173,-0.2506162841671622
compatible_complete_mesh,spectral,711,1.0099691733373313,-0.25055478958634925
compatible_complete_mesh,spectral,712,1.0099756405025981,-0.2504932527561613
compatible_complete_mesh,spectral,713,1.0099813479842186,-0.25043167836286634
compatible_complete_mesh,spectral,714,1.0099862953475458,-0.25037007109559267
compatible_complete_mesh,spectral,715,1.0099904822158186,-0.25030843564597233
compatible_complete_mesh,spectral,716,1.009993908270191,-0.25024677670778334
compatible_complete_mesh,spectral,717,1.0099965732497556,-0.25018509897659269
compatible_complete_mesh,spectral,718,1.009998476951564,-0.25012340714939829
compatible_complete_mesh,spectral,719,1.0099996192306417,-0.25006170592427163
compatible_complete_mesh,operator,0,1.0107004672795163,-0.25
compatible_complete_mesh,operator,1,1.0107000598385103,-0.24993397177763788
compatible_complete_mesh,operator,2,1.0106988375465209,-0.24986794858358055
compatible_complete_mesh,operator,3,1.0106968004966297,-0.24980193544574983
compatible_complete_mesh,operator,4,1.0106939488439666,-0.24973593739130173
compatible_complete_mesh,operator,5,1.0106902828056956,-0.24966995944624368
compatible_complete_mesh,operator,6,1.0106858026609999,-0.24960400663505158
compatible_complete_mesh,operator,7,1.0106805087510597,-0.24953808398028737
compatible_complete_mesh,operator,8,1.010674401479027,-0.24947219650221644
compatible_complete_mesh,operator,9,1.0106674813099941,-0.24940634921842536
compatible_complete_mesh,operator,10,1.0106597487709583,-0.2493405471434397
compatible_complete_mesh,operator,11,1.0106512044507829,-0.24927479528834223
compatible_complete_mesh,operator,12,1.0106418490001507,-0.24920909866039131
compatible_complete_mesh,operator,13,1.0106316831315156,-0.2491434622626395
compatible_complete_mesh,operator,14,1.0106207076190479,-0.24907789109355261
compatible_complete_mesh,operator,15,1.0106089232985751,-0.24901239014662904
compatible_complete_mesh,operator,16,1.010596331067519,-0.24894696441001948
compatible_complete_mesh,operator,17,1.0105829318848267,-0.2488816188661471
compatible_complete_mesh,operator,18,1.010568726770898,-0.24881635849132805
compatible_complete_mesh,operator,19,1.0105537168075072,-0.24875118825539252
compatible_complete_mesh,operator,20,1.0105379031377211,-0.24868611312130634
compatible_complete_mesh,operator,21,1.010521286965812,-0.24862113804479288
compatible_complete_mesh,operator,22,1.0105038695571655,-0.2485562679739558
compatible_complete_mesh,operator,23,1.0104856522381849,-0.24849150784890212
compatible_complete_mesh,operator,24,1.0104666363961896,-0.24842686260136612
compatible_complete_mesh,operator,25,1.0104468234793094,-0.24836233715433367
compatible_complete_mesh,operator,26,1.0104262149963745,-0.24829793642166742
compatible_complete_mesh,operator,27,1.0104048125168013,-0.24823366530773244
compatible_complete_mesh,operator,28,1.0103826176704709,-0.24816952870702291
compatible_complete_mesh,operator,29,1.0103596321476069,-0.24810553150378931
compatible_complete_mesh,operator,30,1.0103358576986459,-0.24804167857166642
compatible_complete_mesh,operator,31,1.0103112961341043,-0.24797797477330227
compatible_complete_mesh,operator,32,1.0102859493244403,-0.24791442495998769
compatible_complete_mesh,operator,33,1.0102598191999117,-0.24785103397128708
compatible_complete_mesh,operator,34,1.0102329077504284,-0.24778780663466957
compatible_complete_mesh,operator,35,1.0102052170254014,-0.24772474776514172
compatible_complete_mesh,operator,36,1.0101767491335871,-0.24766186216488054
compatible_complete_mesh,operator,37,1.0101475062429253,-0.24759915462286797
compatible_complete_mesh,operator,38,1.0101174905803754,-0.24753662991452613
compatible_complete_mesh,operator,39,1.0100867044317463,-0.24747429280135361
compatible_complete_mesh,operator,40,1.0100551501415225,-0.24741214803056294
compatible_complete_mesh,operator,41,1.0100228301126855,-0.24735020033471902
compatible_complete_mesh,operator,42,1.0099897468065302,-0.24728845443137873
compatible_complete_mesh,operator,43,1.0099559027424789,-0.24722691502273167
compatible_complete_mesh,operator,44,1.0099213004978878,-0.24716558679524206
compatible_complete_mesh,operator,45,1.0098859427078519,-0.24710447441929187
compatible_complete_mesh,operator,46,1.0098498320650038,-0.24704358254882514
compatible_complete_mesh,operator,47,1.0098129713193089,-0.24698291582099355
compatible_complete_mesh,operator,48,1.0097753632778554,-0.24692247885580332
compatible_complete_mesh,operator,49,1.0097370108046415,-0.24686227625576332
compatible_complete_mesh,operator,50,1.0096979168203566,-0.24680231260553462
compatible_complete_mesh,operator,51,1.0096580843021588,-0.24674259247158137
compatible_complete_mesh,operator,52,1.0096175162834484,-0.24668312040182297
compatible_complete_mesh,operator,53,1.0095762158536372,-0.2466239009252878
compatible_complete_mesh,operator,54,1.0095341861579132,-0.24656493855176825
compatible_complete_mesh,operator,55,1.0094914303970002,-0.2465062377714774
compatible_complete_mesh,operator,56,1.0094479518269146,-0.24644780305470687
compatible_complete_mesh,operator,57,1.0094037537587184,-0.24638963885148663
compatible_complete_mesh,operator,58,1.0093588395582653,-0.2463317495912459
compatible_complete_mesh,operator,59,1.0093132126459456,-0.24627413968247605
compatible_complete_mesh,operator,60,1.0092668764964252,-0.24621681351239461
compatible_complete_mesh,operator,61,1.0092198346383816,-0.24615977544661141
compatible_complete_mesh,operator,62,1.0091720906542343,-0.24610302982879598
compatible_complete_mesh,operator,63,1.0091236481798724,-0.24604658098034682
compatible_complete_mesh,operator,64,1.0090745109043779,-0.24599043320006231
compatible_complete_mesh,operator,65,1.0090246825697449,-0.24593459076381324
compatible_complete_mesh,operator,66,1.0089741669705934,-0.24587905792421741
compatible_complete_mesh,operator,67,1.0089229679538823,-0.24582383891031553
compatible_complete_mesh,operator,68,1.0088710894186148,-0.2457689379272493
compatible_complete_mesh,operator,69,1.0088185353155423,-0.24571435915594111
compatible_complete_mesh,operator,70,1.0087653096468632,-0.24566010675277575
compatible_complete_mesh,operator,71,1.0087114164659183,-0.24560618484928373
compatible_complete_mesh,operator,72,1.0086568598768817,-0.24555259755182679
compatible_complete_mesh,operator,73,1.0086016440344492,-0.24549934894128508
compatible_complete_mesh,operator,74,1.008545773143521,-0.24544644307274649
compatible_complete_mesh,operator,75,1.0084892514588815,-0.24539388397519774
compatible_complete_mesh,operator,76,1.0084320832848757,-0.24534167565121753
compatible_complete_mesh,operator,77,1.0083742729750818,-0.24528982207667197
compatible_complete_mesh,operator,78,1.0083158249319786,-0.24523832720041144
compatible_complete_mesh,operator,79,1.0082567436066108,-0.24518719494397015
compatible_complete_mesh,operator,80,1.00819703349825,-0.24513642920126744
compatible_complete_mesh,operator,81,1.0081366991540521,-0.24508603383831112
compatible_complete_mesh,operator,82,1.0080757451687112,-0.2450360126929032
compatible_complete_mesh,operator,83,1.0080141761841093,-0.24498636957434758
compatible_complete_mesh,operator,84,1.0079519968889628,-0.24493710826315993
compatible_complete_mesh,operator,85,1.0078892120184657,-0.24488823251077982
compatible_complete_mesh,operator,86,1.007825826353929,-0.24483974603928504
compatible_complete_mesh,operator,87,1.0077618447224168,-0.2447916525411081
compatible_complete_mesh,operator,88,1.0076972719963775,-0.24474395567875509
compatible_complete_mesh,operator,89,1.0076321130932746,-0.24469665908452673
compatible_complete_mesh,operator,90,1.0075663729752107,-0.24464976636024183
compatible_complete_mesh,operator,91,1.0075000566485504,-0.24460328107696286
compatible_complete_mesh,operator,92,1.0074331691635388,-0.24455720677472412
compatible_complete_mesh,operator,93,1.0073657156139164,-0.2445115469622621
compatible_complete_mesh,operator,94,1.0072977011365325,-0.24446630511674833
compatible_complete_mesh,operator,95,1.0072291309109531,-0.24442148468352451
compatible_complete_mesh,operator,96,1.0071600101590659,-0.2443770890758401
compatible_complete_mesh,operator,97,1.0070903441446841,-0.24433312167459259
compatible_complete_mesh,operator,98,1.0070201381731443,-0.24428958582806976
compatible_complete_mesh,operator,99,1.006949397590903,-0.24424648485169487
compatible_complete_mesh,operator,100,1.0068781277851293,-0.24420382202777419
compatible_complete_mesh,operator,101,1.0068063341832951,-0.24416160060524689
compatible_complete_mesh,operator,102,1.0067340222527612,-0.24411982379943778
compatible_complete_mesh,operator,103,1.0066611975003608,-0.24407849479181237
compatible_complete_mesh,operator,104,1.0065878654719809,-0.24403761672973462
compatible_complete_mesh,operator,105,1.0065140317521395,-0.24399719272622719
compatible_complete_mesh,operator,106,1.0064397019635598,-0.24395722585973448
compatible_complete_mesh,operator,107,1.0063648817667434,-0.2439177191738881
compatible_complete_mesh,operator,108,1.0062895768595379,-0.24387867567727514
compatible_complete_mesh,operator,109,1.0062137929767034,-0.24384009834320902
compatible_complete_mesh,operator,110,1.006137535889476,-0.2438019901095031
compatible_complete_mesh,operator,111,1.0060608114051282,-0.24376435387824691
compatible_complete_mesh,operator,112,1.0059836253665264,-0.24372719251558519
compatible_complete_mesh,operator,113,1.0059059836516866,-0.24369050885149957
compatible_complete_mesh,operator,114,1.0058278921733257,-0.24365430567959306
compatible_complete_mesh,operator,115,1.0057493568784122,-0.24361858575687745
compatible_complete_mesh,operator,116,1.0056703837477128,-0.24358335180356305
compatible_complete_mesh,operator,117,1.0055909787953372,-0.24354860650285193
compatible_complete_mesh,operator,118,1.0055111480682801,-0.24351435250073317
compatible_complete_mesh,operator,119,1.0054308976459603,-0.24348059240578168
compatible_complete_mesh,operator,120,1.0053502336397582,-0.24344732878895942
compatible_complete_mesh,operator,121,1.00526916219255,-0.24341456418341959
compatible_complete_mesh,operator,122,1.0051876894782408,-0.24338230108431372
compatible_complete_mesh,operator,123,1.0051058217012925,-0.24335054194860173
compatible_complete_mesh,operator,124,1.0050235650962538,-0.24331928919486481
compatible_complete_mesh,operator,125,1.0049409259272835,-0.2432885452031211
compatible_complete_mesh,operator,126,1.0048579104876743,-0.24325831231464465
compatible_complete_mesh,operator,127,1.0047745250993732,-0.24322859283178694
compatible_complete_mesh,operator,128,1.0046907761125006,-0.24319938901780164
compatible_complete_mesh,operator,129,1.0046066699048659,-0.24317070309667227
compatible_complete_mesh,operator,130,1.0045222128814824,-0.2431425372529428
compatible_complete_mesh,operator,131,1.0044374114740797,-0.24311489363155125
compatible_complete_mesh,operator,132,1.0043522721406128,-0.24308777433766646
compatible_complete_mesh,operator,133,1.0042668013647722,-0.24306118143652761
compatible_complete_mesh,operator,134,1.0041810056554881,-0.24303511695328711
compatible_complete_mesh,operator,135,1.0040948915464356,-0.24300958287285623
compatible_complete_mesh,operator,136,1.0040084655955381,-0.2429845811397541
compatible_complete_mesh,operator,137,1.003921734384466,-0.24296011365795947
compatible_complete_mesh,operator,138,1.0038347045181368,-0.24293618229076583
compatible_complete_mesh,operator,139,1.003747382624212,-0.24291278886063941
compatible_complete_mesh,operator,140,1.0036597753525918,-0.24288993514908053
compatible_complete_mesh,operator,141,1.003571889374909,-0.24286762289648775
compatible_complete_mesh,operator,142,1.0034837313840212,-0.24284585380202553
compatible_complete_mesh,operator,143,1.003395308093501,-0.24282462952349471
compatible_complete_mesh,operator,144,1.0033066262371235,-0.24280395167720625
compatible_complete_mesh,operator,145,1.0032176925683562,-0.24278382183785818
compatible_complete_mesh,operator,146,1.003128513859842,-0.24276424153841575
compatible_complete_mesh,operator,147,1.0030390969028848,-0.24274521226999454
compatible_complete_mesh,operator,148,1.0029494485069321,-0.24272673548174703
compatible_complete_mesh,operator,149,1.0028595754990566,-0.24270881258075216
compatible_complete_mesh,operator,150,1.0027694847234352,-0.24269144493190825
compatible_complete_mesh,operator,151,1.0026791830408297,-0.242674633857829
compatible_complete_mesh,operator,152,1.0025886773280628,-0.24265838063874279
compatible_complete_mesh,operator,153,1.0024979744774949,-0.24264268651239518
compatible_complete_mesh,operator,154,1.0024070813964991,-0.24262755267395461
compatible_complete_mesh,operator,155,1.0023160050069357,-0.24261298027592154
compatible_complete_mesh,operator,156,1.0022247522446244,-0.24259897042804046
compatible_complete_mesh,operator,157,1.002133330058816,-0.24258552419721555
compatible_complete_mesh,operator,158,1.0020417454116641,-0.24257264260742933
compatible_complete_mesh,operator,159,1.0019500052776942,-0.24256032663966473
compatible_complete_mesh,operator,160,1.0018581166432727,-0.24254857723183038
compatible_complete_mesh,operator,161,1.0017660865060747,-0.24253739527868917
compatible_complete_mesh,operator,162,1.0016739218745516,-0.24252678163179017
compatible_complete_mesh,operator,163,1.001581629767397,-0.24251673709940363
compatible_complete_mesh,operator,164,1.0014892172130121,-0.24250726244645962
compatible_complete_mesh,operator,165,1.0013966912489705,-0.2424983583944896
compatible_complete_mesh,operator,166,1.001304058921483,-0.24249002562157165
compatible_complete_mesh,operator,167,1.0012113272848595,-0.24248226476227863
compatible_complete_mesh,operator,168,1.0011185034009737,-0.24247507640763011
compatible_complete_mesh,operator,169,1.0010255943387232,-0.24246846110504702
compatible_complete_mesh,operator,170,1.0009326071734932,-0.24246241935831037
compatible_complete_mesh,operator,171,1.0008395489866162,-0.24245695162752248
compatible_complete_mesh,operator,172,1.0007464268648334,-0.24245205832907227
compatible_complete_mesh,operator,173,1.000653247899755,-0.24244773983560333
compatible_complete_mesh,operator,174,1.0005600191873198,-0.24244399647598569
compatible_complete_mesh,operator,175,1.0004667478272553,-0.24244082853529064
compatible_complete_mesh,operator,176,1.0003734409225367,-0.24243823625476915
compatible_complete_mesh,operator,177,1.0002801055788459,-0.24243621983183344
compatible_complete_mesh,operator,178,1.000186748904031,-0.24243477942004191
compatible_complete_mesh,operator,179,1.0000933780075638,-0.24243391512908746
compatible_complete_mesh,operator,180,1,-0.24243362702478921
compatible_complete_mesh,operator,181,0.99990662199243607,-0.24243391512908746
compatible_complete_mesh,operator,182,0.99981325109596908,-0.24243477942004191
compatible_complete_mesh,operator,183,0.99971989442115405,-0.24243621983183344
compatible_complete_mesh,operator,184,0.99962655907746334,-0.24243823625476915
compatible_complete_mesh,operator,185,0.99953325217274469,-0.24244082853529064
compatible_complete_mesh,operator,186,0.99943998081268015,-0.24244399647598569
compatible_complete_mesh,operator,187,0.99934675210024504,-0.24244773983560333
compatible_complete_mesh,operator,188,0.9992535731351665,-0.24245205832907227
compatible_complete_mesh,operator,189,0.9991604510133838,-0.24245695162752248
compatible_complete_mesh,operator,190,0.99906739282650669,-0.24246241935831037
compatible_complete_mesh,operator,191,0.99897440566127671,-0.24246846110504702
compatible_complete_mesh,operator,192,0.99888149659902636,-0.24247507640763011
compatible_complete_mesh,operator,193,0.99878867271514038,-0.24248226476227863
compatible_complete_mesh,operator,194,0.99869594107851711,-0.24249002562157165
compatible_complete_mesh,operator,195,0.99860330875102943,-0.2424983583944896
compatible_complete_mesh,operator,196,0.99851078278698802,-0.24250726244645962
compatible_complete_mesh,operator,197,0.99841837023260305,-0.24251673709940363
compatible_complete_mesh,operator,198,0.99832607812544838,-0.24252678163179017
compatible_complete_mesh,operator,199,0.99823391349392532,-0.24253739527868917
compatible_complete_mesh,operator,200,0.99814188335672738,-0.24254857723183038
compatible_complete_mesh,operator,201,0.99804999472230582,-0.24256032663966473
compatible_complete_mesh,operator,202,0.99795825458833587,-0.24257264260742933
compatible_complete_mesh,operator,203,0.997866669941184,-0.24258552419721555
compatible_complete_mesh,operator,204,0.99777524775537563,-0.24259897042804046
compatible_complete_mesh,operator,205,0.99768399499306415,-0.24261298027592154
compatible_complete_mesh,operator,206,0.99759291860350074,-0.24262755267395461
compatible_complete_mesh,operator,207,0.99750202552250511,-0.24264268651239515
compatible_complete_mesh,operator,208,0.99741132267193722,-0.24265838063874279
compatible_complete_mesh,operator,209,0.9973208169591703,-0.242674633857829
compatible_complete_mesh,operator,210,0.99723051527656481,-0.24269144493190825
compatible_complete_mesh,operator,211,0.99714042450094353,-0.24270881258075216
compatible_complete_mesh,operator,212,0.99705055149306776,-0.24272673548174703
compatible_complete_mesh,operator,213,0.99696090309711516,-0.24274521226999454
compatible_complete_mesh,operator,214,0.99687148614015797,-0.24276424153841575
compatible_complete_mesh,operator,215,0.99678230743164375,-0.24278382183785818
compatible_complete_mesh,operator,216,0.99669337376287637,-0.24280395167720625
compatible_complete_mesh,operator,217,0.99660469190649914,-0.24282462952349471
compatible_complete_mesh,operator,218,0.99651626861597864,-0.24284585380202553
compatible_complete_mesh,operator,219,0.99642811062509096,-0.24286762289648775
compatible_complete_mesh,operator,220,0.99634022464740823,-0.2428899351490805
compatible_complete_mesh,operator,221,0.99625261737578796,-0.24291278886063941
compatible_complete_mesh,operator,222,0.99616529548186317,-0.24293618229076583
compatible_complete_mesh,operator,223,0.99607826561553403,-0.24296011365795947
compatible_complete_mesh,operator,224,0.99599153440446198,-0.2429845811397541
compatible_complete_mesh,operator,225,0.99590510845356439,-0.24300958287285623
compatible_complete_mesh,operator,226,0.99581899434451204,-0.24303511695328711
compatible_complete_mesh,operator,227,0.9957331986352278,-0.24306118143652761
compatible_complete_mesh,operator,228,0.99564772785938704,-0.24308777433766646
compatible_complete_mesh,operator,229,0.99556258852592039,-0.24311489363155125
compatible_complete_mesh,operator,230,0.99547778711851753,-0.2431425372529428
compatible_complete_mesh,operator,231,0.9953933300951342,-0.24317070309667227
compatible_complete_mesh,operator,232,0.99530922388749943,-0.24319938901780164
compatible_complete_mesh,operator,233,0.99522547490062674,-0.24322859283178694
compatible_complete_mesh,operator,234,0.99514208951232574,-0.24325831231464465
compatible_complete_mesh,operator,235,0.99505907407271643,-0.2432885452031211
compatible_complete_mesh,operator,236,0.99497643490374621,-0.24331928919486481
compatible_complete_mesh,operator,237,0.99489417829870752,-0.24335054194860173
compatible_complete_mesh,operator,238,0.99481231052175934,-0.24338230108431372
compatible_complete_mesh,operator,239,0.99473083780744986,-0.24341456418341959
compatible_complete_mesh,operator,240,0.99464976636024183,-0.24344732878895942
compatible_complete_mesh,operator,241,0.99456910235403972,-0.24348059240578168
compatible_complete_mesh,operator,242,0.99448885193171987,-0.24351435250073317
compatible_complete_mesh,operator,243,0.99440902120466268,-0.24354860650285193
compatible_complete_mesh,operator,244,0.99432961625228722,-0.24358335180356305
compatible_complete_mesh,operator,245,0.99425064312158784,-0.24361858575687745
compatible_complete_mesh,operator,246,0.99417210782667431,-0.24365430567959306
compatible_complete_mesh,operator,247,0.9940940163483134,-0.24369050885149957
compatible_complete_mesh,operator,248,0.99401637463347348,-0.24372719251558519
compatible_complete_mesh,operator,249,0.99393918859487185,-0.24376435387824691
compatible_complete_mesh,operator,250,0.99386246411052404,-0.2438019901095031
compatible_complete_mesh,operator,251,0.99378620702329667,-0.24384009834320902
compatible_complete_mesh,operator,252,0.9937104231404621,-0.24387867567727514
compatible_complete_mesh,operator,253,0.99363511823325656,-0.2439177191738881
compatible_complete_mesh,operator,254,0.99356029803644008,-0.24395722585973448
compatible_complete_mesh,operator,255,0.99348596824786062,-0.24399719272622719
compatible_complete_mesh,operator,256,0.99341213452801902,-0.24403761672973462
compatible_complete_mesh,operator,257,0.99333880249963913,-0.24407849479181237
compatible_complete_mesh,operator,258,0.99326597774723879,-0.24411982379943778
compatible_complete_mesh,operator,259,0.99319366581670476,-0.24416160060524689
compatible_complete_mesh,operator,260,0.99312187221487069,-0.24420382202777419
compatible_complete_mesh,operator,261,0.99305060240909715,-0.24424648485169487
compatible_complete_mesh,operator,262,0.99297986182685583,-0.24428958582806976
compatible_complete_mesh,operator,263,0.99290965585531599,-0.24433312167459259
compatible_complete_mesh,operator,264,0.99283998984093413,-0.2443770890758401
compatible_complete_mesh,operator,265,0.99277086908904699,-0.24442148468352451
compatible_complete_mesh,operator,266,0.99270229886346739,-0.24446630511674833
compatible_complete_mesh,operator,267,0.99263428438608359,-0.2445115469622621
compatible_complete_mesh,operator,268,0.99256683083646136,-0.24455720677472412
compatible_complete_mesh,operator,269,0.99249994335144953,-0.24460328107696286
compatible_complete_mesh,operator,270,0.99243362702478921,-0.24464976636024183
compatible_complete_mesh,operator,271,0.99236788690672539,-0.24469665908452673
compatible_complete_mesh,operator,272,0.9923027280036224,-0.24474395567875509
compatible_complete_mesh,operator,273,0.9922381552775833,-0.2447916525411081
compatible_complete_mesh,operator,274,0.99217417364607086,-0.24483974603928504
compatible_complete_mesh,operator,275,0.99211078798153429,-0.24488823251077982
compatible_complete_mesh,operator,276,0.99204800311103725,-0.24493710826315993
compatible_complete_mesh,operator,277,0.99198582381589073,-0.24498636957434758
compatible_complete_mesh,operator,278,0.99192425483128865,-0.2450360126929032
compatible_complete_mesh,operator,279,0.99186330084594787,-0.24508603383831112
compatible_complete_mesh,operator,280,0.99180296650175004,-0.24513642920126744
compatible_complete_mesh,operator,281,0.99174325639338923,-0.24518719494397015
compatible_complete_mesh,operator,282,0.99168417506802142,-0.24523832720041144
compatible_complete_mesh,operator,283,0.99162572702491814,-0.24528982207667197
compatible_complete_mesh,operator,284,0.99156791671512423,-0.24534167565121753
compatible_complete_mesh,operator,285,0.99151074854111865,-0.24539388397519771
compatible_complete_mesh,operator,286,0.9914542268564791,-0.24544644307274649
compatible_complete_mesh,operator,287,0.9913983559655507,-0.24549934894128508
compatible_complete_mesh,operator,288,0.99134314012311819,-0.24555259755182679
compatible_complete_mesh,operator,289,0.99128858353408167,-0.24560618484928373
compatible_complete_mesh,operator,290,0.99123469035313672,-0.24566010675277575
compatible_complete_mesh,operator,291,0.99118146468445756,-0.24571435915594111
compatible_complete_mesh,operator,292,0.99112891058138508,-0.2457689379272493
compatible_complete_mesh,operator,293,0.99107703204611763,-0.24582383891031553
compatible_complete_mesh,operator,294,0.99102583302940661,-0.24587905792421741
compatible_complete_mesh,operator,295,0.99097531743025524,-0.24593459076381324
compatible_complete_mesh,operator,296,0.99092548909562206,-0.24599043320006231
compatible_complete_mesh,operator,297,0.99087635182012757,-0.24604658098034682
compatible_complete_mesh,operator,298,0.9908279093457657,-0.24610302982879598
compatible_complete_mesh,operator,299,0.99078016536161828,-0.24615977544661141
compatible_complete_mesh,operator,300,0.99073312350357468,-0.24621681351239461
compatible_complete_mesh,operator,301,0.99068678735405447,-0.24627413968247605
compatible_complete_mesh,operator,302,0.99064116044173467,-0.2463317495912459
compatible_complete_mesh,operator,303,0.99059624624128162,-0.24638963885148663
compatible_complete_mesh,operator,304,0.99055204817308529,-0.24644780305470687
compatible_complete_mesh,operator,305,0.99050856960299993,-0.2465062377714774
compatible_complete_mesh,operator,306,0.99046581384208676,-0.24656493855176825
compatible_complete_mesh,operator,307,0.99042378414636267,-0.2466239009252878
compatible_complete_mesh,operator,308,0.99038248371655169,-0.24668312040182297
compatible_complete_mesh,operator,309,0.99034191569784136,-0.24674259247158137
compatible_complete_mesh,operator,310,0.99030208317964341,-0.24680231260553462
compatible_complete_mesh,operator,311,0.99026298919535849,-0.24686227625576332
compatible_complete_mesh,operator,312,0.99022463672214456,-0.24692247885580332
compatible_complete_mesh,operator,313,0.99018702868069119,-0.24698291582099355
compatible_complete_mesh,operator,314,0.99015016793499622,-0.24704358254882514
compatible_complete_mesh,operator,315,0.99011405729214808,-0.24710447441929187
compatible_complete_mesh,operator,316,0.99007869950211225,-0.24716558679524206
compatible_complete_mesh,operator,317,0.99004409725752118,-0.24722691502273167
compatible_complete_mesh,operator,318,0.9900102531934698,-0.24728845443137873
compatible_complete_mesh,operator,319,0.98997716988731455,-0.24735020033471902
compatible_complete_mesh,operator,320,0.98994484985847742,-0.24741214803056294
compatible_complete_mesh,operator,321,0.98991329556825369,-0.24747429280135361
compatible_complete_mesh,operator,322,0.98988250941962463,-0.24753662991452613
compatible_complete_mesh,operator,323,0.98985249375707474,-0.24759915462286797
compatible_complete_mesh,operator,324,0.98982325086641287,-0.24766186216488054
compatible_complete_mesh,operator,325,0.98979478297459844,-0.24772474776514172
compatible_complete_mesh,operator,326,0.98976709224957171,-0.24778780663466959
compatible_complete_mesh,operator,327,0.98974018080008841,-0.24785103397128708
compatible_complete_mesh,operator,328,0.98971405067555962,-0.24791442495998769
compatible_complete_mesh,operator,329,0.98968870386589558,-0.24797797477330227
compatible_complete_mesh,operator,330,0.98966414230135402,-0.24804167857166642
compatible_complete_mesh,operator,331,0.98964036785239307,-0.24810553150378931
compatible_complete_mesh,operator,332,0.98961738232952912,-0.24816952870702291
compatible_complete_mesh,operator,333,0.98959518748319875,-0.24823366530773244
compatible_complete_mesh,operator,334,0.98957378500362536,-0.24829793642166742
compatible_complete_mesh,operator,335,0.98955317652069064,-0.24836233715433367
compatible_complete_mesh,operator,336,0.9895333636038105,-0.24842686260136612
compatible_complete_mesh,operator,337,0.98951434776181513,-0.24849150784890212
compatible_complete_mesh,operator,338,0.98949613044283447,-0.2485562679739558
compatible_complete_mesh,operator,339,0.989478713034188,-0.24862113804479288
compatible_complete_mesh,operator,340,0.98946209686227882,-0.24868611312130634
compatible_complete_mesh,operator,341,0.98944628319249273,-0.24875118825539252
compatible_complete_mesh,operator,342,0.98943127322910196,-0.24881635849132805
compatible_complete_mesh,operator,343,0.98941706811517316,-0.2488816188661471
compatible_complete_mesh,operator,344,0.989403668932481,-0.24894696441001948
compatible_complete_mesh,operator,345,0.9893910767014249,-0.24901239014662904
compatible_complete_mesh,operator,346,0.98937929238095212,-0.24907789109355261
compatible_complete_mesh,operator,347,0.98936831686848437,-0.2491434622626395
compatible_complete_mesh,operator,348,0.98935815099984925,-0.24920909866039131
compatible_complete_mesh,operator,349,0.98934879554921706,-0.24927479528834223
compatible_complete_mesh,operator,350,0.98934025122904157,-0.2493405471434397
compatible_complete_mesh,operator,351,0.98933251869000594,-0.24940634921842536
compatible_complete_mesh,operator,352,0.9893255985209729,-0.24947219650221644
compatible_complete_mesh,operator,353,0.98931949124894014,-0.24953808398028737
compatible_complete_mesh,operator,354,0.98931419733900006,-0.24960400663505158
compatible_complete_mesh,operator,355,0.98930971719430438,-0.24966995944624368
compatible_complete_mesh,operator,356,0.98930605115603343,-0.24973593739130173
compatible_complete_mesh,operator,357,0.9893031995033702,-0.24980193544574983
compatible_complete_mesh,operator,358,0.98930116245347921,-0.24986794858358055
compatible_complete_mesh,operator,359,0.98929994016148959,-0.24993397177763788
compatible_complete_mesh,operator,360,0.98929953272048365,-0.25
compatible_complete_mesh,operator,361,0.98929994016148959,-0.25006602822236212
compatible_complete_mesh,operator,362,0.98930116245347921,-0.25013205141641948
compatible_complete_mesh,operator,363,0.9893031995033702,-0.2501980645542502
compatible_complete_mesh,operator,364,0.98930605115603343,-0.25026406260869827
compatible_complete_mesh,operator,365,0.98930971719430438,-0.25033004055375635
compatible_complete_mesh,operator,366,0.98931419733900006,-0.25039599336494844
compatible_complete_mesh,operator,367,0.98931949124894014,-0.25046191601971263
compatible_complete_mesh,operator,368,0.9893255985209729,-0.25052780349778353
compatible_complete_mesh,operator,369,0.98933251869000594,-0.25059365078157464
compatible_complete_mesh,operator,370,0.98934025122904157,-0.25065945285656033
compatible_complete_mesh,operator,371,0.98934879554921706,-0.25072520471165777
compatible_complete_mesh,operator,372,0.98935815099984925,-0.25079090133960869
compatible_complete_mesh,operator,373,0.98936831686848437,-0.2508565377373605
compatible_complete_mesh,operator,374,0.98937929238095212,-0.25092210890644739
compatible_complete_mesh,operator,375,0.9893910767014249,-0.25098760985337099
compatible_complete_mesh,operator,376,0.989403668932481,-0.25105303558998054
compatible_complete_mesh,operator,377,0.98941706811517316,-0.25111838113385293
compatible_complete_mesh,operator,378,0.98943127322910196,-0.25118364150867195
compatible_complete_mesh,operator,379,0.98944628319249273,-0.25124881174460745
compatible_complete_mesh,operator,380,0.98946209686227882,-0.25131388687869366
compatible_complete_mesh,operator,381,0.989478713034188,-0.25137886195520714
compatible_complete_mesh,operator,382,0.98949613044283447,-0.2514437320260442
compatible_complete_mesh,operator,383,0.98951434776181513,-0.25150849215109788
compatible_complete_mesh,operator,384,0.9895333636038105,-0.25157313739863385
compatible_complete_mesh,operator,385,0.98955317652069064,-0.2516376628456663
compatible_complete_mesh,operator,386,0.98957378500362536,-0.25170206357833258
compatible_complete_mesh,operator,387,0.98959518748319875,-0.25176633469226756
compatible_complete_mesh,operator,388,0.98961738232952912,-0.25183047129297709
compatible_complete_mesh,operator,389,0.98964036785239307,-0.25189446849621067
compatible_complete_mesh,operator,390,0.98966414230135402,-0.25195832142833358
compatible_complete_mesh,operator,391,0.98968870386589558,-0.25202202522669775
compatible_complete_mesh,operator,392,0.98971405067555962,-0.25208557504001228
compatible_complete_mesh,operator,393,0.98974018080008841,-0.25214896602871295
compatible_complete_mesh,operator,394,0.98976709224957171,-0.25221219336533041
compatible_complete_mesh,operator,395,0.98979478297459844,-0.2522752522348583
compatible_complete_mesh,operator,396,0.98982325086641287,-0.25233813783511944
compatible_complete_mesh,operator,397,0.98985249375707474,-0.25240084537713203
compatible_complete_mesh,operator,398,0.98988250941962463,-0.25246337008547387
compatible_complete_mesh,operator,399,0.98991329556825369,-0.25252570719864642
compatible_complete_mesh,operator,400,0.98994484985847742,-0.25258785196943706
compatible_complete_mesh,operator,401,0.98997716988731455,-0.25264979966528095
compatible_complete_mesh,operator,402,0.9900102531934698,-0.25271154556862124
compatible_complete_mesh,operator,403,0.99004409725752118,-0.2527730849772683
compatible_complete_mesh,operator,404,0.99007869950211225,-0.25283441320475791
compatible_complete_mesh,operator,405,0.99011405729214808,-0.2528955255807081
compatible_complete_mesh,operator,406,0.99015016793499622,-0.25295641745117486
compatible_complete_mesh,operator,407,0.99018702868069119,-0.25301708417900642
compatible_complete_mesh,operator,408,0.99022463672214456,-0.25307752114419668
compatible_complete_mesh,operator,409,0.99026298919535849,-0.25313772374423671
compatible_complete_mesh,operator,410,0.99030208317964341,-0.25319768739446541
compatible_complete_mesh,operator,411,0.99034191569784136,-0.25325740752841863
compatible_complete_mesh,operator,412,0.99038248371655169,-0.25331687959817706
compatible_complete_mesh,operator,413,0.99042378414636267,-0.2533760990747122
compatible_complete_mesh,operator,414,0.99046581384208676,-0.25343506144823175
compatible_complete_mesh,operator,415,0.99050856960299993,-0.2534937622285226
compatible_complete_mesh,operator,416,0.99055204817308529,-0.25355219694529313
compatible_complete_mesh,operator,417,0.99059624624128162,-0.25361036114851337
compatible_complete_mesh,operator,418,0.99064116044173467,-0.25366825040875407
compatible_complete_mesh,operator,419,0.99068678735405447,-0.25372586031752398
compatible_complete_mesh,operator,420,0.99073312350357468,-0.25378318648760539
compatible_complete_mesh,operator,421,0.99078016536161828,-0.25384022455338862
compatible_complete_mesh,operator,422,0.9908279093457657,-0.253896970171204
compatible_complete_mesh,operator,423,0.99087635182012757,-0.25395341901965318
compatible_complete_mesh,operator,424,0.99092548909562206,-0.25400956679993769
compatible_complete_mesh,operator,425,0.99097531743025524,-0.25406540923618676
compatible_complete_mesh,operator,426,0.99102583302940661,-0.25412094207578256
compatible_complete_mesh,operator,427,0.99107703204611763,-0.25417616108968444
compatible_complete_mesh,operator,428,0.99112891058138508,-0.2542310620727507
compatible_complete_mesh,operator,429,0.99118146468445756,-0.25428564084405891
compatible_complete_mesh,operator,430,0.99123469035313672,-0.25433989324722428
compatible_complete_mesh,operator,431,0.99128858353408167,-0.2543938151507163
compatible_complete_mesh,operator,432,0.99134314012311819,-0.25444740244817321
compatible_complete_mesh,operator,433,0.9913983559655507,-0.25450065105871489
compatible_complete_mesh,operator,434,0.9914542268564791,-0.25455355692725351
compatible_complete_mesh,operator,435,0.99151074854111865,-0.25460611602480226
compatible_complete_mesh,operator,436,0.99156791671512423,-0.25465832434878244
compatible_complete_mesh,operator,437,0.99162572702491814,-0.25471017792332806
compatible_complete_mesh,operator,438,0.99168417506802142,-0.25476167279958856
compatible_complete_mesh,operator,439,0.99174325639338923,-0.25481280505602982
compatible_complete_mesh,operator,440,0.99180296650175004,-0.25486357079873256
compatible_complete_mesh,operator,441,0.99186330084594787,-0.25491396616168888
compatible_complete_mesh,operator,442,0.99192425483128865,-0.2549639873070968
compatible_complete_mesh,operator,443,0.99198582381589073,-0.25501363042565239
compatible_complete_mesh,operator,444,0.99204800311103725,-0.25506289173684005
compatible_complete_mesh,operator,445,0.99211078798153429,-0.25511176748922015
compatible_complete_mesh,operator,446,0.99217417364607086,-0.25516025396071496
compatible_complete_mesh,operator,447,0.9922381552775833,-0.25520834745889193
compatible_complete_mesh,operator,448,0.9923027280036224,-0.25525604432124493
compatible_complete_mesh,operator,449,0.99236788690672539,-0.25530334091547324
compatible_complete_mesh,operator,450,0.99243362702478921,-0.25535023363975817
compatible_complete_mesh,operator,451,0.99249994335144953,-0.25539671892303717
compatible_complete_mesh,operator,452,0.99256683083646136,-0.25544279322527591
compatible_complete_mesh,operator,453,0.99263428438608359,-0.25548845303773787
compatible_complete_mesh,operator,454,0.99270229886346739,-0.25553369488325167
compatible_complete_mesh,operator,455,0.99277086908904699,-0.25557851531647552
compatible_complete_mesh,operator,456,0.99283998984093413,-0.2556229109241599
compatible_complete_mesh,operator,457,0.99290965585531599,-0.25566687832540741
compatible_complete_mesh,operator,458,0.99297986182685583,-0.25571041417193024
compatible_complete_mesh,operator,459,0.99305060240909715,-0.25575351514830513
compatible_complete_mesh,operator,460,0.99312187221487069,-0.25579617797222581
compatible_complete_mesh,operator,461,0.99319366581670476,-0.25583839939475311
compatible_complete_mesh,operator,462,0.99326597774723879,-0.25588017620056219
compatible_complete_mesh,operator,463,0.99333880249963913,-0.25592150520818763
compatible_complete_mesh,operator,464,0.99341213452801902,-0.25596238327026538
compatible_complete_mesh,operator,465,0.99348596824786062,-0.25600280727377278
compatible_complete_mesh,operator,466,0.99356029803644008,-0.25604277414026549
compatible_complete_mesh,operator,467,0.99363511823325656,-0.2560822808261119
compatible_complete_mesh,operator,468,0.9937104231404621,-0.25612132432272483
compatible_complete_mesh,operator,469,0.99378620702329667,-0.25615990165679098
compatible_complete_mesh,operator,470,0.99386246411052404,-0.2561980098904969
compatible_complete_mesh,operator,471,0.99393918859487185,-0.25623564612175309
compatible_complete_mesh,operator,472,0.99401637463347359,-0.25627280748441483
compatible_complete_mesh,operator,473,0.9940940163483134,-0.25630949114850043
compatible_complete_mesh,operator,474,0.99417210782667431,-0.25634569432040694
compatible_complete_mesh,operator,475,0.99425064312158784,-0.25638141424312255
compatible_complete_mesh,operator,476,0.99432961625228722,-0.25641664819643695
compatible_complete_mesh,operator,477,0.99440902120466279,-0.25645139349714807
compatible_complete_mesh,operator,478,0.99448885193171987,-0.25648564749926683
compatible_complete_mesh,operator,479,0.99456910235403972,-0.25651940759421832
compatible_complete_mesh,operator,480,0.99464976636024183,-0.25655267121104058
compatible_complete_mesh,operator,481,0.99473083780744986,-0.25658543581658044
compatible_complete_mesh,operator,482,0.99481231052175934,-0.25661769891568631
compatible_complete_mesh,operator,483,0.99489417829870752,-0.25664945805139827
compatible_complete_mesh,operator,484,0.99497643490374621,-0.25668071080513521
compatible_complete_mesh,operator,485,0.99505907407271643,-0.2567114547968789
compatible_complete_mesh,operator,486,0.99514208951232574,-0.25674168768535538
compatible_complete_mesh,operator,487,0.99522547490062674,-0.25677140716821306
compatible_complete_mesh,operator,488,0.99530922388749943,-0.25680061098219836
compatible_complete_mesh,operator,489,0.99539333009513409,-0.25682929690332773
compatible_complete_mesh,operator,490,0.99547778711851753,-0.25685746274705717
compatible_complete_mesh,operator,491,0.99556258852592039,-0.25688510636844875
compatible_complete_mesh,operator,492,0.99564772785938704,-0.25691222566233352
compatible_complete_mesh,operator,493,0.9957331986352278,-0.25693881856347239
compatible_complete_mesh,operator,494,0.99581899434451204,-0.25696488304671289
compatible_complete_mesh,operator,495,0.99590510845356439,-0.25699041712714377
compatible_complete_mesh,operator,496,0.99599153440446198,-0.25701541886024593
compatible_complete_mesh,operator,497,0.99607826561553403,-0.2570398863420405
compatible_complete_mesh,operator,498,0.99616529548186317,-0.2570638177092342
compatible_complete_mesh,operator,499,0.99625261737578796,-0.25708721113936062
compatible_complete_mesh,operator,500,0.99634022464740823,-0.25711006485091947
compatible_complete_mesh,operator,501,0.99642811062509096,-0.25713237710351222
compatible_complete_mesh,operator,502,0.99651626861597864,-0.25715414619797444
compatible_complete_mesh,operator,503,0.99660469190649914,-0.25717537047650529
compatible_complete_mesh,operator,504,0.99669337376287637,-0.25719604832279375
compatible_complete_mesh,operator,505,0.99678230743164375,-0.25721617816214182
compatible_complete_mesh,operator,506,0.99687148614015797,-0.25723575846158425
compatible_complete_mesh,operator,507,0.99696090309711516,-0.25725478773000549
compatible_complete_mesh,operator,508,0.99705055149306776,-0.257273264518253
compatible_complete_mesh,operator,509,0.99714042450094353,-0.25729118741924784
compatible_complete_mesh,operator,510,0.99723051527656481,-0.25730855506809175
compatible_complete_mesh,operator,511,0.9973208169591703,-0.257325366142171
compatible_complete_mesh,operator,512,0.99741132267193722,-0.25734161936125721
compatible_complete_mesh,operator,513,0.99750202552250511,-0.25735731348760482
compatible_complete_mesh,operator,514,0.99759291860350074,-0.25737244732604536
compatible_complete_mesh,operator,515,0.99768399499306415,-0.25738701972407846
compatible_complete_mesh,operator,516,0.99777524775537563,-0.25740102957195954
compatible_complete_mesh,operator,517,0.997866669941184,-0.25741447580278443
compatible_complete_mesh,operator,518,0.99795825458833587,-0.25742735739257067
compatible_complete_mesh,operator,519,0.99804999472230582,-0.2574396733603353
compatible_complete_mesh,operator,520,0.99814188335672738,-0.25745142276816962
compatible_complete_mesh,operator,521,0.99823391349392532,-0.25746260472131083
compatible_complete_mesh,operator,522,0.99832607812544838,-0.25747321836820986
compatible_complete_mesh,operator,523,0.99841837023260305,-0.25748326290059637
compatible_complete_mesh,operator,524,0.99851078278698802,-0.25749273755354041
compatible_complete_mesh,operator,525,0.99860330875102943,-0.25750164160551037
compatible_complete_mesh,operator,526,0.99869594107851711,-0.25750997437842837
compatible_complete_mesh,operator,527,0.99878867271514038,-0.25751773523772137
compatible_complete_mesh,operator,528,0.99888149659902636,-0.25752492359236989
compatible_complete_mesh,operator,529,0.99897440566127671,-0.25753153889495295
compatible_complete_mesh,operator,530,0.99906739282650669,-0.25753758064168963
compatible_complete_mesh,operator,531,0.9991604510133838,-0.25754304837247755
compatible_complete_mesh,operator,532,0.9992535731351665,-0.25754794167092776
compatible_complete_mesh,operator,533,0.99934675210024504,-0.2575522601643967
compatible_complete_mesh,operator,534,0.99943998081268015,-0.25755600352401431
compatible_complete_mesh,operator,535,0.99953325217274469,-0.25755917146470936
compatible_complete_mesh,operator,536,0.99962655907746334,-0.25756176374523082
compatible_complete_mesh,operator,537,0.99971989442115405,-0.25756378016816656
compatible_complete_mesh,operator,538,0.99981325109596908,-0.25756522057995812
compatible_complete_mesh,operator,539,0.99990662199243607,-0.25756608487091254
compatible_complete_mesh,operator,540,1,-0.25756637297521079
compatible_complete_mesh,operator,541,1.0000933780075638,-0.25756608487091254
compatible_complete_mesh,operator,542,1.000186748904031,-0.25756522057995812
compatible_complete_mesh,operator,543,1.0002801055788459,-0.25756378016816656
compatible_complete_mesh,operator,544,1.0003734409225367,-0.25756176374523082
compatible_complete_mesh,operator,545,1.0004667478272553,-0.25755917146470936
compatible_complete_mesh,operator,546,1.0005600191873198,-0.25755600352401431
compatible_complete_mesh,operator,547,1.000653247899755,-0.2575522601643967
compatible_complete_mesh,operator,548,1.0007464268648334,-0.25754794167092776
compatible_complete_mesh,operator,549,1.0008395489866162,-0.25754304837247755
compatible_complete_mesh,operator,550,1.0009326071734932,-0.25753758064168963
compatible_complete_mesh,operator,551,1.0010255943387232,-0.25753153889495295
compatible_complete_mesh,operator,552,1.0011185034009737,-0.25752492359236989
compatible_complete_mesh,operator,553,1.0012113272848595,-0.25751773523772137
compatible_complete_mesh,operator,554,1.001304058921483,-0.25750997437842837
compatible_complete_mesh,operator,555,1.0013966912489705,-0.25750164160551042
compatible_complete_mesh,operator,556,1.0014892172130121,-0.25749273755354041
compatible_complete_mesh,operator,557,1.001581629767397,-0.25748326290059637
compatible_complete_mesh,operator,558,1.0016739218745516,-0.25747321836820986
compatible_complete_mesh,operator,559,1.0017660865060747,-0.25746260472131083
compatible_complete_mesh,operator,560,1.0018581166432727,-0.25745142276816962
compatible_complete_mesh,operator,561,1.0019500052776942,-0.2574396733603353
compatible_complete_mesh,operator,562,1.0020417454116641,-0.25742735739257067
compatible_complete_mesh,operator,563,1.002133330058816,-0.25741447580278443
compatible_complete_mesh,operator,564,1.0022247522446244,-0.25740102957195954
compatible_complete_mesh,operator,565,1.0023160050069357,-0.25738701972407846
compatible_complete_mesh,operator,566,1.0024070813964991,-0.25737244732604536
compatible_complete_mesh,operator,567,1.0024979744774949,-0.25735731348760482
compatible_complete_mesh,operator,568,1.0025886773280628,-0.25734161936125721
compatible_complete_mesh,operator,569,1.0026791830408297,-0.257325366142171
compatible_complete_mesh,operator,570,1.0027694847234352,-0.25730855506809175
compatible_complete_mesh,operator,571,1.0028595754990566,-0.25729118741924784
compatible_complete_mesh,operator,572,1.0029494485069321,-0.257273264518253
compatible_complete_mesh,operator,573,1.0030390969028848,-0.25725478773000549
compatible_complete_mesh,operator,574,1.003128513859842,-0.25723575846158425
compatible_complete_mesh,operator,575,1.0032176925683562,-0.25721617816214182
compatible_complete_mesh,operator,576,1.0033066262371235,-0.25719604832279375
compatible_complete_mesh,operator,577,1.003395308093501,-0.25717537047650529
compatible_complete_mesh,operator,578,1.0034837313840212,-0.25715414619797444
compatible_complete_mesh,operator,579,1.003571889374909,-0.25713237710351228
compatible_complete_mesh,operator,580,1.0036597753525918,-0.25711006485091947
compatible_complete_mesh,operator,581,1.003747382624212,-0.25708721113936062
compatible_complete_mesh,operator,582,1.0038347045181368,-0.2570638177092342
compatible_complete_mesh,operator,583,1.003921734384466,-0.2570398863420405
compatible_complete_mesh,operator,584,1.0040084655955381,-0.25701541886024593
compatible_complete_mesh,operator,585,1.0040948915464356,-0.25699041712714377
compatible_complete_mesh,operator,586,1.0041810056554881,-0.25696488304671289
compatible_complete_mesh,operator,587,1.0042668013647722,-0.25693881856347239
compatible_complete_mesh,operator,588,1.0043522721406128,-0.25691222566233352
compatible_complete_mesh,operator,589,1.0044374114740797,-0.25688510636844875
compatible_complete_mesh,operator,590,1.0045222128814824,-0.25685746274705717
compatible_complete_mesh,operator,591,1.0046066699048659,-0.25682929690332773
compatible_complete_mesh,operator,592,1.0046907761125006,-0.25680061098219836
compatible_complete_mesh,operator,593,1.0047745250993734,-0.25677140716821306
compatible_complete_mesh,operator,594,1.0048579104876743,-0.25674168768535538
compatible_complete_mesh,operator,595,1.0049409259272835,-0.2567114547968789
compatible_complete_mesh,operator,596,1.0050235650962538,-0.25668071080513521
compatible_complete_mesh,operator,597,1.0051058217012925,-0.25664945805139827
compatible_complete_mesh,operator,598,1.0051876894782408,-0.25661769891568631
compatible_complete_mesh,operator,599,1.00526916219255,-0.25658543581658044
compatible_complete_mesh,operator,600,1.0053502336397582,-0.25655267121104058
compatible_complete_mesh,operator,601,1.0054308976459603,-0.25651940759421832
compatible_complete_mesh,operator,602,1.0055111480682801,-0.25648564749926683
compatible_complete_mesh,operator,603,1.0055909787953372,-0.25645139349714807
compatible_complete_mesh,operator,604,1.0056703837477128,-0.25641664819643695
compatible_complete_mesh,operator,605,1.0057493568784122,-0.25638141424312255
compatible_complete_mesh,operator,606,1.0058278921733257,-0.25634569432040694
compatible_complete_mesh,operator,607,1.0059059836516866,-0.25630949114850043
compatible_complete_mesh,operator,608,1.0059836253665264,-0.25627280748441483
compatible_complete_mesh,operator,609,1.0060608114051282,-0.25623564612175309
compatible_complete_mesh,operator,610,1.006137535889476,-0.2561980098904969
compatible_complete_mesh,operator,611,1.0062137929767034,-0.25615990165679098
compatible_complete_mesh,operator,612,1.0062895768595379,-0.25612132432272483
compatible_complete_mesh,operator,613,1.0063648817667434,-0.2560822808261119
compatible_complete_mesh,operator,614,1.0064397019635598,-0.25604277414026549
compatible_complete_mesh,operator,615,1.0065140317521395,-0.25600280727377278
compatible_complete_mesh,operator,616,1.0065878654719809,-0.25596238327026538
compatible_complete_mesh,operator,617,1.0066611975003608,-0.25592150520818763
compatible_complete_mesh,operator,618,1.0067340222527612,-0.25588017620056225
compatible_complete_mesh,operator,619,1.0068063341832951,-0.25583839939475311
compatible_complete_mesh,operator,620,1.0068781277851293,-0.25579617797222581
compatible_complete_mesh,operator,621,1.006949397590903,-0.25575351514830513
compatible_complete_mesh,operator,622,1.0070201381731443,-0.25571041417193024
compatible_complete_mesh,operator,623,1.0070903441446841,-0.25566687832540741
compatible_complete_mesh,operator,624,1.0071600101590659,-0.2556229109241599
compatible_complete_mesh,operator,625,1.0072291309109531,-0.25557851531647552
compatible_complete_mesh,operator,626,1.0072977011365325,-0.25553369488325167
compatible_complete_mesh,operator,627,1.0073657156139164,-0.25548845303773787
compatible_complete_mesh,operator,628,1.0074331691635388,-0.25544279322527591
compatible_complete_mesh,operator,629,1.0075000566485504,-0.25539671892303717
compatible_complete_mesh,operator,630,1.0075663729752107,-0.25535023363975817
compatible_complete_mesh,operator,631,1.0076321130932746,-0.25530334091547324
compatible_complete_mesh,operator,632,1.0076972719963775,-0.25525604432124493
compatible_complete_mesh,operator,633,1.0077618447224168,-0.25520834745889193
compatible_complete_mesh,operator,634,1.007825826353929,-0.25516025396071496
compatible_complete_mesh,operator,635,1.0078892120184657,-0.25511176748922015
compatible_complete_mesh,operator,636,1.0079519968889628,-0.25506289173684005
compatible_complete_mesh,operator,637,1.0080141761841093,-0.25501363042565245
compatible_complete_mesh,operator,638,1.0080757451687112,-0.2549639873070968
compatible_complete_mesh,operator,639,1.0081366991540521,-0.25491396616168888
compatible_complete_mesh,operator,640,1.00819703349825,-0.25486357079873256
compatible_complete_mesh,operator,641,1.0082567436066108,-0.25481280505602982
compatible_complete_mesh,operator,642,1.0083158249319786,-0.25476167279958856
compatible_complete_mesh,operator,643,1.0083742729750818,-0.25471017792332806
compatible_complete_mesh,operator,644,1.0084320832848757,-0.25465832434878244
compatible_complete_mesh,operator,645,1.0084892514588815,-0.25460611602480226
compatible_complete_mesh,operator,646,1.008545773143521,-0.25455355692725351
compatible_complete_mesh,operator,647,1.0086016440344492,-0.25450065105871489
compatible_complete_mesh,operator,648,1.0086568598768817,-0.25444740244817321
compatible_complete_mesh,operator,649,1.0087114164659183,-0.2543938151507163
compatible_complete_mesh,operator,650,1.0087653096468632,-0.25433989324722428
compatible_complete_mesh,operator,651,1.0088185353155423,-0.25428564084405891
compatible_complete_mesh,operator,652,1.0088710894186148,-0.2542310620727507
compatible_complete_mesh,operator,653,1.0089229679538823,-0.25417616108968449
compatible_complete_mesh,operator,654,1.0089741669705934,-0.25412094207578256
compatible_complete_mesh,operator,655,1.0090246825697449,-0.25406540923618676
compatible_complete_mesh,operator,656,1.0090745109043779,-0.25400956679993769
compatible_complete_mesh,operator,657,1.0091236481798724,-0.25395341901965318
compatible_complete_mesh,operator,658,1.0091720906542343,-0.253896970171204
compatible_complete_mesh,operator,659,1.0092198346383816,-0.25384022455338862
compatible_complete_mesh,operator,660,1.0092668764964252,-0.25378318648760539
compatible_complete_mesh,operator,661,1.0093132126459456,-0.25372586031752398
compatible_complete_mesh,operator,662,1.0093588395582653,-0.25366825040875407
compatible_complete_mesh,operator,663,1.0094037537587184,-0.25361036114851337
compatible_complete_mesh,operator,664,1.0094479518269146,-0.25355219694529313
compatible_complete_mesh,operator,665,1.0094914303970002,-0.2534937622285226
compatible_complete_mesh,operator,666,1.0095341861579132,-0.25343506144823175
compatible_complete_mesh,operator,667,1.0095762158536372,-0.2533760990747122
compatible_complete_mesh,operator,668,1.0096175162834484,-0.25331687959817706
compatible_complete_mesh,operator,669,1.0096580843021588,-0.25325740752841863
compatible_complete_mesh,operator,670,1.0096979168203566,-0.25319768739446541
compatible_complete_mesh,operator,671,1.0097370108046415,-0.25313772374423671
compatible_complete_mesh,operator,672,1.0097753632778554,-0.25307752114419668
compatible_complete_mesh,operator,673,1.0098129713193089,-0.25301708417900642
compatible_complete_mesh,operator,674,1.0098498320650038,-0.25295641745117486
compatible_complete_mesh,operator,675,1.0098859427078519,-0.2528955255807081
compatible_complete_mesh,operator,676,1.0099213004978878,-0.25283441320475791
compatible_complete_mesh,operator,677,1.0099559027424789,-0.2527730849772683
compatible_complete_mesh,operator,678,1.0099897468065302,-0.25271154556862124
compatible_complete_mesh,operator,679,1.0100228301126855,-0.25264979966528095
compatible_complete_mesh,operator,680,1.0100551501415225,-0.25258785196943706
compatible_complete_mesh,operator,681,1.0100867044317463,-0.25252570719864642
compatible_complete_mesh,operator,682,1.0101174905803754,-0.25246337008547387
compatible_complete_mesh,operator,683,1.0101475062429253,-0.25240084537713203
compatible_complete_mesh,operator,684,1.0101767491335871,-0.25233813783511949
compatible_complete_mesh,operator,685,1.0102052170254014,-0.2522752522348583
compatible_complete_mesh,operator,686,1.0102329077504284,-0.25221219336533041
compatible_complete_mesh,operator,687,1.0102598191999117,-0.25214896602871295
compatible_complete_mesh,operator,688,1.0102859493244403,-0.25208557504001228
compatible_complete_mesh,operator,689,1.0103112961341043,-0.25202202522669775
compatible_complete_mesh,operator,690,1.0103358576986459,-0.25195832142833358
compatible_complete_mesh,operator,691,1.0103596321476069,-0.25189446849621072
compatible_complete_mesh,operator,692,1.0103826176704709,-0.25183047129297709
compatible_complete_mesh,operator,693,1.0104048125168013,-0.25176633469226756
compatible_complete_mesh,operator,694,1.0104262149963745,-0.25170206357833258
compatible_complete_mesh,operator,695,1.0104468234793094,-0.2516376628456663
compatible_complete_mesh,operator,696,1.0104666363961896,-0.25157313739863385
compatible_complete_mesh,operator,697,1.0104856522381849,-0.25150849215109788
compatible_complete_mesh,operator,698,1.0105038695571655,-0.2514437320260442
compatible_complete_mesh,operator,699,1.010521286965812,-0.25137886195520714
compatible_complete_mesh,operator,700,1.0105379031377211,-0.25131388687869366
compatible_complete_mesh,operator,701,1.0105537168075072,-0.25124881174460745
compatible_complete_mesh,operator,702,1.010568726770898,-0.25118364150867195
compatible_complete_mesh,operator,703,1.0105829318848267,-0.25111838113385293
compatible_complete_mesh,operator,704,1.010596331067519,-0.25105303558998054
compatible_complete_mesh,operator,705,1.0106089232985751,-0.25098760985337099
compatible_complete_mesh,operator,706,1.0106207076190479,-0.25092210890644739
compatible_complete_mesh,operator,707,1.0106316831315156,-0.2508565377373605
compatible_complete_mesh,operator,708,1.0106418490001507,-0.25079090133960869
compatible_complete_mesh,operator,709,1.0106512044507829,-0.25072520471165777
compatible_complete_mesh,operator,710,1.0106597487709583,-0.25065945285656033
compatible_complete_mesh,operator,711,1.0106674813099941,-0.25059365078157464
compatible_complete_mesh,operator,712,1.010674401479027,-0.25052780349778353
compatible_complete_mesh,operator,713,1.0106805087510597,-0.25046191601971263
compatible_complete_mesh,operator,714,1.0106858026609999,-0.25039599336494844
compatible_complete_mesh,operator,715,1.0106902828056956,-0.25033004055375635
compatible_complete_mesh,operator,716,1.0106939488439666,-0.25026406260869827
compatible_complete_mesh,operator,717,1.0106968004966297,-0.2501980645542502
compatible_complete_mesh,operator,718,1.0106988375465209,-0.25013205141641948
compatible_complete_mesh,operator,719,1.0107000598385103,-0.25006602822236212
separated_restricted_training,spectral,0,0.57018550181563521,0.070661461199860109
separated_restricted_training,spectral,1,0.57021570532958887,0.070702620000820296
separated_restricted_training,spectral,2,0.57024817703289621,0.07074220221711397
separated_restricted_training,spectral,3,0.57028291445271129,0.070780204834402102
separated_restricted_training,spectral,4,0.5703199149436452,0.070816624958638261
separated_restricted_training,spectral,5,0.57035917568796735,0.070851459816288986
separated_restricted_training,spectral,6,0.57040069369581992,0.070884706754544974
separated_restricted_training,spectral,7,0.57044446580544594,0.0709163632415232
separated_restricted_training,spectral,8,0.57049048868342978,0.070946426866459578
separated_restricted_training,spectral,9,0.57053875882495109,0.07097489533989268
separated_restricted_training,spectral,10,0.57058927255405167,0.071001766493838048
separated_restricted_training,spectral,11,0.57064202602391556,0.071027038281953253
separated_restricted_training,spectral,12,0.57069701521716176,0.071050708779693814
separated_restricted_training,spectral,13,0.57075423594615038,0.07107277618445966
separated_restricted_training,spectral,14,0.57081368385330111,0.071093238815732485
separated_restricted_training,spectral,15,0.57087535441142589,0.071112095115203708
separated_restricted_training,spectral,16,0.57093924292407294,0.071129343646893106
separated_restricted_training,spectral,17,0.57100534452588458,0.07114498309725821
separated_restricted_training,spectral,18,0.57107365418296796,0.071159012275294323
separated_restricted_training,spectral,19,0.57114416669327817,0.071171430112625222
separated_restricted_training,spectral,20,0.5712168766870146,0.071182235663584531
separated_restricted_training,spectral,21,0.57129177862702973,0.071191428105287696
separated_restricted_training,spectral,22,0.57136886680925081,0.071199006737694692
separated_restricted_training,spectral,23,0.57144813536311434,0.071204970983663324
separated_restricted_training,spectral,24,0.571529578252013,0.071209320388993164
separated_restricted_training,spectral,25,0.57161318927375537,0.071212054622460164
separated_restricted_training,spectral,26,0.57169896206103865,0.071213173475841857
separated_restricted_training,spectral,27,0.57178689008193295,0.071212676863933205
separated_restricted_training,spectral,28,0.5718769666403789,0.071210564824553166
separated_restricted_training,spectral,29,0.57196918487669801,0.071206837518541691
separated_restricted_training,spectral,30,0.57206353776811447,0.071201495229747558
separated_restricted_training,spectral,31,0.57216001812929018,0.071194538365006763
separated_restricted_training,spectral,32,0.57225861861287242,0.071185967454111487
separated_restricted_training,spectral,33,0.57235933171005227,0.071175783149769772
separated_restricted_training,spectral,34,0.57246214975113763,0.07116398622755582
separated_restricted_training,spectral,35,0.57256706490613651,0.07115057758585093
separated_restricted_training,spectral,36,0.5726740691853538,0.071135558245775082
separated_restricted_training,spectral,37,0.57278315443999928,0.071118929351109195
separated_restricted_training,spectral,38,0.57289431236280841,0.071100692168207955
separated_restricted_training,spectral,39,0.57300753448867503,0.071080848085903453
separated_restricted_training,spectral,40,0.57312281219529593,0.07105939861539938
separated_restricted_training,spectral,41,0.57324013670382745,0.071036345390155964
separated_restricted_training,spectral,42,0.57335949907955397,0.071011690165765584
separated_restricted_training,spectral,43,0.57348089023256854,0.070985434819819004
separated_restricted_training,spectral,44,0.5736043009184647,0.070957581351762486
separated_restricted_training,spectral,45,0.57372972173904113,0.070928131882745452
separated_restricted_training,spectral,46,0.57385714314301661,0.07089708865545899
separated_restricted_training,spectral,47,0.57398655542675792,0.070864454033965046
separated_restricted_training,spectral,48,0.57411794873501854,0.070830230503516389
separated_restricted_training,spectral,49,0.57425131306168953,0.070794420670367383
separated_restricted_training,spectral,50,0.57438663825056102,0.070757027261575456
separated_restricted_training,spectral,51,0.57452391399609581,0.070718053124793456
separated_restricted_training,spectral,52,0.57466312984421442,0.070677501228052803
separated_restricted_training,spectral,53,0.57480427519309119,0.070635374659537425
separated_restricted_training,spectral,54,0.57494733929396113,0.070591676627348637
separated_restricted_training,spectral,55,0.57509231125193927,0.070546410459260744
separated_restricted_training,spectral,56,0.57523918002684948,0.070499579602467721
separated_restricted_training,spectral,57,0.57538793443406611,0.070451187623320616
separated_restricted_training,spectral,58,0.57553856314536511,0.070401238207056016
separated_restricted_training,spectral,59,0.57569105468978687,0.070349735157515331
separated_restricted_training,spectral,60,0.57584539745450991,0.070296682396855201
separated_restricted_training,spectral,61,0.57600157968573518,0.070242083965248753
separated_restricted_training,spectral,62,0.57615958948958101,0.070185944020577928
separated_restricted_training,spectral,63,0.5763194148329891,0.070128266838116876
separated_restricted_training,spectral,64,0.57648104354464069,0.070069056810206365
separated_restricted_training,spectral,65,0.57664446331588382,0.070008318445919232
separated_restricted_training,spectral,66,0.57680966170167003,0.069946056370717088
separated_restricted_training,spectral,67,0.57697662612150269,0.069882275326098017
separated_restricted_training,spectral,68,0.57714534386039484,0.069816980169235501
separated_restricted_training,spectral,69,0.57731580206983746,0.069750175872608539
separated_restricted_training,spectral,70,0.57748798776877786,0.069681867523622973
separated_restricted_training,spectral,71,0.57766188784460848,0.069612060324224026
separated_restricted_training,spectral,72,0.57783748905416521,0.069540759590500212
separated_restricted_training,spectral,73,0.57801477802473611,0.069467970752278452
separated_restricted_training,spectral,74,0.57819374125507972,0.0693936993527106
separated_restricted_training,spectral,75,0.57837436511645313,0.069317951047851267
separated_restricted_training,spectral,76,0.57855663585364991,0.069240731606227165
separated_restricted_training,spectral,77,0.57874053958604788,0.069162046908397723
separated_restricted_training,spectral,78,0.57892606230866561,0.069081902946507318
separated_restricted_training,spectral,79,0.57911318989322969,0.069000305823828961
separated_restricted_training,spectral,80,0.57930190808924997,0.068917261754299436
separated_restricted_training,spectral,81,0.57949220252510514,0.068832777062046158
separated_restricted_training,spectral,82,0.5796840587091372,0.068746858180905548
separated_restricted_training,spectral,83,0.57987746203075496,0.068659511653933053
separated_restricted_training,spectral,84,0.58007239776154662,0.068570744132904871
separated_restricted_training,spectral,85,0.58026885105640158,0.068480562377811416
separated_restricted_training,spectral,86,0.58046680695464081,0.068388973256342467
separated_restricted_training,spectral,87,0.58066625038115638,0.068295983743364264
separated_restricted_training,spectral,88,0.58086716614755896,0.068201600920388211
separated_restricted_training,spectral,89,0.58106953895333524,0.068105831975031714
separated_restricted_training,spectral,90,0.58127335338701247,0.068008684200470737
separated_restricted_training,spectral,91,0.58147859392733248,0.06791016499488442
separated_restricted_training,spectral,92,0.58168524494443341,0.067810281860891747
separated_restricted_training,spectral,93,0.58189329070104034,0.067709042404980033
separated_restricted_training,spectral,94,0.58210271535366331,0.067606454336925859
separated_restricted_training,spectral,95,0.58231350295380424,0.06750252546920775
separated_restricted_training,spectral,96,0.58252563744917141,0.067397263716411387
separated_restricted_training,spectral,97,0.58273910268490148,0.067290677094626772
separated_restricted_training,spectral,98,0.58295388240479029,0.067182773720837807
separated_restricted_training,spectral,99,0.58316996025253087,0.0670735618123042
separated_restricted_training,spectral,100,0.58338731977295821,0.066963049685935611
separated_restricted_training,spectral,101,0.5836059444133036,0.066851245757658315
separated_restricted_training,spectral,102,0.58382581752445395,0.066738158541774326
separated_restricted_training,spectral,103,0.58404692236222078,0.066623796650312955
separated_restricted_training,spectral,104,0.58426924208861464,0.066508168792375033
separated_restricted_training,spectral,105,0.58449275977312742,0.066391283773469589
separated_restricted_training,spectral,106,0.58471745839402223,0.06627315049484335
separated_restricted_training,spectral,107,0.58494332083962919,0.066153777952802875
separated_restricted_training,spectral,108,0.58517032990964846,0.066033175238029401
separated_restricted_training,spectral,109,0.58539846831646047,0.065911351534886586
separated_restricted_training,spectral,110,0.58562771868644237,0.065788316120721085
separated_restricted_training,spectral,111,0.58585806356129089,0.065664078365156045
separated_restricted_training,spectral,112,0.5860894853993518,0.06553864772937755
separated_restricted_training,spectral,113,0.58632196657695645,0.065412033765414143
separated_restricted_training,spectral,114,0.58655548938976287,0.065284246115409381
separated_restricted_training,spectral,115,0.58679003605410474,0.065155294510887571
separated_restricted_training,spectral,116,0.58702558870834565,0.065025188772012646
separated_restricted_training,spectral,117,0.58726212941423883,0.064893938806840357
separated_restricted_training,spectral,118,0.58749964015829381,0.064761554610563682
separated_restricted_training,spectral,119,0.58773810285314776,0.064628046264751743
separated_restricted_training,spectral,120,0.58797749933894339,0.064493423936581959
separated_restricted_training,spectral,121,0.58821781138471141,0.06435769787806582
separated_restricted_training,spectral,122,0.58845902068975897,0.064220878425268191
separated_restricted_training,spectral,123,0.58870110888506377,0.064082975997520109
separated_restricted_training,spectral,124,0.58894405753467249,0.063944001096625347
separated_restricted_training,spectral,125,0.58918784813710467,0.063803964306060681
separated_restricted_training,spectral,126,0.58943246212676215,0.063662876290169895
separated_restricted_training,spectral,127,0.58967788087534256,0.063520747793351637
separated_restricted_training,spectral,128,0.58992408569325816,0.0633775896392412
separated_restricted_training,spectral,129,0.5901710578310585,0.063233412729886307
separated_restricted_training,spectral,130,0.59041877848085944,0.063088228044916789
separated_restricted_training,spectral,131,0.59066722877777422,0.062942046640708516
separated_restricted_training,spectral,132,0.59091638980135086,0.062794879649541363
separated_restricted_training,spectral,133,0.59116624257701278,0.062646738278751529
separated_restricted_training,spectral,134,0.59141676807750376,0.062497633809877919
separated_restricted_training,spectral,135,0.59166794722433702,0.062347577597803142
separated_restricted_training,spectral,136,0.59191976088924791,0.062196581069888686
separated_restricted_training,spectral,137,0.59217218989565101,0.062044655725104786
separated_restricted_training,spectral,138,0.59242521502010015,0.06189181313315463
separated_restricted_training,spectral,139,0.59267881699375247,0.061738064933593365
separated_restricted_training,spectral,140,0.59293297650383592,0.061583422834941635
separated_restricted_training,spectral,141,0.59318767419511964,0.061427898613793983
separated_restricted_training,spectral,142,0.59344289067138833,0.06127150411392198
separated_restricted_training,spectral,143,0.5936986064969193,0.0611142512453723
separated_restricted_training,spectral,144,0.59395480219796248,0.060956151983559706
separated_restricted_training,spectral,145,0.59421145826422306,0.06079721836835511
separated_restricted_training,spectral,146,0.59446855515034824,0.060637462503168621
separated_restricted_training,spectral,147,0.59472607327741445,0.060476896554027909
separated_restricted_training,spectral,148,0.59498399303441951,0.06031553274865166
separated_restricted_training,spectral,149,0.59524229477977519,0.060153383375518385
separated_restricted_training,spectral,150,0.59550095884280363,0.059990460782930639
separated_restricted_training,spectral,151,0.59575996552523491,0.059826777378074639
separated_restricted_training,spectral,152,0.59601929510270735,0.059662345626075378
separated_restricted_training,spectral,153,0.59627892782626979,0.059497178049047403
separated_restricted_training,spectral,154,0.5965388439238849,0.059331287225141166
separated_restricted_training,spectral,155,0.5967990236019356,0.059164685787585193
separated_restricted_training,spectral,156,0.59705944704673208,0.058997386423723971
separated_restricted_training,spectral,157,0.59732009442602074,0.058829401874051786
separated_restricted_training,spectral,158,0.5975809458904946,0.058660744931242473
separated_restricted_training,spectral,159,0.59784198157530466,0.058491428439175201
separated_restricted_training,spectral,160,0.59810318160157283,0.058321465291956393
separated_restricted_training,spectral,161,0.59836452607790591,0.058150868432937736
separated_restricted_training,spectral,162,0.59862599510191017,0.057979650853730538
separated_restricted_training,spectral,163,0.59888756876170701,0.057807825593216358
separated_restricted_training,spectral,164,0.59914922713744967,0.057635405736554027
separated_restricted_training,spectral,165,0.59941095030283964,0.057462404414183182
separated_restricted_training,spectral,166,0.5996727183266447,0.05728883480082432
separated_restricted_training,spectral,167,0.59993451127421638,0.057114710114475511
separated_restricted_training,spectral,168,0.60019630920900802,0.056940043615405757
separated_restricted_training,spectral,169,0.6004580921940933,0.056764848605145225
separated_restricted_training,spectral,170,0.60071984029368442,0.056589138425472231
separated_restricted_training,spectral,171,0.60098153357465023,0.056412926457397254
separated_restricted_training,spectral,172,0.60124315210803425,0.056236226120143888
separated_restricted_training,spectral,173,0.60150467597057211,0.056059050870126942
separated_restricted_training,spectral,174,0.60176608524620923,0.055881414199927676
separated_restricted_training,spectral,175,0.60202736002761714,0.05570332963726625
separated_restricted_training,spectral,176,0.60228848041770977,0.055524810743971621
separated_restricted_training,spectral,177,0.60254942653115828,0.055345871114948653
separated_restricted_training,spectral,178,0.60281017849590601,0.055166524377142909
separated_restricted_training,spectral,179,0.60307071645468124,0.054986784188502821
separated_restricted_training,spectral,180,0.60333102056650967,0.054806664236939667
separated_restricted_training,spectral,181,0.6035910710082254,0.05462617823928511
separated_restricted_training,spectral,182,0.60385084797598043,0.054445339940246661
separated_restricted_training,spectral,183,0.60411033168675288,0.054264163111360925
separated_restricted_training,spectral,184,0.60436950237985365,0.054082661549944878
separated_restricted_training,spectral,185,0.60462834031843093,0.05390084907804514
separated_restricted_training,spectral,186,0.60488682579097364,0.053718739541385348
separated_restricted_training,spectral,187,0.60514493911281231,0.053536346808311805
separated_restricted_training,spectral,188,0.60540266062761805,0.053353684768737281
separated_restricted_training,spectral,189,0.60565997070889976,0.053170767333083298
separated_restricted_training,spectral,190,0.60591684976149851,0.052987608431220773
separated_restricted_training,spectral,191,0.60617327822307987,0.052804222011409219
separated_restricted_training,spectral,192,0.60642923656562375,0.05262062203923451
separated_restricted_training,spectral,193,0.60668470529691132,0.052436822496545361
separated_restricted_training,spectral,194,0.60693966496200968,0.052252837380388564
separated_restricted_training,spectral,195,0.60719409614475328,0.052068680701943024
separated_restricted_training,spectral,196,0.60744797946922224,0.051884366485452818
separated_restricted_training,spectral,197,0.60770129560121866,0.051699908767159117
separated_restricted_training,spectral,198,0.60795402524973818,0.051515321594231334
separated_restricted_training,spectral,199,0.60820614916843974,0.051330619023697344
separated_restricted_training,spectral,200,0.60845764815711079,0.051145815121372999
separated_restricted_training,spectral,201,0.60870850306312951,0.050960923960790959
separated_restricted_training,spectral,202,0.60895869478292353,0.050775959622128934
separated_restricted_training,spectral,203,0.60920820426342492,0.050590936191137435
separated_restricted_training,spectral,204,0.60945701250352069,0.050405867758067081
separated_restricted_training,spectral,205,0.60970510055549987,0.05022076841659557
separated_restricted_training,spectral,206,0.60995244952649708,0.050035652262754388
separated_restricted_training,spectral,207,0.61019904057993024,0.049850533393855367
separated_restricted_training,spectral,208,0.61044485493693612,0.049665425907417092
separated_restricted_training,spectral,209,0.6106898738777996,0.049480343900091324
separated_restricted_training,spectral,210,0.61093407874337979,0.049295301466589489
separated_restricted_training,spectral,211,0.61117745093653075,0.049110312698609326
separated_restricted_training,spectral,212,0.61141997192351749,0.048925391683761733
separated_restricted_training,spectral,213,0.61166162323542805,0.048740552504497929
separated_restricted_training,spectral,214,0.61190238646957951,0.048555809237037062
separated_restricted_training,spectral,215,0.61214224329091926,0.0483711759502942
separated_restricted_training,spectral,216,0.61238117543342185,0.048186666704808978
separated_restricted_training,spectral,217,0.61261916470147959,0.04800229555167479
separated_restricted_training,spectral,218,0.61285619297128813,0.047818076531468766
separated_restricted_training,spectral,219,0.61309224219222713,0.047634023673182535
separated_restricted_training,spectral,220,0.61332729438823452,0.04745015099315384
separated_restricted_training,spectral,221,0.61356133165917559,0.047266472493999158
separated_restricted_training,spectral,222,0.61379433618220591,0.047083002163547334
separated_restricted_training,spectral,223,0.61402629021312904,0.046899753973774383
separated_restricted_training,spectral,224,0.61425717608774744,0.046716741879739412
separated_restricted_training,spectral,225,0.6144869762232078,0.046533979818521948
separated_restricted_training,spectral,226,0.61471567311934028,0.046351481708160551
separated_restricted_training,spectral,227,0.61494324935999056,0.046169261446592891
separated_restricted_training,spectral,228,0.61516968761434698,0.045987332910597374
separated_restricted_training,spectral,229,0.61539497063825976,0.045805709954736394
separated_restricted_training,spectral,230,0.61561908127555443,0.045624406410301216
separated_restricted_training,spectral,231,0.61584200245933807,0.045443436084258694
separated_restricted_training,spectral,232,0.61606371721329978,0.045262812758199794
separated_restricted_training,spectral,233,0.61628420865300249,0.045082550187290141
separated_restricted_training,spectral,234,0.61650345998716927,0.044902662099222404
separated_restricted_training,spectral,235,0.61672145451896232,0.044723162193170955
separated_restricted_training,spectral,236,0.61693817564725406,0.044544064138748597
separated_restricted_training,spectral,237,0.61715360686789145,0.044365381574965598
separated_restricted_training,spectral,238,0.61736773177495297,0.044187128109190975
separated_restricted_training,spectral,239,0.61758053406199787,0.044009317316116285
separated_restricted_training,spectral,240,0.61779199752330816,0.043831962736721845
separated_restricted_training,spectral,241,0.61800210605512251,0.043655077877245527
separated_restricted_training,spectral,242,0.61821084365686285,0.043478676208154224
separated_restricted_training,spectral,243,0.61841819443235246,0.043302771163118009
separated_restricted_training,spectral,244,0.61862414259102716,0.043127376137987089
separated_restricted_training,spectral,245,0.61882867244913731,0.042952504489771698
separated_restricted_training,spectral,246,0.61903176843094221,0.04277816953562491
separated_restricted_training,spectral,247,0.6192334150698966,0.042604384551828446
separated_restricted_training,spectral,248,0.61943359700982825,0.042431162772781646
separated_restricted_training,spectral,249,0.61963229900610739,0.042258517389993637
separated_restricted_training,spectral,250,0.61982950592680774,0.042086461551078744
separated_restricted_training,spectral,251,0.62002520275385864,0.041915008358755251
separated_restricted_training,spectral,252,0.62021937458418908,0.041744170869847566
separated_restricted_training,spectral,253,0.62041200663086249,0.041573962094291872
separated_restricted_training,spectral,254,0.62060308422420263,0.04140439499414543
separated_restricted_training,spectral,255,0.62079259281291099,0.04123548248259943
separated_restricted_training,spectral,256,0.62098051796517495,0.041067237422995589
separated_restricted_training,spectral,257,0.62116684536976641,0.040899672627846578
separated_restricted_training,spectral,258,0.62135156083713217,0.04073280085786031
separated_restricted_training,spectral,259,0.62153465030047428,0.040566634820968131
separated_restricted_training,spectral,260,0.62171609981682119,0.0404011871713571
separated_restricted_training,spectral,261,0.62189589556808977,0.040236470508506289
separated_restricted_training,spectral,262,0.6220740238621375,0.040072497376227284
separated_restricted_training,spectral,263,0.62225047113380505,0.039909280261708972
separated_restricted_training,spectral,264,0.62242522394594946,0.039746831594566545
separated_restricted_training,spectral,265,0.62259826899046766,0.03958516374589495
separated_restricted_training,spectral,266,0.62276959308930946,0.039424289027326781
separated_restricted_training,spectral,267,0.62293918319548147,0.039264219690094707
separated_restricted_training,spectral,268,0.62310702639404059,0.03910496792409849
separated_restricted_training,spectral,269,0.62327310990307716,0.038946545856976697
separated_restricted_training,spectral,270,0.62343742107468914,0.038788965553183077
separated_restricted_training,spectral,271,0.6235999473959446,0.038632239013067872
separated_restricted_training,spectral,272,0.62376067648983502,0.038476378171963886
separated_restricted_training,spectral,273,0.6239195961162175,0.038321394899277633
separated_restricted_training,spectral,274,0.62407669417274725,0.038167300997585356
separated_restricted_training,spectral,275,0.62423195869579895,0.038014108201734273
separated_restricted_training,spectral,276,0.62438537786137827,0.037861828177948892
separated_restricted_training,spectral,277,0.62453693998602156,0.037710472522942594
separated_restricted_training,spectral,278,0.62468663352768627,0.037560052763034521
separated_restricted_training,spectral,279,0.62483444708662961,0.037410580353271758
separated_restricted_training,spectral,280,0.62498036940627688,0.037262066676557015
separated_restricted_training,spectral,281,0.62512438937407844,0.037114523042781761
separated_restricted_training,spectral,282,0.62526649602235618,0.036967960687964957
separated_restricted_training,spectral,283,0.62540667852913856,0.036822390773397357
separated_restricted_training,spectral,284,0.62554492621898494,0.036677824384791544
separated_restricted_training,spectral,285,0.6256812285637986,0.036534272531437741
separated_restricted_training,spectral,286,0.62581557518362818,0.036391746145365333
separated_restricted_training,spectral,287,0.62594795584745844,0.036250256080510468
separated_restricted_training,spectral,288,0.62607836047398935,0.03610981311188937
separated_restricted_training,spectral,289,0.62620677913240375,0.035970427934777852
separated_restricted_training,spectral,290,0.62633320204312348,0.035832111163896778
separated_restricted_training,spectral,291,0.6264576195785545,0.035694873332603801
separated_restricted_training,spectral,292,0.6265800222638197,0.035558724892091095
separated_restricted_training,spectral,293,0.6267004007774809,0.035423676210589519
separated_restricted_training,spectral,294,0.62681874595224796,0.035289737572579041
separated_restricted_training,spectral,295,0.62693504877567785,0.035156919178005508
separated_restricted_training,spectral,296,0.62704930039086015,0.035025231141503896
separated_restricted_training,spectral,297,0.62716149209709215,0.03489468349162804
separated_restricted_training,spectral,298,0.62727161535054088,0.034765286170086895
separated_restricted_training,spectral,299,0.62737966176489435,0.034637049030987493
separated_restricted_training,spectral,300,0.62748562311199974,0.034509981840084469
separated_restricted_training,spectral,301,0.6275894913224902,0.034384094274036367
separated_restricted_training,spectral,302,0.62769125848639939,0.034259395919668735
separated_restricted_training,spectral,303,0.62779091685376387,0.034135896273244044
separated_restricted_training,spectral,304,0.62788845883521294,0.034013604739738516
separated_restricted_training,spectral,305,0.6279838770025471,0.033892530632125911
separated_restricted_training,spectral,306,0.6280771640893037,0.033772683170668269
separated_restricted_training,spectral,307,0.6281683129913096,0.03365407148221379
separated_restricted_training,spectral,308,0.62825731676722318,0.033536704599501782
separated_restricted_training,spectral,309,0.62834416863906228,0.033420591460474755
separated_restricted_training,spectral,310,0.62842886199272063,0.033305740907597803
separated_restricted_training,spectral,311,0.62851139037847137,0.033192161687185195
separated_restricted_training,spectral,312,0.62859174751145852,0.033079862448734301
separated_restricted_training,spectral,313,0.62866992727217519,0.032968851744266905
separated_restricted_training,spectral,314,0.62874592370692994,0.032859138027677953
separated_restricted_training,spectral,315,0.62881973102830013,0.032750729654091745
separated_restricted_training,spectral,316,0.62889134361557231,0.032643634879225655
separated_restricted_training,spectral,317,0.62896075601517076,0.03253786185876139
separated_restricted_training,spectral,318,0.62902796294107255,0.032433418647724005
separated_restricted_training,spectral,319,0.62909295927521003,0.032330313199868385
separated_restricted_training,spectral,320,0.62915574006786079,0.032228553367073573
separated_restricted_training,spectral,321,0.62921630053802424,0.032128146898744804
separated_restricted_training,spectral,322,0.62927463607378631,0.032029101441223382
separated_restricted_training,spectral,323,0.62933074223266994,0.031931424537204378
separated_restricted_training,spectral,324,0.62938461474197405,0.031835123625162207
separated_restricted_training,spectral,325,0.62943624949909838,0.031740206038784163
separated_restricted_training,spectral,326,0.62948564257185624,0.03164667900641191
separated_restricted_training,spectral,327,0.62953279019877395,0.031554549650491107
separated_restricted_training,spectral,328,0.62957768878937714,0.031463824987028884
separated_restricted_training,spectral,329,0.62962033492446434,0.03137451192505962
separated_restricted_training,spectral,330,0.6296607253563673,0.031286617266118769
separated_restricted_training,spectral,331,0.62969885700919814,0.031200147703724902
separated_restricted_training,spectral,332,0.62973472697908406,0.031115109822869989
separated_restricted_training,spectral,333,0.6297683325343878,0.031031510099517896
separated_restricted_training,spectral,334,0.62979967111591617,0.030949354900111213
separated_restricted_training,spectral,335,0.629828740337115,0.030868650481086456
separated_restricted_training,spectral,336,0.62985553798425054,0.0307894029883976
separated_restricted_training,spectral,337,0.62988006201657809,0.030711618457048031
separated_restricted_training,spectral,338,0.6299023105664977,0.030635302810630958
separated_restricted_training,spectral,339,0.62992228193969624,0.030560461860878331
separated_restricted_training,spectral,340,0.62993997461527629,0.030487101307218226
separated_restricted_training,spectral,341,0.62995538724587197,0.030415226736340839
separated_restricted_training,spectral,342,0.62996851865775194,0.030344843621773015
separated_restricted_training,spectral,343,0.62997936785090825,0.03027595732346142
separated_restricted_training,spectral,344,0.62998793399913278,0.030208573087364379
separated_restricted_training,spectral,345,0.62999421645008036,0.030142696045052368
separated_restricted_training,spectral,346,0.62999821472531792,0.030078331213317201
separated_restricted_training,spectral,347,0.62999992852036135,0.030015483493790015
separated_restricted_training,spectral,348,0.6299993577046985,0.029954157672567979
separated_restricted_training,spectral,349,0.62999650232179927,0.029894358419849807
separated_restricted_training,spectral,350,0.62999136258911204,0.029836090289580126
separated_restricted_training,spectral,351,0.62998393889804727,0.029779357719102645
separated_restricted_training,spectral,352,0.62997423181394796,0.029724165028822254
separated_restricted_training,spectral,353,0.62996224207604601,0.029670516421876
separated_restricted_training,spectral,354,0.62994797059740648,0.029618415983813019
separated_restricted_training,spectral,355,0.62993141846485756,0.029567867682283384
separated_restricted_training,spectral,356,0.6299125869389085,0.029518875366735954
separated_restricted_training,spectral,357,0.62989147745365259,0.029471442768125251
separated_restricted_training,spectral,358,0.62986809161665913,0.029425573498627292
separated_restricted_training,spectral,359,0.62984243120885008,0.029381271051364545
separated_restricted_training,spectral,360,0.62981449818436475,0.029338538800139893
separated_restricted_training,spectral,361,0.62978429467041108,0.02929737999917971
separated_restricted_training,spectral,362,0.62975182296710375,0.029257797782886039
separated_restricted_training,spectral,363,0.62971708554728867,0.029219795165597907
separated_restricted_training,spectral,364,0.62968008505635475,0.029183375041361745
separated_restricted_training,spectral,365,0.62964082431203261,0.029148540183711026
separated_restricted_training,spectral,366,0.62959930630418004,0.029115293245455025
separated_restricted_training,spectral,367,0.62955553419455401,0.029083636758476812
separated_restricted_training,spectral,368,0.62950951131657018,0.029053573133540435
separated_restricted_training,spectral,369,0.62946124117504887,0.029025104660107329
separated_restricted_training,spectral,370,0.62941072744594828,0.028998233506161965
separated_restricted_training,spectral,371,0.62935797397608428,0.028972961718046749
separated_restricted_training,spectral,372,0.62930298478283819,0.028949291220306195
separated_restricted_training,spectral,373,0.62924576405384958,0.028927223815540349
separated_restricted_training,spectral,374,0.62918631614669884,0.028906761184267514
separated_restricted_training,spectral,375,0.62912464558857406,0.028887904884796301
separated_restricted_training,spectral,376,0.62906075707592701,0.028870656353106903
separated_restricted_training,spectral,377,0.62899465547411537,0.028855016902741799
separated_restricted_training,spectral,378,0.628926345817032,0.028840987724705683
separated_restricted_training,spectral,379,0.62885583330672179,0.028828569887374776
separated_restricted_training,spectral,380,0.62878312331298536,0.028817764336415468
separated_restricted_training,spectral,381,0.62870822137297022,0.028808571894712306
separated_restricted_training,spectral,382,0.62863113319074915,0.028800993262305306
separated_restricted_training,spectral,383,0.62855186463688562,0.028795029016336678
separated_restricted_training,spectral,384,0.62847042174798695,0.028790679611006838
separated_restricted_training,spectral,385,0.62838681072624458,0.028787945377539842
separated_restricted_training,spectral,386,0.6283010379389613,0.028786826524158156
separated_restricted_training,spectral,387,0.628213109918067,0.028787323136066793
separated_restricted_training,spectral,388,0.62812303335962105,0.02878943517544684
separated_restricted_training,spectral,389,0.62803081512330194,0.028793162481458318
separated_restricted_training,spectral,390,0.62793646223188548,0.028798504770252441
separated_restricted_training,spectral,391,0.62783998187070977,0.028805461634993236
separated_restricted_training,spectral,392,0.62774138138712754,0.028814032545888518
separated_restricted_training,spectral,393,0.62764066828994769,0.028824216850230237
separated_restricted_training,spectral,394,0.62753785024886233,0.028836013772444193
separated_restricted_training,spectral,395,0.62743293509386344,0.028849422414149076
separated_restricted_training,spectral,396,0.62732593081464616,0.028864441754224916
separated_restricted_training,spectral,397,0.62721684556000068,0.028881070648890811
separated_restricted_training,spectral,398,0.62710568763719154,0.028899307831792058
separated_restricted_training,spectral,399,0.62699246551132493,0.028919151914096559
separated_restricted_training,spectral,400,0.62687718780470403,0.028940601384600625
separated_restricted_training,spectral,401,0.6267598632961725,0.028963654609844031
separated_restricted_training,spectral,402,0.62664050092044599,0.028988309834234421
separated_restricted_training,spectral,403,0.62651910976743141,0.029014565180181001
separated_restricted_training,spectral,404,0.62639569908153525,0.029042418648237523
separated_restricted_training,spectral,405,0.62627027826095882,0.029071868117254557
separated_restricted_training,spectral,406,0.62614285685698334,0.029102911344541019
separated_restricted_training,spectral,407,0.62601344457324204,0.029135545966034966
separated_restricted_training,spectral,408,0.62588205126498142,0.029169769496483616
separated_restricted_training,spectral,409,0.62574868693831043,0.029205579329632622
separated_restricted_training,spectral,410,0.62561336174943893,0.029242972738424553
separated_restricted_training,spectral,411,0.62547608600390414,0.029281946875206553
separated_restricted_training,spectral,412,0.62533687015578554,0.029322498771947206
separated_restricted_training,spectral,413,0.62519572480690877,0.029364625340462573
separated_restricted_training,spectral,414,0.62505266070603882,0.029408323372651375
separated_restricted_training,spectral,415,0.62490768874806069,0.029453589540739261
separated_restricted_training,spectral,416,0.62476081997315047,0.029500420397532288
separated_restricted_training,spectral,417,0.62461206556593385,0.029548812376679386
separated_restricted_training,spectral,418,0.62446143685463484,0.029598761792943993
separated_restricted_training,spectral,419,0.62430894531021308,0.029650264842484675
separated_restricted_training,spectral,420,0.62415460254549004,0.029703317603144808
separated_restricted_training,spectral,421,0.62399842031426478,0.029757916034751256
separated_restricted_training,spectral,422,0.62384041051041894,0.029814055979422077
separated_restricted_training,spectral,423,0.62368058516701086,0.029871733161883122
separated_restricted_training,spectral,424,0.62351895645535926,0.029930943189793641
separated_restricted_training,spectral,425,0.62335553668411614,0.02999168155408078
separated_restricted_training,spectral,426,0.62319033829832993,0.030053943629282921
separated_restricted_training,spectral,427,0.62302337387849727,0.030117724673901988
separated_restricted_training,spectral,428,0.62285465613960511,0.030183019830764504
separated_restricted_training,spectral,429,0.6226841979301625,0.030249824127391464
separated_restricted_training,spectral,430,0.6225120122312221,0.030318132476377033
separated_restricted_training,spectral,431,0.62233811215539148,0.03038793967577598
separated_restricted_training,spectral,432,0.62216251094583475,0.030459240409499794
separated_restricted_training,spectral,433,0.62198522197526385,0.030532029247721547
separated_restricted_training,spectral,434,0.62180625874492024,0.030606300647289406
separated_restricted_training,spectral,435,0.62162563488354683,0.030682048952148731
separated_restricted_training,spectral,436,0.62144336414635004,0.030759268393772837
separated_restricted_training,spectral,437,0.62125946041395208,0.030837953091602279
separated_restricted_training,spectral,438,0.62107393769133434,0.030918097053492678
separated_restricted_training,spectral,439,0.62088681010677027,0.030999694176171048
separated_restricted_training,spectral,440,0.62069809191074998,0.03108273824570057
separated_restricted_training,spectral,441,0.62050779747489482,0.031167222937953841
separated_restricted_training,spectral,442,0.62031594129086276,0.03125314181909445
separated_restricted_training,spectral,443,0.62012253796924499,0.031340488346066953
separated_restricted_training,spectral,444,0.61992760223845333,0.031429255867095135
separated_restricted_training,spectral,445,0.61973114894359838,0.03151943762218859
separated_restricted_training,spectral,446,0.61953319304535914,0.031611026743657525
separated_restricted_training,spectral,447,0.61933374961884358,0.031704016256635742
separated_restricted_training,spectral,448,0.619132833852441,0.031798399079611794
separated_restricted_training,spectral,449,0.61893046104666471,0.031894168024968292
separated_restricted_training,spectral,450,0.61872664661298749,0.031991315799529275
separated_restricted_training,spectral,451,0.61852140607266748,0.032089835005115572
separated_restricted_training,spectral,452,0.61831475505556655,0.032189718139108266
separated_restricted_training,spectral,453,0.61810670929895961,0.032290957595019966
separated_restricted_training,spectral,454,0.61789728464633664,0.032393545663074154
separated_restricted_training,spectral,455,0.61768649704619571,0.032497474530792256
separated_restricted_training,spectral,456,0.61747436255082855,0.032602736283588625
separated_restricted_training,spectral,457,0.61726089731509848,0.032709322905373248
separated_restricted_training,spectral,458,0.61704611759520966,0.032817226279162191
separated_restricted_training,spectral,459,0.61683003974746908,0.032926438187695799
separated_restricted_training,spectral,460,0.61661268022704174,0.033036950314064388
separated_restricted_training,spectral,461,0.61639405558669635,0.033148754242341691
separated_restricted_training,spectral,462,0.61617418247554601,0.033261841458225673
separated_restricted_training,spectral,463,0.61595307763777918,0.033376203349687043
separated_restricted_training,spectral,464,0.61573075791138532,0.033491831207624979
separated_restricted_training,spectral,465,0.61550724022687253,0.033608716226530416
separated_restricted_training,spectral,466,0.61528254160597773,0.033726849505156656
separated_restricted_training,spectral,467,0.61505667916037077,0.033846222047197116
separated_restricted_training,spectral,468,0.6148296700903515,0.033966824761970604
separated_restricted_training,spectral,469,0.61460153168353948,0.034088648465113419
separated_restricted_training,spectral,470,0.61437228131355759,0.034211683879278913
separated_restricted_training,spectral,471,0.61414193643870907,0.034335921634843961
separated_restricted_training,spectral,472,0.61391051460064816,0.034461352270622456
separated_restricted_training,spectral,473,0.6136780334230435,0.034587966234585862
separated_restricted_training,spectral,474,0.61344451061023708,0.034715753884590625
separated_restricted_training,spectral,475,0.61320996394589522,0.034844705489112428
separated_restricted_training,spectral,476,0.61297441129165431,0.03497481122798736
separated_restricted_training,spectral,477,0.61273787058576112,0.035106061193159663
separated_restricted_training,spectral,478,0.61250035984170614,0.035238445389436317
separated_restricted_training,spectral,479,0.6122618971468522,0.035371953735248263
separated_restricted_training,spectral,480,0.61202250066105657,0.035506576063418047
separated_restricted_training,spectral,481,0.61178218861528855,0.035642302121934186
separated_restricted_training,spectral,482,0.61154097931024098,0.035779121574731822
separated_restricted_training,spectral,483,0.61129889111493618,0.035917024002479897
separated_restricted_training,spectral,484,0.61105594246532746,0.036055998903374659
separated_restricted_training,spectral,485,0.61081215186289528,0.03619603569393931
separated_restricted_training,spectral,486,0.61056753787323781,0.03633712370983011
separated_restricted_training,spectral,487,0.61032211912465739,0.036479252206648369
separated_restricted_training,spectral,488,0.61007591430674191,0.036622410360758792
separated_restricted_training,spectral,489,0.60982894216894146,0.036766587270113699
separated_restricted_training,spectral,490,0.60958122151914051,0.036911771955083231
separated_restricted_training,spectral,491,0.60933277122222573,0.03705795335929149
separated_restricted_training,spectral,492,0.60908361019864898,0.037205120350458636
separated_restricted_training,spectral,493,0.60883375742298718,0.037353261721248469
separated_restricted_training,spectral,494,0.60858323192249619,0.03750236619012208
separated_restricted_training,spectral,495,0.60833205277566293,0.037652422402196878
separated_restricted_training,spectral,496,0.60808023911075204,0.037803418930111313
separated_restricted_training,spectral,497,0.60782781010434894,0.037955344274895227
separated_restricted_training,spectral,498,0.60757478497989981,0.038108186866845369
separated_restricted_training,spectral,499,0.60732118300624749,0.038261935066406641
separated_restricted_training,spectral,500,0.60706702349616404,0.038416577165058377
separated_restricted_training,spectral,501,0.60681232580488031,0.038572101386206023
separated_restricted_training,spectral,502,0.60655710932861162,0.038728495886078025
separated_restricted_training,spectral,503,0.60630139350308065,0.038885748754627698
separated_restricted_training,spectral,504,0.60604519780203747,0.039043848016440293
separated_restricted_training,spectral,505,0.60578854173577679,0.039202781631644902
separated_restricted_training,spectral,506,0.60553144484965182,0.039362537496831378
separated_restricted_training,spectral,507,0.60527392672258551,0.039523103445972096
separated_restricted_training,spectral,508,0.60501600696558044,0.03968446725134836
separated_restricted_training,spectral,509,0.60475770522022476,0.039846616624481621
separated_restricted_training,spectral,510,0.60449904115719633,0.040009539217069366
separated_restricted_training,spectral,511,0.60424003447476504,0.04017322262192536
separated_restricted_training,spectral,512,0.60398070489729261,0.040337654373924628
separated_restricted_training,spectral,513,0.60372107217373017,0.04050282195095261
separated_restricted_training,spectral,514,0.60346115607611506,0.040668712774858833
separated_restricted_training,spectral,515,0.60320097639806436,0.040835314212414812
separated_restricted_training,spectral,516,0.60294055295326787,0.04100261357627602
separated_restricted_training,spectral,517,0.60267990557397921,0.04117059812594822
separated_restricted_training,spectral,518,0.60241905410950525,0.04133925506875754
separated_restricted_training,spectral,519,0.6021580184246953,0.041508571560824797
separated_restricted_training,spectral,520,0.60189681839842712,0.041678534708043613
separated_restricted_training,spectral,521,0.60163547392209404,0.041849131567062277
separated_restricted_training,spectral,522,0.60137400489808979,0.042020349146269467
separated_restricted_training,spectral,523,0.60111243123829294,0.042192174406783654
separated_restricted_training,spectral,524,0.60085077286255029,0.042364594263445972
separated_restricted_training,spectral,525,0.60058904969716032,0.042537595585816823
separated_restricted_training,spectral,526,0.60032728167335514,0.042711165199175685
separated_restricted_training,spectral,527,0.60006548872578358,0.042885289885524494
separated_restricted_training,spectral,528,0.59980369079099194,0.043059956384594249
separated_restricted_training,spectral,529,0.59954190780590666,0.043235151394854773
separated_restricted_training,spectral,530,0.59928015970631554,0.043410861574527775
separated_restricted_training,spectral,531,0.59901846642534962,0.043587073542602758
separated_restricted_training,spectral,532,0.5987568478919657,0.04376377387985611
separated_restricted_training,spectral,533,0.59849532402942784,0.043940949129873064
separated_restricted_training,spectral,534,0.59823391475379073,0.044118585800072323
separated_restricted_training,spectral,535,0.59797263997238281,0.044296670362733749
separated_restricted_training,spectral,536,0.59771151958229018,0.044475189256028391
separated_restricted_training,spectral,537,0.59745057346884167,0.044654128885051346
separated_restricted_training,spectral,538,0.59718982150409394,0.044833475622857104
separated_restricted_training,spectral,539,0.59692928354531871,0.045013215811497191
separated_restricted_training,spectral,540,0.59666897943349029,0.045193335763060331
separated_restricted_training,spectral,541,0.59640892899177456,0.045373821760714896
separated_restricted_training,spectral,542,0.59614915202401952,0.045554660059753338
separated_restricted_training,spectral,543,0.59588966831324708,0.045735836888639081
separated_restricted_training,spectral,544,0.5956304976201463,0.045917338450055134
separated_restricted_training,spectral,545,0.59537165968156902,0.046099150921954865
separated_restricted_training,spectral,546,0.59511317420902632,0.046281260458614658
separated_restricted_training,spectral,547,0.59485506088718765,0.046463653191688194
separated_restricted_training,spectral,548,0.59459733937238191,0.046646315231262725
separated_restricted_training,spectral,549,0.59434002929110019,0.046829232666916715
separated_restricted_training,spectral,550,0.59408315023850145,0.047012391568779226
separated_restricted_training,spectral,551,0.59382672177692009,0.047195777988590787
separated_restricted_training,spectral,552,0.5935707634343762,0.047379377960765488
separated_restricted_training,spectral,553,0.59331529470308864,0.047563177503454644
separated_restricted_training,spectral,554,0.59306033503799016,0.047747162619611455
separated_restricted_training,spectral,555,0.59280590385524667,0.047931319298056975
separated_restricted_training,spectral,556,0.59255202053077771,0.048115633514547194
separated_restricted_training,spectral,557,0.59229870439878129,0.048300091232840896
separated_restricted_training,spectral,558,0.59204597475026177,0.048484678405768672
separated_restricted_training,spectral,559,0.59179385083156022,0.048669380976302662
separated_restricted_training,spectral,560,0.59154235184288917,0.048854184878626999
separated_restricted_training,spectral,561,0.59129149693687055,0.049039076039209047
separated_restricted_training,spectral,562,0.59104130521707643,0.049224040377871078
separated_restricted_training,spectral,563,0.59079179573657503,0.049409063808862563
separated_restricted_training,spectral,564,0.59054298749647927,0.049594132241932931
separated_restricted_training,spectral,565,0.59029489944450009,0.049779231583404429
separated_restricted_training,spectral,566,0.59004755047350288,0.049964347737245618
separated_restricted_training,spectral,567,0.58980095942006971,0.050149466606144638
separated_restricted_training,spectral,568,0.58955514506306383,0.050334574092582907
separated_restricted_training,spectral,569,0.58931012612220035,0.050519656099908689
separated_restricted_training,spectral,570,0.58906592125662016,0.05070469853341051
separated_restricted_training,spectral,571,0.5888225490634692,0.050889687301390679
separated_restricted_training,spectral,572,0.58858002807648246,0.051074608316238279
separated_restricted_training,spectral,573,0.5883383767645719,0.05125944749550207
separated_restricted_training,spectral,574,0.58809761353042045,0.051444190762962944
separated_restricted_training,spectral,575,0.58785775670908058,0.051628824049705813
separated_restricted_training,spectral,576,0.5876188245665781,0.051813333295191021
separated_restricted_training,spectral,577,0.58738083529852037,0.051997704448325216
separated_restricted_training,spectral,578,0.58714380702871183,0.052181923468531233
separated_restricted_training,spectral,579,0.58690775780777282,0.05236597632681747
separated_restricted_training,spectral,580,0.58667270561176543,0.052549849006846172
separated_restricted_training,spectral,581,0.58643866834082437,0.052733527506000848
separated_restricted_training,spectral,582,0.58620566381779404,0.052916997836452671
separated_restricted_training,spectral,583,0.58597370978687091,0.053100246026225616
separated_restricted_training,spectral,584,0.58574282391225252,0.053283258120260593
separated_restricted_training,spectral,585,0.58551302377679215,0.053466020181478065
separated_restricted_training,spectral,586,0.58528432688065968,0.053648518291839448
separated_restricted_training,spectral,587,0.58505675064000939,0.053830738553407115
separated_restricted_training,spectral,588,0.58483031238565297,0.054012667089402618
separated_restricted_training,spectral,589,0.58460502936174019,0.054194290045263604
separated_restricted_training,spectral,590,0.58438091872444553,0.054375593589698797
separated_restricted_training,spectral,591,0.58415799754066189,0.054556563915741312
separated_restricted_training,spectral,592,0.58393628278670018,0.054737187241800205
separated_restricted_training,spectral,593,0.58371579134699747,0.054917449812709872
separated_restricted_training,spectral,594,0.58349654001283069,0.055097337900777602
separated_restricted_training,spectral,595,0.58327854548103764,0.055276837806829057
separated_restricted_training,spectral,596,0.58306182435274589,0.055455935861251394
separated_restricted_training,spectral,597,0.58284639313210851,0.055634618425034407
separated_restricted_training,spectral,598,0.58263226822504699,0.055812871890809038
separated_restricted_training,spectral,599,0.58241946593800209,0.055990682683883713
separated_restricted_training,spectral,600,0.5822080024766918,0.056168037263278167
separated_restricted_training,spectral,601,0.58199789394487744,0.056344922122754465
separated_restricted_training,spectral,602,0.5817891563431371,0.056521323791845782
separated_restricted_training,spectral,603,0.58158180556764749,0.056697228836882003
separated_restricted_training,spectral,604,0.5813758574089728,0.056872623862012917
separated_restricted_training,spectral,605,0.58117132755086265,0.057047495510228301
separated_restricted_training,spectral,606,0.58096823156905775,0.057221830464375081
separated_restricted_training,spectral,607,0.58076658493010336,0.057395615448171559
separated_restricted_training,spectral,608,0.58056640299017159,0.057568837227218367
separated_restricted_training,spectral,609,0.58036770099389257,0.057741482610006362
separated_restricted_training,spectral,610,0.58017049407319221,0.057913538448921262
separated_restricted_training,spectral,611,0.57997479724614132,0.058084991641244754
separated_restricted_training,spectral,612,0.57978062541581088,0.058255829130152439
separated_restricted_training,spectral,613,0.57958799336913747,0.058426037905708134
separated_restricted_training,spectral,614,0.57939691577579733,0.058595605005854562
separated_restricted_training,spectral,615,0.57920740718708896,0.058764517517400576
separated_restricted_training,spectral,616,0.57901948203482501,0.058932762577004423
separated_restricted_training,spectral,617,0.57883315463023355,0.059100327372153427
separated_restricted_training,spectral,618,0.57864843916286779,0.059267199142139695
separated_restricted_training,spectral,619,0.57846534969952568,0.059433365179031861
separated_restricted_training,spectral,620,0.57828390018317877,0.059598812828642905
separated_restricted_training,spectral,621,0.57810410443191018,0.05976352949149373
separated_restricted_training,spectral,622,0.57792597613786245,0.059927502623772715
separated_restricted_training,spectral,623,0.57774952886619491,0.060090719738291033
separated_restricted_training,spectral,624,0.5775747760540505,0.060253168405433447
separated_restricted_training,spectral,625,0.57740173100953229,0.060414836254105056
separated_restricted_training,spectral,626,0.5772304069106905,0.060575710972673238
separated_restricted_training,spectral,627,0.57706081680451848,0.060735780309905299
separated_restricted_training,spectral,628,0.57689297360595937,0.060895032075901509
separated_restricted_training,spectral,629,0.5767268900969228,0.061053454143023315
separated_restricted_training,spectral,630,0.57656257892531082,0.061211034446816921
separated_restricted_training,spectral,631,0.57640005260405536,0.061367760986932141
separated_restricted_training,spectral,632,0.57623932351016494,0.061523621828036106
separated_restricted_training,spectral,633,0.57608040388378245,0.061678605100722372
separated_restricted_training,spectral,634,0.57592330582725271,0.061832699002414657
separated_restricted_training,spectral,635,0.57576804130420101,0.061985891798265733
separated_restricted_training,spectral,636,0.57561462213862169,0.062138171822051121
separated_restricted_training,spectral,637,0.5754630600139784,0.062289527477057405
separated_restricted_training,spectral,638,0.57531336647231368,0.062439947236965478
separated_restricted_training,spectral,639,0.57516555291337035,0.062589419646728248
separated_restricted_training,spectral,640,0.57501963059372307,0.06273793332344299
separated_restricted_training,spectral,641,0.57487561062592152,0.062885476957218245
separated_restricted_training,spectral,642,0.57473350397764378,0.063032039312035035
separated_restricted_training,spectral,643,0.5745933214708614,0.063177609226602649
separated_restricted_training,spectral,644,0.57445507378101501,0.063322175615208462
separated_restricted_training,spectral,645,0.57431877143620136,0.063465727468562272
separated_restricted_training,spectral,646,0.57418442481637177,0.063608253854634672
separated_restricted_training,spectral,647,0.57405204415254152,0.063749743919489538
separated_restricted_training,spectral,648,0.57392163952601061,0.063890186888110628
separated_restricted_training,spectral,649,0.57379322086759621,0.064029572065222168
separated_restricted_training,spectral,650,0.57366679795687647,0.064167888836103221
separated_restricted_training,spectral,651,0.57354238042144545,0.064305126667396198
separated_restricted_training,spectral,652,0.57341997773618025,0.064441275107908924
separated_restricted_training,spectral,653,0.57329959922251905,0.064576323789410472
separated_restricted_training,spectral,654,0.573181254047752,0.064710262427420964
separated_restricted_training,spectral,655,0.57306495122432211,0.064843080821994484
separated_restricted_training,spectral,656,0.5729506996091398,0.064974768858496096
separated_restricted_training,spectral,657,0.5728385079029078,0.065105316508371966
separated_restricted_training,spectral,658,0.57272838464945908,0.06523471382991311
separated_restricted_training,spectral,659,0.57262033823510561,0.065362950969012512
separated_restricted_training,spectral,660,0.57251437688800022,0.065490018159915522
separated_restricted_training,spectral,661,0.57241050867750976,0.065615905725963639
separated_restricted_training,spectral,662,0.57230874151360056,0.065740604080331277
separated_restricted_training,spectral,663,0.57220908314623609,0.065864103726755954
separated_restricted_training,spectral,664,0.57211154116478702,0.065986395260261482
separated_restricted_training,spectral,665,0.57201612299745286,0.066107469367874094
separated_restricted_training,spectral,666,0.57192283591069626,0.066227316829331737
separated_restricted_training,spectral,667,0.57183168700869036,0.066345928517786215
separated_restricted_training,spectral,668,0.57174268323277677,0.066463295400498223
separated_restricted_training,spectral,669,0.57165583136093767,0.066579408539525251
separated_restricted_training,spectral,670,0.57157113800727932,0.066694259092402203
separated_restricted_training,spectral,671,0.57148860962152848,0.06680783831281481
separated_restricted_training,spectral,672,0.57140825248854143,0.066920137551265704
separated_restricted_training,spectral,673,0.57133007272782477,0.067031148255733086
separated_restricted_training,spectral,674,0.57125407629307001,0.067140861972322052
separated_restricted_training,spectral,675,0.57118026897169982,0.06724927034590826
separated_restricted_training,spectral,676,0.57110865638442765,0.06735636512077435
separated_restricted_training,spectral,677,0.57103924398482919,0.067462138141238609
separated_restricted_training,spectral,678,0.57097203705892741,0.067566581352275987
separated_restricted_training,spectral,679,0.57090704072478993,0.06766968680013162
separated_restricted_training,spectral,680,0.57084425993213916,0.067771446632926446
separated_restricted_training,spectral,681,0.57078369946197571,0.067871853101255208
separated_restricted_training,spectral,682,0.57072536392621365,0.067970898558776624
separated_restricted_training,spectral,683,0.57066925776733002,0.068068575462795627
separated_restricted_training,spectral,684,0.57061538525802591,0.068164876374837785
separated_restricted_training,spectral,685,0.57056375050090158,0.068259793961215842
separated_restricted_training,spectral,686,0.57051435742814371,0.068353320993588082
separated_restricted_training,spectral,687,0.57046720980122601,0.068445450349508899
separated_restricted_training,spectral,688,0.57042231121062281,0.068536175012971129
separated_restricted_training,spectral,689,0.57037966507553561,0.068625488074940386
separated_restricted_training,spectral,690,0.57033927464363265,0.068713382733881251
separated_restricted_training,spectral,691,0.57030114299080181,0.068799852296275096
separated_restricted_training,spectral,692,0.5702652730209159,0.068884890177130009
separated_restricted_training,spectral,693,0.57023166746561216,0.068968489900482113
separated_restricted_training,spectral,694,0.57020032888408378,0.069050645099888786
separated_restricted_training,spectral,695,0.57017125966288495,0.069131349518913546
separated_restricted_training,spectral,696,0.57014446201574942,0.069210597011602398
separated_restricted_training,spectral,697,0.57011993798342187,0.069288381542951971
separated_restricted_training,spectral,698,0.57009768943350225,0.069364697189369051
separated_restricted_training,spectral,699,0.57007771806030372,0.069439538139121681
separated_restricted_training,spectral,700,0.57006002538472367,0.06951289869278178
separated_restricted_training,spectral,701,0.57004461275412799,0.069584773263659166
separated_restricted_training,spectral,702,0.57003148134224801,0.069655156378226987
separated_restricted_training,spectral,703,0.57002063214909171,0.069724042676538589
separated_restricted_training,spectral,704,0.57001206600086718,0.069791426912635623
separated_restricted_training,spectral,705,0.5700057835499196,0.06985730395494763
separated_restricted_training,spectral,706,0.57000178527468204,0.069921668786682808
separated_restricted_training,spectral,707,0.5700000714796386,0.069984516506209987
separated_restricted_training,spectral,708,0.57000064229530145,0.070045842327432023
separated_restricted_training,spectral,709,0.57000349767820069,0.070105641580150188
separated_restricted_training,spectral,710,0.57000863741088792,0.070163909710419872
separated_restricted_training,spectral,711,0.57001606110195269,0.070220642280897361
separated_restricted_training,spectral,712,0.570025768186052,0.070275834971177759
separated_restricted_training,spectral,713,0.57003775792395395,0.070329483578124005
separated_restricted_training,spectral,714,0.57005202940259347,0.070381584016186979
separated_restricted_training,spectral,715,0.57006858153514239,0.070432132317716625
separated_restricted_training,spectral,716,0.57008741306109145,0.070481124633264058
separated_restricted_training,spectral,717,0.57010852254634736,0.070528557231874761
separated_restricted_training,spectral,718,0.57013190838334082,0.070574426501372717
separated_restricted_training,spectral,719,0.57015756879114987,0.070618728948635467
separated_restricted_training,operator,0,1.0107004672795163,-0.25
separated_restricted_training,operator,1,1.0107000598385103,-0.24993397177763788
separated_restricted_training,operator,2,1.0106988375465209,-0.24986794858358055
separated_restricted_training,operator,3,1.0106968004966297,-0.24980193544574983
separated_restricted_training,operator,4,1.0106939488439666,-0.24973593739130173
separated_restricted_training,operator,5,1.0106902828056956,-0.24966995944624368
separated_restricted_training,operator,6,1.0106858026609999,-0.24960400663505158
separated_restricted_training,operator,7,1.0106805087510597,-0.24953808398028737
separated_restricted_training,operator,8,1.010674401479027,-0.24947219650221644
separated_restricted_training,operator,9,1.0106674813099941,-0.24940634921842536
separated_restricted_training,operator,10,1.0106597487709583,-0.2493405471434397
separated_restricted_training,operator,11,1.0106512044507829,-0.24927479528834223
separated_restricted_training,operator,12,1.0106418490001507,-0.24920909866039131
separated_restricted_training,operator,13,1.0106316831315156,-0.2491434622626395
separated_restricted_training,operator,14,1.0106207076190479,-0.24907789109355261
separated_restricted_training,operator,15,1.0106089232985751,-0.24901239014662904
separated_restricted_training,operator,16,1.010596331067519,-0.24894696441001948
separated_restricted_training,operator,17,1.0105829318848267,-0.2488816188661471
separated_restricted_training,operator,18,1.010568726770898,-0.24881635849132805
separated_restricted_training,operator,19,1.0105537168075072,-0.24875118825539252
separated_restricted_training,operator,20,1.0105379031377211,-0.24868611312130634
separated_restricted_training,operator,21,1.010521286965812,-0.24862113804479288
separated_restricted_training,operator,22,1.0105038695571655,-0.2485562679739558
separated_restricted_training,operator,23,1.0104856522381849,-0.24849150784890212
separated_restricted_training,operator,24,1.0104666363961896,-0.24842686260136612
separated_restricted_training,operator,25,1.0104468234793094,-0.24836233715433367
separated_restricted_training,operator,26,1.0104262149963745,-0.24829793642166742
separated_restricted_training,operator,27,1.0104048125168013,-0.24823366530773244
separated_restricted_training,operator,28,1.0103826176704709,-0.24816952870702291
separated_restricted_training,operator,29,1.0103596321476069,-0.24810553150378931
separated_restricted_training,operator,30,1.0103358576986459,-0.24804167857166642
separated_restricted_training,operator,31,1.0103112961341043,-0.24797797477330227
separated_restricted_training,operator,32,1.0102859493244403,-0.24791442495998769
separated_restricted_training,operator,33,1.0102598191999117,-0.24785103397128708
separated_restricted_training,operator,34,1.0102329077504284,-0.24778780663466957
separated_restricted_training,operator,35,1.0102052170254014,-0.24772474776514172
separated_restricted_training,operator,36,1.0101767491335871,-0.24766186216488054
separated_restricted_training,operator,37,1.0101475062429253,-0.24759915462286797
separated_restricted_training,operator,38,1.0101174905803754,-0.24753662991452613
separated_restricted_training,operator,39,1.0100867044317463,-0.24747429280135361
separated_restricted_training,operator,40,1.0100551501415225,-0.24741214803056294
separated_restricted_training,operator,41,1.0100228301126855,-0.24735020033471902
separated_restricted_training,operator,42,1.0099897468065302,-0.24728845443137873
separated_restricted_training,operator,43,1.0099559027424789,-0.24722691502273167
separated_restricted_training,operator,44,1.0099213004978878,-0.24716558679524206
separated_restricted_training,operator,45,1.0098859427078519,-0.24710447441929187
separated_restricted_training,operator,46,1.0098498320650038,-0.24704358254882514
separated_restricted_training,operator,47,1.0098129713193089,-0.24698291582099355
separated_restricted_training,operator,48,1.0097753632778554,-0.24692247885580332
separated_restricted_training,operator,49,1.0097370108046415,-0.24686227625576332
separated_restricted_training,operator,50,1.0096979168203566,-0.24680231260553462
separated_restricted_training,operator,51,1.0096580843021588,-0.24674259247158137
separated_restricted_training,operator,52,1.0096175162834484,-0.24668312040182297
separated_restricted_training,operator,53,1.0095762158536372,-0.2466239009252878
separated_restricted_training,operator,54,1.0095341861579132,-0.24656493855176825
separated_restricted_training,operator,55,1.0094914303970002,-0.2465062377714774
separated_restricted_training,operator,56,1.0094479518269146,-0.24644780305470687
separated_restricted_training,operator,57,1.0094037537587184,-0.24638963885148663
separated_restricted_training,operator,58,1.0093588395582653,-0.2463317495912459
separated_restricted_training,operator,59,1.0093132126459456,-0.24627413968247605
separated_restricted_training,operator,60,1.0092668764964252,-0.24621681351239461
separated_restricted_training,operator,61,1.0092198346383816,-0.24615977544661141
separated_restricted_training,operator,62,1.0091720906542343,-0.24610302982879598
separated_restricted_training,operator,63,1.0091236481798724,-0.24604658098034682
separated_restricted_training,operator,64,1.0090745109043779,-0.24599043320006231
separated_restricted_training,operator,65,1.0090246825697449,-0.24593459076381324
separated_restricted_training,operator,66,1.0089741669705934,-0.24587905792421741
separated_restricted_training,operator,67,1.0089229679538823,-0.24582383891031553
separated_restricted_training,operator,68,1.0088710894186148,-0.2457689379272493
separated_restricted_training,operator,69,1.0088185353155423,-0.24571435915594111
separated_restricted_training,operator,70,1.0087653096468632,-0.24566010675277575
separated_restricted_training,operator,71,1.0087114164659183,-0.24560618484928373
separated_restricted_training,operator,72,1.0086568598768817,-0.24555259755182679
separated_restricted_training,operator,73,1.0086016440344492,-0.24549934894128508
separated_restricted_training,operator,74,1.008545773143521,-0.24544644307274649
separated_restricted_training,operator,75,1.0084892514588815,-0.24539388397519774
separated_restricted_training,operator,76,1.0084320832848757,-0.24534167565121753
separated_restricted_training,operator,77,1.0083742729750818,-0.24528982207667197
separated_restricted_training,operator,78,1.0083158249319786,-0.24523832720041144
separated_restricted_training,operator,79,1.0082567436066108,-0.24518719494397015
separated_restricted_training,operator,80,1.00819703349825,-0.24513642920126744
separated_restricted_training,operator,81,1.0081366991540521,-0.24508603383831112
separated_restricted_training,operator,82,1.0080757451687112,-0.2450360126929032
separated_restricted_training,operator,83,1.0080141761841093,-0.24498636957434758
separated_restricted_training,operator,84,1.0079519968889628,-0.24493710826315993
separated_restricted_training,operator,85,1.0078892120184657,-0.24488823251077982
separated_restricted_training,operator,86,1.007825826353929,-0.24483974603928504
separated_restricted_training,operator,87,1.0077618447224168,-0.2447916525411081
separated_restricted_training,operator,88,1.0076972719963775,-0.24474395567875509
separated_restricted_training,operator,89,1.0076321130932746,-0.24469665908452673
separated_restricted_training,operator,90,1.0075663729752107,-0.24464976636024183
separated_restricted_training,operator,91,1.0075000566485504,-0.24460328107696286
separated_restricted_training,operator,92,1.0074331691635388,-0.24455720677472412
separated_restricted_training,operator,93,1.0073657156139164,-0.2445115469622621
separated_restricted_training,operator,94,1.0072977011365325,-0.24446630511674833
separated_restricted_training,operator,95,1.0072291309109531,-0.24442148468352451
separated_restricted_training,operator,96,1.0071600101590659,-0.2443770890758401
separated_restricted_training,operator,97,1.0070903441446841,-0.24433312167459259
separated_restricted_training,operator,98,1.0070201381731443,-0.24428958582806976
separated_restricted_training,operator,99,1.006949397590903,-0.24424648485169487
separated_restricted_training,operator,100,1.0068781277851293,-0.24420382202777419
separated_restricted_training,operator,101,1.0068063341832951,-0.24416160060524689
separated_restricted_training,operator,102,1.0067340222527612,-0.24411982379943778
separated_restricted_training,operator,103,1.0066611975003608,-0.24407849479181237
separated_restricted_training,operator,104,1.0065878654719809,-0.24403761672973462
separated_restricted_training,operator,105,1.0065140317521395,-0.24399719272622719
separated_restricted_training,operator,106,1.0064397019635598,-0.24395722585973448
separated_restricted_training,operator,107,1.0063648817667434,-0.2439177191738881
separated_restricted_training,operator,108,1.0062895768595379,-0.24387867567727514
separated_restricted_training,operator,109,1.0062137929767034,-0.24384009834320902
separated_restricted_training,operator,110,1.006137535889476,-0.2438019901095031
separated_restricted_training,operator,111,1.0060608114051282,-0.24376435387824691
separated_restricted_training,operator,112,1.0059836253665264,-0.24372719251558519
separated_restricted_training,operator,113,1.0059059836516866,-0.24369050885149957
separated_restricted_training,operator,114,1.0058278921733257,-0.24365430567959306
separated_restricted_training,operator,115,1.0057493568784122,-0.24361858575687745
separated_restricted_training,operator,116,1.0056703837477128,-0.24358335180356305
separated_restricted_training,operator,117,1.0055909787953372,-0.24354860650285193
separated_restricted_training,operator,118,1.0055111480682801,-0.24351435250073317
separated_restricted_training,operator,119,1.0054308976459603,-0.24348059240578168
separated_restricted_training,operator,120,1.0053502336397582,-0.24344732878895942
separated_restricted_training,operator,121,1.00526916219255,-0.24341456418341959
separated_restricted_training,operator,122,1.0051876894782408,-0.24338230108431372
separated_restricted_training,operator,123,1.0051058217012925,-0.24335054194860173
separated_restricted_training,operator,124,1.0050235650962538,-0.24331928919486481
separated_restricted_training,operator,125,1.0049409259272835,-0.2432885452031211
separated_restricted_training,operator,126,1.0048579104876743,-0.24325831231464465
separated_restricted_training,operator,127,1.0047745250993732,-0.24322859283178694
separated_restricted_training,operator,128,1.0046907761125006,-0.24319938901780164
separated_restricted_training,operator,129,1.0046066699048659,-0.24317070309667227
separated_restricted_training,operator,130,1.0045222128814824,-0.2431425372529428
separated_restricted_training,operator,131,1.0044374114740797,-0.24311489363155125
separated_restricted_training,operator,132,1.0043522721406128,-0.24308777433766646
separated_restricted_training,operator,133,1.0042668013647722,-0.24306118143652761
separated_restricted_training,operator,134,1.0041810056554881,-0.24303511695328711
separated_restricted_training,operator,135,1.0040948915464356,-0.24300958287285623
separated_restricted_training,operator,136,1.0040084655955381,-0.2429845811397541
separated_restricted_training,operator,137,1.003921734384466,-0.24296011365795947
separated_restricted_training,operator,138,1.0038347045181368,-0.24293618229076583
separated_restricted_training,operator,139,1.003747382624212,-0.24291278886063941
separated_restricted_training,operator,140,1.0036597753525918,-0.24288993514908053
separated_restricted_training,operator,141,1.003571889374909,-0.24286762289648775
separated_restricted_training,operator,142,1.0034837313840212,-0.24284585380202553
separated_restricted_training,operator,143,1.003395308093501,-0.24282462952349471
separated_restricted_training,operator,144,1.0033066262371235,-0.24280395167720625
separated_restricted_training,operator,145,1.0032176925683562,-0.24278382183785818
separated_restricted_training,operator,146,1.003128513859842,-0.24276424153841575
separated_restricted_training,operator,147,1.0030390969028848,-0.24274521226999454
separated_restricted_training,operator,148,1.0029494485069321,-0.24272673548174703
separated_restricted_training,operator,149,1.0028595754990566,-0.24270881258075216
separated_restricted_training,operator,150,1.0027694847234352,-0.24269144493190825
separated_restricted_training,operator,151,1.0026791830408297,-0.242674633857829
separated_restricted_training,operator,152,1.0025886773280628,-0.24265838063874279
separated_restricted_training,operator,153,1.0024979744774949,-0.24264268651239518
separated_restricted_training,operator,154,1.0024070813964991,-0.24262755267395461
separated_restricted_training,operator,155,1.0023160050069357,-0.24261298027592154
separated_restricted_training,operator,156,1.0022247522446244,-0.24259897042804046
separated_restricted_training,operator,157,1.002133330058816,-0.24258552419721555
separated_restricted_training,operator,158,1.0020417454116641,-0.24257264260742933
separated_restricted_training,operator,159,1.0019500052776942,-0.24256032663966473
separated_restricted_training,operator,160,1.0018581166432727,-0.24254857723183038
separated_restricted_training,operator,161,1.0017660865060747,-0.24253739527868917
separated_restricted_training,operator,162,1.0016739218745516,-0.24252678163179017
separated_restricted_training,operator,163,1.001581629767397,-0.24251673709940363
separated_restricted_training,operator,164,1.0014892172130121,-0.24250726244645962
separated_restricted_training,operator,165,1.0013966912489705,-0.2424983583944896
separated_restricted_training,operator,166,1.001304058921483,-0.24249002562157165
separated_restricted_training,operator,167,1.0012113272848595,-0.24248226476227863
separated_restricted_training,operator,168,1.0011185034009737,-0.24247507640763011
separated_restricted_training,operator,169,1.0010255943387232,-0.24246846110504702
separated_restricted_training,operator,170,1.0009326071734932,-0.24246241935831037
separated_restricted_training,operator,171,1.0008395489866162,-0.24245695162752248
separated_restricted_training,operator,172,1.0007464268648334,-0.24245205832907227
separated_restricted_training,operator,173,1.000653247899755,-0.24244773983560333
separated_restricted_training,operator,174,1.0005600191873198,-0.24244399647598569
separated_restricted_training,operator,175,1.0004667478272553,-0.24244082853529064
separated_restricted_training,operator,176,1.0003734409225367,-0.24243823625476915
separated_restricted_training,operator,177,1.0002801055788459,-0.24243621983183344
separated_restricted_training,operator,178,1.000186748904031,-0.24243477942004191
separated_restricted_training,operator,179,1.0000933780075638,-0.24243391512908746
separated_restricted_training,operator,180,1,-0.24243362702478921
separated_restricted_training,operator,181,0.99990662199243607,-0.24243391512908746
separated_restricted_training,operator,182,0.99981325109596908,-0.24243477942004191
separated_restricted_training,operator,183,0.99971989442115405,-0.24243621983183344
separated_restricted_training,operator,184,0.99962655907746334,-0.24243823625476915
separated_restricted_training,operator,185,0.99953325217274469,-0.24244082853529064
separated_restricted_training,operator,186,0.99943998081268015,-0.24244399647598569
separated_restricted_training,operator,187,0.99934675210024504,-0.24244773983560333
separated_restricted_training,operator,188,0.9992535731351665,-0.24245205832907227
separated_restricted_training,operator,189,0.9991604510133838,-0.24245695162752248
separated_restricted_training,operator,190,0.99906739282650669,-0.24246241935831037
separated_restricted_training,operator,191,0.99897440566127671,-0.24246846110504702
separated_restricted_training,operator,192,0.99888149659902636,-0.24247507640763011
separated_restricted_training,operator,193,0.99878867271514038,-0.24248226476227863
separated_restricted_training,operator,194,0.99869594107851711,-0.24249002562157165
separated_restricted_training,operator,195,0.99860330875102943,-0.2424983583944896
separated_restricted_training,operator,196,0.99851078278698802,-0.24250726244645962
separated_restricted_training,operator,197,0.99841837023260305,-0.24251673709940363
separated_restricted_training,operator,198,0.99832607812544838,-0.24252678163179017
separated_restricted_training,operator,199,0.99823391349392532,-0.24253739527868917
separated_restricted_training,operator,200,0.99814188335672738,-0.24254857723183038
separated_restricted_training,operator,201,0.99804999472230582,-0.24256032663966473
separated_restricted_training,operator,202,0.99795825458833587,-0.24257264260742933
separated_restricted_training,operator,203,0.997866669941184,-0.24258552419721555
separated_restricted_training,operator,204,0.99777524775537563,-0.24259897042804046
separated_restricted_training,operator,205,0.99768399499306415,-0.24261298027592154
separated_restricted_training,operator,206,0.99759291860350074,-0.24262755267395461
separated_restricted_training,operator,207,0.99750202552250511,-0.24264268651239515
separated_restricted_training,operator,208,0.99741132267193722,-0.24265838063874279
separated_restricted_training,operator,209,0.9973208169591703,-0.242674633857829
separated_restricted_training,operator,210,0.99723051527656481,-0.24269144493190825
separated_restricted_training,operator,211,0.99714042450094353,-0.24270881258075216
separated_restricted_training,operator,212,0.99705055149306776,-0.24272673548174703
separated_restricted_training,operator,213,0.99696090309711516,-0.24274521226999454
separated_restricted_training,operator,214,0.99687148614015797,-0.24276424153841575
separated_restricted_training,operator,215,0.99678230743164375,-0.24278382183785818
separated_restricted_training,operator,216,0.99669337376287637,-0.24280395167720625
separated_restricted_training,operator,217,0.99660469190649914,-0.24282462952349471
separated_restricted_training,operator,218,0.99651626861597864,-0.24284585380202553
separated_restricted_training,operator,219,0.99642811062509096,-0.24286762289648775
separated_restricted_training,operator,220,0.99634022464740823,-0.2428899351490805
separated_restricted_training,operator,221,0.99625261737578796,-0.24291278886063941
separated_restricted_training,operator,222,0.99616529548186317,-0.24293618229076583
separated_restricted_training,operator,223,0.99607826561553403,-0.24296011365795947
separated_restricted_training,operator,224,0.99599153440446198,-0.2429845811397541
separated_restricted_training,operator,225,0.99590510845356439,-0.24300958287285623
separated_restricted_training,operator,226,0.99581899434451204,-0.24303511695328711
separated_restricted_training,operator,227,0.9957331986352278,-0.24306118143652761
separated_restricted_training,operator,228,0.99564772785938704,-0.24308777433766646
separated_restricted_training,operator,229,0.99556258852592039,-0.24311489363155125
separated_restricted_training,operator,230,0.99547778711851753,-0.2431425372529428
separated_restricted_training,operator,231,0.9953933300951342,-0.24317070309667227
separated_restricted_training,operator,232,0.99530922388749943,-0.24319938901780164
separated_restricted_training,operator,233,0.99522547490062674,-0.24322859283178694
separated_restricted_training,operator,234,0.99514208951232574,-0.24325831231464465
separated_restricted_training,operator,235,0.99505907407271643,-0.2432885452031211
separated_restricted_training,operator,236,0.99497643490374621,-0.24331928919486481
separated_restricted_training,operator,237,0.99489417829870752,-0.24335054194860173
separated_restricted_training,operator,238,0.99481231052175934,-0.24338230108431372
separated_restricted_training,operator,239,0.99473083780744986,-0.24341456418341959
separated_restricted_training,operator,240,0.99464976636024183,-0.24344732878895942
separated_restricted_training,operator,241,0.99456910235403972,-0.24348059240578168
separated_restricted_training,operator,242,0.99448885193171987,-0.24351435250073317
separated_restricted_training,operator,243,0.99440902120466268,-0.24354860650285193
separated_restricted_training,operator,244,0.99432961625228722,-0.24358335180356305
separated_restricted_training,operator,245,0.99425064312158784,-0.24361858575687745
separated_restricted_training,operator,246,0.99417210782667431,-0.24365430567959306
separated_restricted_training,operator,247,0.9940940163483134,-0.24369050885149957
separated_restricted_training,operator,248,0.99401637463347348,-0.24372719251558519
separated_restricted_training,operator,249,0.99393918859487185,-0.24376435387824691
separated_restricted_training,operator,250,0.99386246411052404,-0.2438019901095031
separated_restricted_training,operator,251,0.99378620702329667,-0.24384009834320902
separated_restricted_training,operator,252,0.9937104231404621,-0.24387867567727514
separated_restricted_training,operator,253,0.99363511823325656,-0.2439177191738881
separated_restricted_training,operator,254,0.99356029803644008,-0.24395722585973448
separated_restricted_training,operator,255,0.99348596824786062,-0.24399719272622719
separated_restricted_training,operator,256,0.99341213452801902,-0.24403761672973462
separated_restricted_training,operator,257,0.99333880249963913,-0.24407849479181237
separated_restricted_training,operator,258,0.99326597774723879,-0.24411982379943778
separated_restricted_training,operator,259,0.99319366581670476,-0.24416160060524689
separated_restricted_training,operator,260,0.99312187221487069,-0.24420382202777419
separated_restricted_training,operator,261,0.99305060240909715,-0.24424648485169487
separated_restricted_training,operator,262,0.99297986182685583,-0.24428958582806976
separated_restricted_training,operator,263,0.99290965585531599,-0.24433312167459259
separated_restricted_training,operator,264,0.99283998984093413,-0.2443770890758401
separated_restricted_training,operator,265,0.99277086908904699,-0.24442148468352451
separated_restricted_training,operator,266,0.99270229886346739,-0.24446630511674833
separated_restricted_training,operator,267,0.99263428438608359,-0.2445115469622621
separated_restricted_training,operator,268,0.99256683083646136,-0.24455720677472412
separated_restricted_training,operator,269,0.99249994335144953,-0.24460328107696286
separated_restricted_training,operator,270,0.99243362702478921,-0.24464976636024183
separated_restricted_training,operator,271,0.99236788690672539,-0.24469665908452673
separated_restricted_training,operator,272,0.9923027280036224,-0.24474395567875509
separated_restricted_training,operator,273,0.9922381552775833,-0.2447916525411081
separated_restricted_training,operator,274,0.99217417364607086,-0.24483974603928504
separated_restricted_training,operator,275,0.99211078798153429,-0.24488823251077982
separated_restricted_training,operator,276,0.99204800311103725,-0.24493710826315993
separated_restricted_training,operator,277,0.99198582381589073,-0.24498636957434758
separated_restricted_training,operator,278,0.99192425483128865,-0.2450360126929032
separated_restricted_training,operator,279,0.99186330084594787,-0.24508603383831112
separated_restricted_training,operator,280,0.99180296650175004,-0.24513642920126744
separated_restricted_training,operator,281,0.99174325639338923,-0.24518719494397015
separated_restricted_training,operator,282,0.99168417506802142,-0.24523832720041144
separated_restricted_training,operator,283,0.99162572702491814,-0.24528982207667197
separated_restricted_training,operator,284,0.99156791671512423,-0.24534167565121753
separated_restricted_training,operator,285,0.99151074854111865,-0.24539388397519771
separated_restricted_training,operator,286,0.9914542268564791,-0.24544644307274649
separated_restricted_training,operator,287,0.9913983559655507,-0.24549934894128508
separated_restricted_training,operator,288,0.99134314012311819,-0.24555259755182679
separated_restricted_training,operator,289,0.99128858353408167,-0.24560618484928373
separated_restricted_training,operator,290,0.99123469035313672,-0.24566010675277575
separated_restricted_training,operator,291,0.99118146468445756,-0.24571435915594111
separated_restricted_training,operator,292,0.99112891058138508,-0.2457689379272493
separated_restricted_training,operator,293,0.99107703204611763,-0.24582383891031553
separated_restricted_training,operator,294,0.99102583302940661,-0.24587905792421741
separated_restricted_training,operator,295,0.99097531743025524,-0.24593459076381324
separated_restricted_training,operator,296,0.99092548909562206,-0.24599043320006231
separated_restricted_training,operator,297,0.99087635182012757,-0.24604658098034682
separated_restricted_training,operator,298,0.9908279093457657,-0.24610302982879598
separated_restricted_training,operator,299,0.99078016536161828,-0.24615977544661141
separated_restricted_training,operator,300,0.99073312350357468,-0.24621681351239461
separated_restricted_training,operator,301,0.99068678735405447,-0.24627413968247605
separated_restricted_training,operator,302,0.99064116044173467,-0.2463317495912459
separated_restricted_training,operator,303,0.99059624624128162,-0.24638963885148663
separated_restricted_training,operator,304,0.99055204817308529,-0.24644780305470687
separated_restricted_training,operator,305,0.99050856960299993,-0.2465062377714774
separated_restricted_training,operator,306,0.99046581384208676,-0.24656493855176825
separated_restricted_training,operator,307,0.99042378414636267,-0.2466239009252878
separated_restricted_training,operator,308,0.99038248371655169,-0.24668312040182297
separated_restricted_training,operator,309,0.99034191569784136,-0.24674259247158137
separated_restricted_training,operator,310,0.99030208317964341,-0.24680231260553462
separated_restricted_training,operator,311,0.99026298919535849,-0.24686227625576332
separated_restricted_training,operator,312,0.99022463672214456,-0.24692247885580332
separated_restricted_training,operator,313,0.99018702868069119,-0.24698291582099355
separated_restricted_training,operator,314,0.99015016793499622,-0.24704358254882514
separated_restricted_training,operator,315,0.99011405729214808,-0.24710447441929187
separated_restricted_training,operator,316,0.99007869950211225,-0.24716558679524206
separated_restricted_training,operator,317,0.99004409725752118,-0.24722691502273167
separated_restricted_training,operator,318,0.9900102531934698,-0.24728845443137873
separated_restricted_training,operator,319,0.98997716988731455,-0.24735020033471902
separated_restricted_training,operator,320,0.98994484985847742,-0.24741214803056294
separated_restricted_training,operator,321,0.98991329556825369,-0.24747429280135361
separated_restricted_training,operator,322,0.98988250941962463,-0.24753662991452613
separated_restricted_training,operator,323,0.98985249375707474,-0.24759915462286797
separated_restricted_training,operator,324,0.98982325086641287,-0.24766186216488054
separated_restricted_training,operator,325,0.98979478297459844,-0.24772474776514172
separated_restricted_training,operator,326,0.98976709224957171,-0.24778780663466959
separated_restricted_training,operator,327,0.98974018080008841,-0.24785103397128708
separated_restricted_training,operator,328,0.98971405067555962,-0.24791442495998769
separated_restricted_training,operator,329,0.98968870386589558,-0.24797797477330227
separated_restricted_training,operator,330,0.98966414230135402,-0.24804167857166642
separated_restricted_training,operator,331,0.98964036785239307,-0.24810553150378931
separated_restricted_training,operator,332,0.98961738232952912,-0.24816952870702291
separated_restricted_training,operator,333,0.98959518748319875,-0.24823366530773244
separated_restricted_training,operator,334,0.98957378500362536,-0.24829793642166742
separated_restricted_training,operator,335,0.98955317652069064,-0.24836233715433367
separated_restricted_training,operator,336,0.9895333636038105,-0.24842686260136612
separated_restricted_training,operator,337,0.98951434776181513,-0.24849150784890212
separated_restricted_training,operator,338,0.98949613044283447,-0.2485562679739558
separated_restricted_training,operator,339,0.989478713034188,-0.24862113804479288
separated_restricted_training,operator,340,0.98946209686227882,-0.24868611312130634
separated_restricted_training,operator,341,0.98944628319249273,-0.24875118825539252
separated_restricted_training,operator,342,0.98943127322910196,-0.24881635849132805
separated_restricted_training,operator,343,0.98941706811517316,-0.2488816188661471
separated_restricted_training,operator,344,0.989403668932481,-0.24894696441001948
separated_restricted_training,operator,345,0.9893910767014249,-0.24901239014662904
separated_restricted_training,operator,346,0.98937929238095212,-0.24907789109355261
separated_restricted_training,operator,347,0.98936831686848437,-0.2491434622626395
separated_restricted_training,operator,348,0.98935815099984925,-0.24920909866039131
separated_restricted_training,operator,349,0.98934879554921706,-0.24927479528834223
separated_restricted_training,operator,350,0.98934025122904157,-0.2493405471434397
separated_restricted_training,operator,351,0.98933251869000594,-0.24940634921842536
separated_restricted_training,operator,352,0.9893255985209729,-0.24947219650221644
separated_restricted_training,operator,353,0.98931949124894014,-0.24953808398028737
separated_restricted_training,operator,354,0.98931419733900006,-0.24960400663505158
separated_restricted_training,operator,355,0.98930971719430438,-0.24966995944624368
separated_restricted_training,operator,356,0.98930605115603343,-0.24973593739130173
separated_restricted_training,operator,357,0.9893031995033702,-0.24980193544574983
separated_restricted_training,operator,358,0.98930116245347921,-0.24986794858358055
separated_restricted_training,operator,359,0.98929994016148959,-0.24993397177763788
separated_restricted_training,operator,360,0.98929953272048365,-0.25
separated_restricted_training,operator,361,0.98929994016148959,-0.25006602822236212
separated_restricted_training,operator,362,0.98930116245347921,-0.25013205141641948
separated_restricted_training,operator,363,0.9893031995033702,-0.2501980645542502
separated_restricted_training,operator,364,0.98930605115603343,-0.25026406260869827
separated_restricted_training,operator,365,0.98930971719430438,-0.25033004055375635
separated_restricted_training,operator,366,0.98931419733900006,-0.25039599336494844
separated_restricted_training,operator,367,0.98931949124894014,-0.25046191601971263
separated_restricted_training,operator,368,0.9893255985209729,-0.25052780349778353
separated_restricted_training,operator,369,0.98933251869000594,-0.25059365078157464
separated_restricted_training,operator,370,0.98934025122904157,-0.25065945285656033
separated_restricted_training,operator,371,0.98934879554921706,-0.25072520471165777
separated_restricted_training,operator,372,0.98935815099984925,-0.25079090133960869
separated_restricted_training,operator,373,0.98936831686848437,-0.2508565377373605
separated_restricted_training,operator,374,0.98937929238095212,-0.25092210890644739
separated_restricted_training,operator,375,0.9893910767014249,-0.25098760985337099
separated_restricted_training,operator,376,0.989403668932481,-0.25105303558998054
separated_restricted_training,operator,377,0.98941706811517316,-0.25111838113385293
separated_restricted_training,operator,378,0.98943127322910196,-0.25118364150867195
separated_restricted_training,operator,379,0.98944628319249273,-0.25124881174460745
separated_restricted_training,operator,380,0.98946209686227882,-0.25131388687869366
separated_restricted_training,operator,381,0.989478713034188,-0.25137886195520714
separated_restricted_training,operator,382,0.98949613044283447,-0.2514437320260442
separated_restricted_training,operator,383,0.98951434776181513,-0.25150849215109788
separated_restricted_training,operator,384,0.9895333636038105,-0.25157313739863385
separated_restricted_training,operator,385,0.98955317652069064,-0.2516376628456663
separated_restricted_training,operator,386,0.98957378500362536,-0.25170206357833258
separated_restricted_training,operator,387,0.98959518748319875,-0.25176633469226756
separated_restricted_training,operator,388,0.98961738232952912,-0.25183047129297709
separated_restricted_training,operator,389,0.98964036785239307,-0.25189446849621067
separated_restricted_training,operator,390,0.98966414230135402,-0.25195832142833358
separated_restricted_training,operator,391,0.98968870386589558,-0.25202202522669775
separated_restricted_training,operator,392,0.98971405067555962,-0.25208557504001228
separated_restricted_training,operator,393,0.98974018080008841,-0.25214896602871295
separated_restricted_training,operator,394,0.98976709224957171,-0.25221219336533041
separated_restricted_training,operator,395,0.98979478297459844,-0.2522752522348583
separated_restricted_training,operator,396,0.98982325086641287,-0.25233813783511944
separated_restricted_training,operator,397,0.98985249375707474,-0.25240084537713203
separated_restricted_training,operator,398,0.98988250941962463,-0.25246337008547387
separated_restricted_training,operator,399,0.98991329556825369,-0.25252570719864642
separated_restricted_training,operator,400,0.98994484985847742,-0.25258785196943706
separated_restricted_training,operator,401,0.98997716988731455,-0.25264979966528095
separated_restricted_training,operator,402,0.9900102531934698,-0.25271154556862124
separated_restricted_training,operator,403,0.99004409725752118,-0.2527730849772683
separated_restricted_training,operator,404,0.99007869950211225,-0.25283441320475791
separated_restricted_training,operator,405,0.99011405729214808,-0.2528955255807081
separated_restricted_training,operator,406,0.99015016793499622,-0.25295641745117486
separated_restricted_training,operator,407,0.99018702868069119,-0.25301708417900642
separated_restricted_training,operator,408,0.99022463672214456,-0.25307752114419668
separated_restricted_training,operator,409,0.99026298919535849,-0.25313772374423671
separated_restricted_training,operator,410,0.99030208317964341,-0.25319768739446541
separated_restricted_training,operator,411,0.99034191569784136,-0.25325740752841863
separated_restricted_training,operator,412,0.99038248371655169,-0.25331687959817706
separated_restricted_training,operator,413,0.99042378414636267,-0.2533760990747122
separated_restricted_training,operator,414,0.99046581384208676,-0.25343506144823175
separated_restricted_training,operator,415,0.99050856960299993,-0.2534937622285226
separated_restricted_training,operator,416,0.99055204817308529,-0.25355219694529313
separated_restricted_training,operator,417,0.99059624624128162,-0.25361036114851337
separated_restricted_training,operator,418,0.99064116044173467,-0.25366825040875407
separated_restricted_training,operator,419,0.99068678735405447,-0.25372586031752398
separated_restricted_training,operator,420,0.99073312350357468,-0.25378318648760539
separated_restricted_training,operator,421,0.99078016536161828,-0.25384022455338862
separated_restricted_training,operator,422,0.9908279093457657,-0.253896970171204
separated_restricted_training,operator,423,0.99087635182012757,-0.25395341901965318
separated_restricted_training,operator,424,0.99092548909562206,-0.25400956679993769
separated_restricted_training,operator,425,0.99097531743025524,-0.25406540923618676
separated_restricted_training,operator,426,0.99102583302940661,-0.25412094207578256
separated_restricted_training,operator,427,0.99107703204611763,-0.25417616108968444
separated_restricted_training,operator,428,0.99112891058138508,-0.2542310620727507
separated_restricted_training,operator,429,0.99118146468445756,-0.25428564084405891
separated_restricted_training,operator,430,0.99123469035313672,-0.25433989324722428
separated_restricted_training,operator,431,0.99128858353408167,-0.2543938151507163
separated_restricted_training,operator,432,0.99134314012311819,-0.25444740244817321
separated_restricted_training,operator,433,0.9913983559655507,-0.25450065105871489
separated_restricted_training,operator,434,0.9914542268564791,-0.25455355692725351
separated_restricted_training,operator,435,0.99151074854111865,-0.25460611602480226
separated_restricted_training,operator,436,0.99156791671512423,-0.25465832434878244
separated_restricted_training,operator,437,0.99162572702491814,-0.25471017792332806
separated_restricted_training,operator,438,0.99168417506802142,-0.25476167279958856
separated_restricted_training,operator,439,0.99174325639338923,-0.25481280505602982
separated_restricted_training,operator,440,0.99180296650175004,-0.25486357079873256
separated_restricted_training,operator,441,0.99186330084594787,-0.25491396616168888
separated_restricted_training,operator,442,0.99192425483128865,-0.2549639873070968
separated_restricted_training,operator,443,0.99198582381589073,-0.25501363042565239
separated_restricted_training,operator,444,0.99204800311103725,-0.25506289173684005
separated_restricted_training,operator,445,0.99211078798153429,-0.25511176748922015
separated_restricted_training,operator,446,0.99217417364607086,-0.25516025396071496
separated_restricted_training,operator,447,0.9922381552775833,-0.25520834745889193
separated_restricted_training,operator,448,0.9923027280036224,-0.25525604432124493
separated_restricted_training,operator,449,0.99236788690672539,-0.25530334091547324
separated_restricted_training,operator,450,0.99243362702478921,-0.25535023363975817
separated_restricted_training,operator,451,0.99249994335144953,-0.25539671892303717
separated_restricted_training,operator,452,0.99256683083646136,-0.25544279322527591
separated_restricted_training,operator,453,0.99263428438608359,-0.25548845303773787
separated_restricted_training,operator,454,0.99270229886346739,-0.25553369488325167
separated_restricted_training,operator,455,0.99277086908904699,-0.25557851531647552
separated_restricted_training,operator,456,0.99283998984093413,-0.2556229109241599
separated_restricted_training,operator,457,0.99290965585531599,-0.25566687832540741
separated_restricted_training,operator,458,0.99297986182685583,-0.25571041417193024
separated_restricted_training,operator,459,0.99305060240909715,-0.25575351514830513
separated_restricted_training,operator,460,0.99312187221487069,-0.25579617797222581
separated_restricted_training,operator,461,0.99319366581670476,-0.25583839939475311
separated_restricted_training,operator,462,0.99326597774723879,-0.25588017620056219
separated_restricted_training,operator,463,0.99333880249963913,-0.25592150520818763
separated_restricted_training,operator,464,0.99341213452801902,-0.25596238327026538
separated_restricted_training,operator,465,0.99348596824786062,-0.25600280727377278
separated_restricted_training,operator,466,0.99356029803644008,-0.25604277414026549
separated_restricted_training,operator,467,0.99363511823325656,-0.2560822808261119
separated_restricted_training,operator,468,0.9937104231404621,-0.25612132432272483
separated_restricted_training,operator,469,0.99378620702329667,-0.25615990165679098
separated_restricted_training,operator,470,0.99386246411052404,-0.2561980098904969
separated_restricted_training,operator,471,0.99393918859487185,-0.25623564612175309
separated_restricted_training,operator,472,0.99401637463347359,-0.25627280748441483
separated_restricted_training,operator,473,0.9940940163483134,-0.25630949114850043
separated_restricted_training,operator,474,0.99417210782667431,-0.25634569432040694
separated_restricted_training,operator,475,0.99425064312158784,-0.25638141424312255
separated_restricted_training,operator,476,0.99432961625228722,-0.25641664819643695
separated_restricted_training,operator,477,0.99440902120466279,-0.25645139349714807
separated_restricted_training,operator,478,0.99448885193171987,-0.25648564749926683
separated_restricted_training,operator,479,0.99456910235403972,-0.25651940759421832
separated_restricted_training,operator,480,0.99464976636024183,-0.25655267121104058
separated_restricted_training,operator,481,0.99473083780744986,-0.25658543581658044
separated_restricted_training,operator,482,0.99481231052175934,-0.25661769891568631
separated_restricted_training,operator,483,0.99489417829870752,-0.25664945805139827
separated_restricted_training,operator,484,0.99497643490374621,-0.25668071080513521
separated_restricted_training,operator,485,0.99505907407271643,-0.2567114547968789
separated_restricted_training,operator,486,0.99514208951232574,-0.25674168768535538
separated_restricted_training,operator,487,0.99522547490062674,-0.25677140716821306
separated_restricted_training,operator,488,0.99530922388749943,-0.25680061098219836
separated_restricted_training,operator,489,0.99539333009513409,-0.25682929690332773
separated_restricted_training,operator,490,0.99547778711851753,-0.25685746274705717
separated_restricted_training,operator,491,0.99556258852592039,-0.25688510636844875
separated_restricted_training,operator,492,0.99564772785938704,-0.25691222566233352
separated_restricted_training,operator,493,0.9957331986352278,-0.25693881856347239
separated_restricted_training,operator,494,0.99581899434451204,-0.25696488304671289
separated_restricted_training,operator,495,0.99590510845356439,-0.25699041712714377
separated_restricted_training,operator,496,0.99599153440446198,-0.25701541886024593
separated_restricted_training,operator,497,0.99607826561553403,-0.2570398863420405
separated_restricted_training,operator,498,0.99616529548186317,-0.2570638177092342
separated_restricted_training,operator,499,0.99625261737578796,-0.25708721113936062
separated_restricted_training,operator,500,0.99634022464740823,-0.25711006485091947
separated_restricted_training,operator,501,0.99642811062509096,-0.25713237710351222
separated_restricted_training,operator,502,0.99651626861597864,-0.25715414619797444
separated_restricted_training,operator,503,0.99660469190649914,-0.25717537047650529
separated_restricted_training,operator,504,0.99669337376287637,-0.25719604832279375
separated_restricted_training,operator,505,0.99678230743164375,-0.25721617816214182
separated_restricted_training,operator,506,0.99687148614015797,-0.25723575846158425
separated_restricted_training,operator,507,0.99696090309711516,-0.25725478773000549
separated_restricted_training,operator,508,0.99705055149306776,-0.257273264518253
separated_restricted_training,operator,509,0.99714042450094353,-0.25729118741924784
separated_restricted_training,operator,510,0.99723051527656481,-0.25730855506809175
separated_restricted_training,operator,511,0.9973208169591703,-0.257325366142171
separated_restricted_training,operator,512,0.99741132267193722,-0.25734161936125721
separated_restricted_training,operator,513,0.99750202552250511,-0.25735731348760482
separated_restricted_training,operator,514,0.99759291860350074,-0.25737244732604536
separated_restricted_training,operator,515,0.99768399499306415,-0.25738701972407846
separated_restricted_training,operator,516,0.99777524775537563,-0.25740102957195954
separated_restricted_training,operator,517,0.997866669941184,-0.25741447580278443
separated_restricted_training,operator,518,0.99795825458833587,-0.25742735739257067
separated_restricted_training,operator,519,0.99804999472230582,-0.2574396733603353
separated_restricted_training,operator,520,0.99814188335672738,-0.25745142276816962
separated_restricted_training,operator,521,0.99823391349392532,-0.25746260472131083
separated_restricted_training,operator,522,0.99832607812544838,-0.25747321836820986
separated_restricted_training,operator,523,0.99841837023260305,-0.25748326290059637
separated_restricted_training,operator,524,0.99851078278698802,-0.25749273755354041
separated_restricted_training,operator,525,0.99860330875102943,-0.25750164160551037
separated_restricted_training,operator,526,0.99869594107851711,-0.25750997437842837
separated_restricted_training,operator,527,0.99878867271514038,-0.25751773523772137
separated_restricted_training,operator,528,0.99888149659902636,-0.25752492359236989
separated_restricted_training,operator,529,0.99897440566127671,-0.25753153889495295
separated_restricted_training,operator,530,0.99906739282650669,-0.25753758064168963
separated_restricted_training,operator,531,0.9991604510133838,-0.25754304837247755
separated_restricted_training,operator,532,0.9992535731351665,-0.25754794167092776
separated_restricted_training,operator,533,0.99934675210024504,-0.2575522601643967
separated_restricted_training,operator,534,0.99943998081268015,-0.25755600352401431
separated_restricted_training,operator,535,0.99953325217274469,-0.25755917146470936
separated_restricted_training,operator,536,0.99962655907746334,-0.25756176374523082
separated_restricted_training,operator,537,0.99971989442115405,-0.25756378016816656
separated_restricted_training,operator,538,0.99981325109596908,-0.25756522057995812
separated_restricted_training,operator,539,0.99990662199243607,-0.25756608487091254
separated_restricted_training,operator,540,1,-0.25756637297521079
separated_restricted_training,operator,541,1.0000933780075638,-0.25756608487091254
separated_restricted_training,operator,542,1.000186748904031,-0.25756522057995812
separated_restricted_training,operator,543,1.0002801055788459,-0.25756378016816656
separated_restricted_training,operator,544,1.0003734409225367,-0.25756176374523082
separated_restricted_training,operator,545,1.0004667478272553,-0.25755917146470936
separated_restricted_training,operator,546,1.0005600191873198,-0.25755600352401431
separated_restricted_training,operator,547,1.000653247899755,-0.2575522601643967
separated_restricted_training,operator,548,1.0007464268648334,-0.25754794167092776
separated_restricted_training,operator,549,1.0008395489866162,-0.25754304837247755
separated_restricted_training,operator,550,1.0009326071734932,-0.25753758064168963
separated_restricted_training,operator,551,1.0010255943387232,-0.25753153889495295
separated_restricted_training,operator,552,1.0011185034009737,-0.25752492359236989
separated_restricted_training,operator,553,1.0012113272848595,-0.25751773523772137
separated_restricted_training,operator,554,1.001304058921483,-0.25750997437842837
separated_restricted_training,operator,555,1.0013966912489705,-0.25750164160551042
separated_restricted_training,operator,556,1.0014892172130121,-0.25749273755354041
separated_restricted_training,operator,557,1.001581629767397,-0.25748326290059637
separated_restricted_training,operator,558,1.0016739218745516,-0.25747321836820986
separated_restricted_training,operator,559,1.0017660865060747,-0.25746260472131083
separated_restricted_training,operator,560,1.0018581166432727,-0.25745142276816962
separated_restricted_training,operator,561,1.0019500052776942,-0.2574396733603353
separated_restricted_training,operator,562,1.0020417454116641,-0.25742735739257067
separated_restricted_training,operator,563,1.002133330058816,-0.25741447580278443
separated_restricted_training,operator,564,1.0022247522446244,-0.25740102957195954
separated_restricted_training,operator,565,1.0023160050069357,-0.25738701972407846
separated_restricted_training,operator,566,1.0024070813964991,-0.25737244732604536
separated_restricted_training,operator,567,1.0024979744774949,-0.25735731348760482
separated_restricted_training,operator,568,1.0025886773280628,-0.25734161936125721
separated_restricted_training,operator,569,1.0026791830408297,-0.257325366142171
separated_restricted_training,operator,570,1.0027694847234352,-0.25730855506809175
separated_restricted_training,operator,571,1.0028595754990566,-0.25729118741924784
separated_restricted_training,operator,572,1.0029494485069321,-0.257273264518253
separated_restricted_training,operator,573,1.0030390969028848,-0.25725478773000549
separated_restricted_training,operator,574,1.003128513859842,-0.25723575846158425
separated_restricted_training,operator,575,1.0032176925683562,-0.25721617816214182
separated_restricted_training,operator,576,1.0033066262371235,-0.25719604832279375
separated_restricted_training,operator,577,1.003395308093501,-0.25717537047650529
separated_restricted_training,operator,578,1.0034837313840212,-0.25715414619797444
separated_restricted_training,operator,579,1.003571889374909,-0.25713237710351228
separated_restricted_training,operator,580,1.0036597753525918,-0.25711006485091947
separated_restricted_training,operator,581,1.003747382624212,-0.25708721113936062
separated_restricted_training,operator,582,1.0038347045181368,-0.2570638177092342
separated_restricted_training,operator,583,1.003921734384466,-0.2570398863420405
separated_restricted_training,operator,584,1.0040084655955381,-0.25701541886024593
separated_restricted_training,operator,585,1.0040948915464356,-0.25699041712714377
separated_restricted_training,operator,586,1.0041810056554881,-0.25696488304671289
separated_restricted_training,operator,587,1.0042668013647722,-0.25693881856347239
separated_restricted_training,operator,588,1.0043522721406128,-0.25691222566233352
separated_restricted_training,operator,589,1.0044374114740797,-0.25688510636844875
separated_restricted_training,operator,590,1.0045222128814824,-0.25685746274705717
separated_restricted_training,operator,591,1.0046066699048659,-0.25682929690332773
separated_restricted_training,operator,592,1.0046907761125006,-0.25680061098219836
separated_restricted_training,operator,593,1.0047745250993734,-0.25677140716821306
separated_restricted_training,operator,594,1.0048579104876743,-0.25674168768535538
separated_restricted_training,operator,595,1.0049409259272835,-0.2567114547968789
separated_restricted_training,operator,596,1.0050235650962538,-0.25668071080513521
separated_restricted_training,operator,597,1.0051058217012925,-0.25664945805139827
separated_restricted_training,operator,598,1.0051876894782408,-0.25661769891568631
separated_restricted_training,operator,599,1.00526916219255,-0.25658543581658044
separated_restricted_training,operator,600,1.0053502336397582,-0.25655267121104058
separated_restricted_training,operator,601,1.0054308976459603,-0.25651940759421832
separated_restricted_training,operator,602,1.0055111480682801,-0.25648564749926683
separated_restricted_training,operator,603,1.0055909787953372,-0.25645139349714807
separated_restricted_training,operator,604,1.0056703837477128,-0.25641664819643695
separated_restricted_training,operator,605,1.0057493568784122,-0.25638141424312255
separated_restricted_training,operator,606,1.0058278921733257,-0.25634569432040694
separated_restricted_training,operator,607,1.0059059836516866,-0.25630949114850043
separated_restricted_training,operator,608,1.0059836253665264,-0.25627280748441483
separated_restricted_training,operator,609,1.0060608114051282,-0.25623564612175309
separated_restricted_training,operator,610,1.006137535889476,-0.2561980098904969
separated_restricted_training,operator,611,1.0062137929767034,-0.25615990165679098
separated_restricted_training,operator,612,1.0062895768595379,-0.25612132432272483
separated_restricted_training,operator,613,1.0063648817667434,-0.2560822808261119
separated_restricted_training,operator,614,1.0064397019635598,-0.25604277414026549
separated_restricted_training,operator,615,1.0065140317521395,-0.25600280727377278
separated_restricted_training,operator,616,1.0065878654719809,-0.25596238327026538
separated_restricted_training,operator,617,1.0066611975003608,-0.25592150520818763
separated_restricted_training,operator,618,1.0067340222527612,-0.25588017620056225
separated_restricted_training,operator,619,1.0068063341832951,-0.25583839939475311
separated_restricted_training,operator,620,1.0068781277851293,-0.25579617797222581
separated_restricted_training,operator,621,1.006949397590903,-0.25575351514830513
separated_restricted_training,operator,622,1.0070201381731443,-0.25571041417193024
separated_restricted_training,operator,623,1.0070903441446841,-0.25566687832540741
separated_restricted_training,operator,624,1.0071600101590659,-0.2556229109241599
separated_restricted_training,operator,625,1.0072291309109531,-0.25557851531647552
separated_restricted_training,operator,626,1.0072977011365325,-0.25553369488325167
separated_restricted_training,operator,627,1.0073657156139164,-0.25548845303773787
separated_restricted_training,operator,628,1.0074331691635388,-0.25544279322527591
separated_restricted_training,operator,629,1.0075000566485504,-0.25539671892303717
separated_restricted_training,operator,630,1.0075663729752107,-0.25535023363975817
separated_restricted_training,operator,631,1.0076321130932746,-0.25530334091547324
separated_restricted_training,operator,632,1.0076972719963775,-0.25525604432124493
separated_restricted_training,operator,633,1.0077618447224168,-0.25520834745889193
separated_restricted_training,operator,634,1.007825826353929,-0.25516025396071496
separated_restricted_training,operator,635,1.0078892120184657,-0.25511176748922015
separated_restricted_training,operator,636,1.0079519968889628,-0.25506289173684005
separated_restricted_training,operator,637,1.0080141761841093,-0.25501363042565245
separated_restricted_training,operator,638,1.0080757451687112,-0.2549639873070968
separated_restricted_training,operator,639,1.0081366991540521,-0.25491396616168888
separated_restricted_training,operator,640,1.00819703349825,-0.25486357079873256
separated_restricted_training,operator,641,1.0082567436066108,-0.25481280505602982
separated_restricted_training,operator,642,1.0083158249319786,-0.25476167279958856
separated_restricted_training,operator,643,1.0083742729750818,-0.25471017792332806
separated_restricted_training,operator,644,1.0084320832848757,-0.25465832434878244
separated_restricted_training,operator,645,1.0084892514588815,-0.25460611602480226
separated_restricted_training,operator,646,1.008545773143521,-0.25455355692725351
separated_restricted_training,operator,647,1.0086016440344492,-0.25450065105871489
separated_restricted_training,operator,648,1.0086568598768817,-0.25444740244817321
separated_restricted_training,operator,649,1.0087114164659183,-0.2543938151507163
separated_restricted_training,operator,650,1.0087653096468632,-0.25433989324722428
separated_restricted_training,operator,651,1.0088185353155423,-0.25428564084405891
separated_restricted_training,operator,652,1.0088710894186148,-0.2542310620727507
separated_restricted_training,operator,653,1.0089229679538823,-0.25417616108968449
separated_restricted_training,operator,654,1.0089741669705934,-0.25412094207578256
separated_restricted_training,operator,655,1.0090246825697449,-0.25406540923618676
separated_restricted_training,operator,656,1.0090745109043779,-0.25400956679993769
separated_restricted_training,operator,657,1.0091236481798724,-0.25395341901965318
separated_restricted_training,operator,658,1.0091720906542343,-0.253896970171204
separated_restricted_training,operator,659,1.0092198346383816,-0.25384022455338862
separated_restricted_training,operator,660,1.0092668764964252,-0.25378318648760539
separated_restricted_training,operator,661,1.0093132126459456,-0.25372586031752398
separated_restricted_training,operator,662,1.0093588395582653,-0.25366825040875407
separated_restricted_training,operator,663,1.0094037537587184,-0.25361036114851337
separated_restricted_training,operator,664,1.0094479518269146,-0.25355219694529313
separated_restricted_training,operator,665,1.0094914303970002,-0.2534937622285226
separated_restricted_training,operator,666,1.0095341861579132,-0.25343506144823175
separated_restricted_training,operator,667,1.0095762158536372,-0.2533760990747122
separated_restricted_training,operator,668,1.0096175162834484,-0.25331687959817706
separated_restricted_training,operator,669,1.0096580843021588,-0.25325740752841863
separated_restricted_training,operator,670,1.0096979168203566,-0.25319768739446541
separated_restricted_training,operator,671,1.0097370108046415,-0.25313772374423671
separated_restricted_training,operator,672,1.0097753632778554,-0.25307752114419668
separated_restricted_training,operator,673,1.0098129713193089,-0.25301708417900642
separated_restricted_training,operator,674,1.0098498320650038,-0.25295641745117486
separated_restricted_training,operator,675,1.0098859427078519,-0.2528955255807081
separated_restricted_training,operator,676,1.0099213004978878,-0.25283441320475791
separated_restricted_training,operator,677,1.0099559027424789,-0.2527730849772683
separated_restricted_training,operator,678,1.0099897468065302,-0.25271154556862124
separated_restricted_training,operator,679,1.0100228301126855,-0.25264979966528095
separated_restricted_training,operator,680,1.0100551501415225,-0.25258785196943706
separated_restricted_training,operator,681,1.0100867044317463,-0.25252570719864642
separated_restricted_training,operator,682,1.0101174905803754,-0.25246337008547387
separated_restricted_training,operator,683,1.0101475062429253,-0.25240084537713203
separated_restricted_training,operator,684,1.0101767491335871,-0.25233813783511949
separated_restricted_training,operator,685,1.0102052170254014,-0.2522752522348583
separated_restricted_training,operator,686,1.0102329077504284,-0.25221219336533041
separated_restricted_training,operator,687,1.0102598191999117,-0.25214896602871295
separated_restricted_training,operator,688,1.0102859493244403,-0.25208557504001228
separated_restricted_training,operator,689,1.0103112961341043,-0.25202202522669775
separated_restricted_training,operator,690,1.0103358576986459,-0.25195832142833358
separated_restricted_training,operator,691,1.0103596321476069,-0.25189446849621072
separated_restricted_training,operator,692,1.0103826176704709,-0.25183047129297709
separated_restricted_training,operator,693,1.0104048125168013,-0.25176633469226756
separated_restricted_training,operator,694,1.0104262149963745,-0.25170206357833258
separated_restricted_training,operator,695,1.0104468234793094,-0.2516376628456663
separated_restricted_training,operator,696,1.0104666363961896,-0.25157313739863385
separated_restricted_training,operator,697,1.0104856522381849,-0.25150849215109788
separated_restricted_training,operator,698,1.0105038695571655,-0.2514437320260442
separated_restricted_training,operator,699,1.010521286965812,-0.25137886195520714
separated_restricted_training,operator,700,1.0105379031377211,-0.25131388687869366
separated_restricted_training,operator,701,1.0105537168075072,-0.25124881174460745
separated_restricted_training,operator,702,1.010568726770898,-0.25118364150867195
separated_restricted_training,operator,703,1.0105829318848267,-0.25111838113385293
separated_restricted_training,operator,704,1.010596331067519,-0.25105303558998054
separated_restricted_training,operator,705,1.0106089232985751,-0.25098760985337099
separated_restricted_training,operator,706,1.0106207076190479,-0.25092210890644739
separated_restricted_training,operator,707,1.0106316831315156,-0.2508565377373605
separated_restricted_training,operator,708,1.0106418490001507,-0.25079090133960869
separated_restricted_training,operator,709,1.0106512044507829,-0.25072520471165777
separated_restricted_training,operator,710,1.0106597487709583,-0.25065945285656033
separated_restricted_training,operator,711,1.0106674813099941,-0.25059365078157464
separated_restricted_training,operator,712,1.010674401479027,-0.25052780349778353
separated_restricted_training,operator,713,1.0106805087510597,-0.25046191601971263
separated_restricted_training,operator,714,1.0106858026609999,-0.25039599336494844
separated_restricted_training,operator,715,1.0106902828056956,-0.25033004055375635
separated_restricted_training,operator,716,1.0106939488439666,-0.25026406260869827
separated_restricted_training,operator,717,1.0106968004966297,-0.2501980645542502
separated_restricted_training,operator,718,1.0106988375465209,-0.25013205141641948
separated_restricted_training,operator,719,1.0107000598385103,-0.25006602822236212
