variant	category	roles	path
TargetTreeInput	checkpoint	authority_citation	.pi/checkpoints/research-monograph-harmonic-oscillator-pint-units.json
TargetTreeInput	checkpoint	authority_citation	.pi/checkpoints/research-monograph-impurity-defect-2d-finite-domain-effects-design-acceptance.json
TargetTreeInput	checkpoint	authority_citation	.pi/checkpoints/research-monograph-impurity-defect-2d-finite-domain-solid-state-extraction-architecture.json
TargetTreeInput	checkpoint	authority_citation	.pi/checkpoints/research-monograph-impurity-defect-2d-solid-state-bravais-type-architecture.json
TargetTreeInput	checkpoint	authority_citation	.pi/checkpoints/research-monograph-impurity-defect-2d-stage-c-accepted-parent-adapter-implementation.json
TargetTreeInput	checkpoint	authority_citation	.pi/checkpoints/research-monograph-impurity-defect-2d-stage-c-accepted-parent-execution-acceptance.json
TargetTreeInput	checkpoint	authority_citation	.pi/checkpoints/research-monograph-impurity-defect-2d-stage-c-accepted-parent-execution.json
TargetTreeInput	checkpoint	authority_citation	.pi/checkpoints/research-monograph-impurity-defect-2d-stage-c-native-storage-root.json
TargetTreeInput	other_first_party_python	python_consumer	.pi/evidence/backend-neutral-cpn-P1-contract/validate_test_ownership.py
TargetTreeInput	other_first_party_python	python_consumer	.pi/evidence/class-owned-evidence-convention/validate.py
TargetTreeInput	other_first_party_python	python_consumer	.pi/evidence/pi-harness-incubation/H4/validate_h4_completion.py
TargetTreeInput	conformance_inventory	identity_only	.pi/evidence/python-conformance/module-inventory.json
TargetTreeInput	task_tool	identity_only	.pi/task-ownership/generate_python_architecture_inventory.py
TaskToolInput	task_tool	task_tool	.pi/task-ownership/generate_python_public_import_current_fact_supplement.py
TargetTreeInput	task_tool	identity_only	.pi/task-ownership/generate_python_public_import_foundation.py
TaskToolInput	task_tool	task_tool	.pi/task-ownership/public_import_current_fact_supplement/__init__.py
TaskToolInput	task_tool	task_tool	.pi/task-ownership/public_import_current_fact_supplement/command.py
TaskToolInput	task_tool	task_tool	.pi/task-ownership/public_import_current_fact_supplement/delta_acquisition.py
TaskToolInput	task_tool	task_tool	.pi/task-ownership/public_import_current_fact_supplement/f0_adapter.py
TaskToolInput	task_tool	task_tool	.pi/task-ownership/public_import_current_fact_supplement/supplement_assembly.py
TargetTreeInput	task_tool	identity_only	.pi/task-ownership/public_import_foundation/__init__.py
TargetTreeInput	task_tool	identity_only	.pi/task-ownership/public_import_foundation/architecture_conformance_adapter.py
TargetTreeInput	task_tool	identity_only	.pi/task-ownership/public_import_foundation/command.py
TargetTreeInput	task_tool	identity_only	.pi/task-ownership/public_import_foundation/foundation_assembly.py
TargetTreeInput	task_tool	identity_only	.pi/task-ownership/public_import_foundation/input_snapshot.py
TargetTreeInput	task_tool	identity_only	.pi/task-ownership/public_import_foundation/runtime_observation.py
TargetTreeInput	task_tool	identity_only	.pi/task-ownership/public_import_foundation/source_observation.py
TargetTreeInput	phase2_view	authority_citation	.pi/task-ownership/python.architecture-refactor.architecture-conformance.dependency-graph-views.json
TargetTreeInput	phase2_view	authority_citation	.pi/task-ownership/python.architecture-refactor.architecture-conformance.production-facts.json
TaskToolInput	task_tool	task_tool	.pi/task-ownership/python_public_import_current_fact_supplement_model.py
TargetTreeInput	task_tool	identity_only	.pi/task-ownership/python_public_import_foundation_model.py
TargetTreeInput	harness_check	python_consumer	.pi/task-ownership/tests/test_validate_task_ownership.py
TargetTreeInput	task_tool	identity_only	.pi/task-ownership/validate_python_architecture_conformance_callable_private_rules.py
TargetTreeInput	task_tool	identity_only	.pi/task-ownership/validate_python_architecture_conformance_dependency_graph_views.py
TargetTreeInput	task_tool	identity_only	.pi/task-ownership/validate_python_architecture_conformance_planning.py
TargetTreeInput	task_tool	identity_only	.pi/task-ownership/validate_python_architecture_conformance_production_facts.py
TargetTreeInput	task_tool	identity_only	.pi/task-ownership/validate_python_architecture_conformance_ratchet_integration.py
TargetTreeInput	task_tool	identity_only	.pi/task-ownership/validate_python_architecture_inventory_and_policy.py
TargetTreeInput	task_tool	identity_only	.pi/task-ownership/validate_python_public_import_boundaries_planning.py
TaskToolInput	task_tool	task_tool	.pi/task-ownership/validate_python_public_import_current_fact_supplement.py
TargetTreeInput	task_tool	identity_only	.pi/task-ownership/validate_python_public_import_foundation.py
TargetTreeInput	task_tool	identity_only	.pi/task-ownership/validate_quantumespresso_simulations_integration.py
TargetTreeInput	authority	authority_citation	AGENTS.md
TargetTreeInput	license_context	identity_only	THIRD_PARTY_NOTICES.md
TargetTreeInput	calculation_documentation	documentation_citation	calculations/research-monograph/harmonic-oscillator/README.md
TargetTreeInput	calculation_context	identity_only	calculations/research-monograph/harmonic-oscillator/SHA256SUMS
TargetTreeInput	other_first_party_python	python_consumer	calculations/research-monograph/harmonic-oscillator/plot_result.py
TargetTreeInput	other_first_party_python	python_consumer	calculations/research-monograph/harmonic-oscillator/run_experiment.py
TargetTreeInput	other_first_party_python	python_consumer	calculations/research-monograph/harmonic-oscillator/verify_result.py
TargetTreeInput	calculation_documentation	documentation_citation	calculations/research-monograph/impurity-defect-1d-analytical-oracle/README.md
TargetTreeInput	calculation_context	identity_only	calculations/research-monograph/impurity-defect-1d-analytical-oracle/SHA256SUMS
TargetTreeInput	other_first_party_python	python_consumer	calculations/research-monograph/impurity-defect-1d-analytical-oracle/analytical_oracle_calculation/__init__.py
TargetTreeInput	other_first_party_python	python_consumer	calculations/research-monograph/impurity-defect-1d-analytical-oracle/analytical_oracle_calculation/run_experiment.py
TargetTreeInput	other_first_party_python	python_consumer	calculations/research-monograph/impurity-defect-1d-analytical-oracle/analytical_oracle_calculation/verify_result.py
TargetTreeInput	other_first_party_python	python_consumer	calculations/research-monograph/impurity-defect-1d-analytical-oracle/plot_result.py
TargetTreeInput	other_first_party_python	python_consumer	calculations/research-monograph/impurity-defect-1d-analytical-oracle/run_experiment.py
TargetTreeInput	other_first_party_python	python_consumer	calculations/research-monograph/impurity-defect-1d-analytical-oracle/verify_result.py
TargetTreeInput	calculation_documentation	documentation_citation	calculations/research-monograph/impurity-defect-1d-blind-alignment/README.md
TargetTreeInput	calculation_context	identity_only	calculations/research-monograph/impurity-defect-1d-blind-alignment/SHA256SUMS
TargetTreeInput	other_first_party_python	python_consumer	calculations/research-monograph/impurity-defect-1d-blind-alignment/blind_alignment_calculation/__init__.py
TargetTreeInput	other_first_party_python	python_consumer	calculations/research-monograph/impurity-defect-1d-blind-alignment/blind_alignment_calculation/run_experiment.py
TargetTreeInput	other_first_party_python	python_consumer	calculations/research-monograph/impurity-defect-1d-blind-alignment/blind_alignment_calculation/verify_result.py
TargetTreeInput	other_first_party_python	python_consumer	calculations/research-monograph/impurity-defect-1d-blind-alignment/plot_result.py
TargetTreeInput	other_first_party_python	python_consumer	calculations/research-monograph/impurity-defect-1d-blind-alignment/run_experiment.py
TargetTreeInput	other_first_party_python	python_consumer	calculations/research-monograph/impurity-defect-1d-blind-alignment/verify_result.py
TargetTreeInput	calculation_documentation	documentation_citation	calculations/research-monograph/impurity-defect-1d-continuum-refinement/README.md
TargetTreeInput	calculation_context	identity_only	calculations/research-monograph/impurity-defect-1d-continuum-refinement/SHA256SUMS
TargetTreeInput	other_first_party_python	python_consumer	calculations/research-monograph/impurity-defect-1d-continuum-refinement/continuum_refinement_calculation/__init__.py
TargetTreeInput	other_first_party_python	python_consumer	calculations/research-monograph/impurity-defect-1d-continuum-refinement/continuum_refinement_calculation/run_experiment.py
TargetTreeInput	other_first_party_python	python_consumer	calculations/research-monograph/impurity-defect-1d-continuum-refinement/continuum_refinement_calculation/verify_result.py
TargetTreeInput	other_first_party_python	python_consumer	calculations/research-monograph/impurity-defect-1d-continuum-refinement/plot_result.py
TargetTreeInput	other_first_party_python	python_consumer	calculations/research-monograph/impurity-defect-1d-continuum-refinement/run_experiment.py
TargetTreeInput	other_first_party_python	python_consumer	calculations/research-monograph/impurity-defect-1d-continuum-refinement/verify_result.py
TargetTreeInput	calculation_documentation	documentation_citation	calculations/research-monograph/impurity-defect-1d-independent-route/README.md
TargetTreeInput	calculation_context	identity_only	calculations/research-monograph/impurity-defect-1d-independent-route/SHA256SUMS
TargetTreeInput	other_first_party_python	python_consumer	calculations/research-monograph/impurity-defect-1d-independent-route/independent_route_calculation/__init__.py
TargetTreeInput	other_first_party_python	python_consumer	calculations/research-monograph/impurity-defect-1d-independent-route/independent_route_calculation/run_experiment.py
TargetTreeInput	other_first_party_python	python_consumer	calculations/research-monograph/impurity-defect-1d-independent-route/independent_route_calculation/verify_result.py
TargetTreeInput	other_first_party_python	python_consumer	calculations/research-monograph/impurity-defect-1d-independent-route/plot_result.py
TargetTreeInput	other_first_party_python	python_consumer	calculations/research-monograph/impurity-defect-1d-independent-route/run_experiment.py
TargetTreeInput	other_first_party_python	python_consumer	calculations/research-monograph/impurity-defect-1d-independent-route/verify_result.py
TargetTreeInput	calculation_documentation	documentation_citation	calculations/research-monograph/impurity-defect-1d/README.md
TargetTreeInput	calculation_context	identity_only	calculations/research-monograph/impurity-defect-1d/SHA256SUMS
TargetTreeInput	other_first_party_python	python_consumer	calculations/research-monograph/impurity-defect-1d/impurity_defect_1d_calculation/__init__.py
TargetTreeInput	other_first_party_python	python_consumer	calculations/research-monograph/impurity-defect-1d/impurity_defect_1d_calculation/model.py
TargetTreeInput	other_first_party_python	python_consumer	calculations/research-monograph/impurity-defect-1d/impurity_defect_1d_calculation/operators.py
TargetTreeInput	other_first_party_python	python_consumer	calculations/research-monograph/impurity-defect-1d/impurity_defect_1d_calculation/records.py
TargetTreeInput	other_first_party_python	python_consumer	calculations/research-monograph/impurity-defect-1d/impurity_defect_1d_calculation/verify_result.py
TargetTreeInput	other_first_party_python	python_consumer	calculations/research-monograph/impurity-defect-1d/impurity_defect_1d_calculation/workflows.py
TargetTreeInput	other_first_party_python	python_consumer	calculations/research-monograph/impurity-defect-1d/plot_result.py
TargetTreeInput	other_first_party_python	python_consumer	calculations/research-monograph/impurity-defect-1d/run_experiment.py
TargetTreeInput	other_first_party_python	python_consumer	calculations/research-monograph/impurity-defect-1d/verify_result.py
TargetTreeInput	calculation_documentation	documentation_citation	calculations/research-monograph/impurity-defect-2d/README.md
TargetTreeInput	calculation_context	identity_only	calculations/research-monograph/impurity-defect-2d/SHA256SUMS
TargetTreeInput	calculation_documentation	documentation_citation	calculations/research-monograph/impurity-defect-2d/finite-domain-effects-adversarial-review.md
TargetTreeInput	calculation_context	identity_only	calculations/research-monograph/impurity-defect-2d/finite-domain-effects-design.json
TargetTreeInput	calculation_documentation	documentation_citation	calculations/research-monograph/impurity-defect-2d/finite-domain-effects-gate-audit.md
TargetTreeInput	calculation_documentation	documentation_citation	calculations/research-monograph/impurity-defect-2d/finite-domain-effects-preflight.md
TargetTreeInput	calculation_documentation	documentation_citation	calculations/research-monograph/impurity-defect-2d/finite-domain-effects-protocol.md
TargetTreeInput	other_first_party_python	python_consumer	calculations/research-monograph/impurity-defect-2d/plot_stage_b.py
TargetTreeInput	other_first_party_python	python_consumer	calculations/research-monograph/impurity-defect-2d/plot_stage_c_parent.py
TargetTreeInput	calculation_documentation	documentation_citation	calculations/research-monograph/impurity-defect-2d/preflight.md
TargetTreeInput	calculation_documentation	documentation_citation	calculations/research-monograph/impurity-defect-2d/protocol.md
TargetTreeInput	other_first_party_python	python_consumer	calculations/research-monograph/impurity-defect-2d/run_stage_a.py
TargetTreeInput	other_first_party_python	python_consumer	calculations/research-monograph/impurity-defect-2d/run_stage_b.py
TargetTreeInput	other_first_party_python	python_consumer	calculations/research-monograph/impurity-defect-2d/run_stage_c.py
TargetTreeInput	other_first_party_python	python_consumer	calculations/research-monograph/impurity-defect-2d/run_stage_c_parent.py
TargetTreeInput	calculation_context	identity_only	calculations/research-monograph/impurity-defect-2d/stage-c-accepted-parent-SHA256SUMS
TargetTreeInput	calculation_documentation	documentation_citation	calculations/research-monograph/impurity-defect-2d/stage-c-accepted-parent-adapter-implementation-plan.md
TargetTreeInput	calculation_documentation	documentation_citation	calculations/research-monograph/impurity-defect-2d/stage-c-accepted-parent-adapter-implementation-review.md
TargetTreeInput	calculation_context	identity_only	calculations/research-monograph/impurity-defect-2d/stage-c-accepted-parent-attempt.jsonl
TargetTreeInput	calculation_context	identity_only	calculations/research-monograph/impurity-defect-2d/stage-c-accepted-parent-execution-authorization.json
TargetTreeInput	calculation_documentation	documentation_citation	calculations/research-monograph/impurity-defect-2d/stage-c-accepted-parent-execution-review.md
TargetTreeInput	calculation_context	identity_only	calculations/research-monograph/impurity-defect-2d/stage-c-accepted-parent-native-evidence-manifest.json
TargetTreeInput	calculation_documentation	documentation_citation	calculations/research-monograph/impurity-defect-2d/stage-c-accepted-parent-preflight.md
TargetTreeInput	calculation_documentation	documentation_citation	calculations/research-monograph/impurity-defect-2d/stage-c-accepted-parent-protocol.md
TargetTreeInput	calculation_documentation	documentation_citation	calculations/research-monograph/impurity-defect-2d/stage-c-accepted-parent-report.md
TargetTreeInput	calculation_context	identity_only	calculations/research-monograph/impurity-defect-2d/stage-c-accepted-parent-result.json
TargetTreeInput	calculation_context	identity_only	calculations/research-monograph/impurity-defect-2d/stage-c-accepted-parent-summary.svg
TargetTreeInput	calculation_context	identity_only	calculations/research-monograph/impurity-defect-2d/stage-c-accepted-parent-verification.log
TargetTreeInput	calculation_context	identity_only	calculations/research-monograph/impurity-defect-2d/stage-c-execution-authorization.schema.json
TargetTreeInput	calculation_context	identity_only	calculations/research-monograph/impurity-defect-2d/stage-c-result.schema.json
TargetTreeInput	other_first_party_python	python_consumer	calculations/research-monograph/impurity-defect-2d/stage_c_parent/__init__.py
TargetTreeInput	other_first_party_python	python_consumer	calculations/research-monograph/impurity-defect-2d/stage_c_parent/authorization.py
TargetTreeInput	other_first_party_python	python_consumer	calculations/research-monograph/impurity-defect-2d/stage_c_parent/context.py
TargetTreeInput	other_first_party_python	python_consumer	calculations/research-monograph/impurity-defect-2d/stage_c_parent/evaluation.py
TargetTreeInput	other_first_party_python	python_consumer	calculations/research-monograph/impurity-defect-2d/stage_c_parent/model.py
TargetTreeInput	other_first_party_python	python_consumer	calculations/research-monograph/impurity-defect-2d/stage_c_parent/model_fitting.py
TargetTreeInput	other_first_party_python	python_consumer	calculations/research-monograph/impurity-defect-2d/stage_c_parent/operator_construction.py
TargetTreeInput	other_first_party_python	python_consumer	calculations/research-monograph/impurity-defect-2d/stage_c_parent/records.py
TargetTreeInput	other_first_party_python	python_consumer	calculations/research-monograph/impurity-defect-2d/stage_c_parent/retention.py
TargetTreeInput	other_first_party_python	python_consumer	calculations/research-monograph/impurity-defect-2d/stage_c_parent/scheduling.py
TargetTreeInput	other_first_party_python	python_consumer	calculations/research-monograph/impurity-defect-2d/stage_c_parent/workflows.py
TargetTreeInput	other_first_party_python	python_consumer	calculations/research-monograph/impurity-defect-2d/stage_c_parent_verification/__init__.py
TargetTreeInput	other_first_party_python	python_consumer	calculations/research-monograph/impurity-defect-2d/stage_c_parent_verification/verifier.py
TargetTreeInput	other_first_party_python	python_consumer	calculations/research-monograph/impurity-defect-2d/verify_stage_a.py
TargetTreeInput	other_first_party_python	python_consumer	calculations/research-monograph/impurity-defect-2d/verify_stage_b.py
TargetTreeInput	other_first_party_python	python_consumer	calculations/research-monograph/impurity-defect-2d/verify_stage_c.py
TargetTreeInput	other_first_party_python	python_consumer	calculations/research-monograph/impurity-defect-2d/verify_stage_c_parent.py
TargetTreeInput	calculation_documentation	documentation_citation	calculations/research-monograph/impurity-spin-spaces/README.md
TargetTreeInput	calculation_context	identity_only	calculations/research-monograph/impurity-spin-spaces/SHA256SUMS
TargetTreeInput	other_first_party_python	python_consumer	calculations/research-monograph/impurity-spin-spaces/plot_result.py
TargetTreeInput	other_first_party_python	python_consumer	calculations/research-monograph/impurity-spin-spaces/run_experiment.py
TargetTreeInput	other_first_party_python	python_consumer	calculations/research-monograph/impurity-spin-spaces/spin_spaces_calculation/__init__.py
TargetTreeInput	other_first_party_python	python_consumer	calculations/research-monograph/impurity-spin-spaces/spin_spaces_calculation/run_experiment.py
TargetTreeInput	other_first_party_python	python_consumer	calculations/research-monograph/impurity-spin-spaces/spin_spaces_calculation/verify_result.py
TargetTreeInput	other_first_party_python	python_consumer	calculations/research-monograph/impurity-spin-spaces/verify_result.py
TargetTreeInput	calculation_documentation	documentation_citation	calculations/research-monograph/particle-in-box/README.md
TargetTreeInput	calculation_context	identity_only	calculations/research-monograph/particle-in-box/SHA256SUMS
TargetTreeInput	other_first_party_python	python_consumer	calculations/research-monograph/particle-in-box/plot_convergence.py
TargetTreeInput	other_first_party_python	python_consumer	calculations/research-monograph/particle-in-box/plot_eigenpair_sweep.py
TargetTreeInput	other_first_party_python	python_consumer	calculations/research-monograph/particle-in-box/plot_identifiability.py
TargetTreeInput	other_first_party_python	python_consumer	calculations/research-monograph/particle-in-box/plot_norm_sweep.py
TargetTreeInput	other_first_party_python	python_consumer	calculations/research-monograph/particle-in-box/plot_results.py
TargetTreeInput	other_first_party_python	python_consumer	calculations/research-monograph/particle-in-box/run_convergence.py
TargetTreeInput	other_first_party_python	python_consumer	calculations/research-monograph/particle-in-box/run_eigenpair_sweep.py
TargetTreeInput	other_first_party_python	python_consumer	calculations/research-monograph/particle-in-box/run_experiment.py
TargetTreeInput	other_first_party_python	python_consumer	calculations/research-monograph/particle-in-box/run_identifiability.py
TargetTreeInput	other_first_party_python	python_consumer	calculations/research-monograph/particle-in-box/run_norm_sweep.py
TargetTreeInput	other_first_party_python	python_consumer	calculations/research-monograph/particle-in-box/verify_convergence.py
TargetTreeInput	other_first_party_python	python_consumer	calculations/research-monograph/particle-in-box/verify_eigenpair_sweep.py
TargetTreeInput	other_first_party_python	python_consumer	calculations/research-monograph/particle-in-box/verify_identifiability.py
TargetTreeInput	other_first_party_python	python_consumer	calculations/research-monograph/particle-in-box/verify_norm_sweep.py
TargetTreeInput	other_first_party_python	python_consumer	calculations/research-monograph/particle-in-box/verify_result.py
TargetTreeInput	calculation_documentation	documentation_citation	calculations/research-monograph/periodic-1d/DEPRECATION.md
TargetTreeInput	other_first_party_python	python_consumer	calculations/research-monograph/periodic-1d/extract_wannier90.py
TargetTreeInput	other_first_party_python	python_consumer	calculations/research-monograph/periodic-1d/plot_composite.py
TargetTreeInput	other_first_party_python	python_consumer	calculations/research-monograph/periodic-1d/plot_result.py
TargetTreeInput	other_first_party_python	python_consumer	calculations/research-monograph/periodic-1d/plot_stress.py
TargetTreeInput	other_first_party_python	python_consumer	calculations/research-monograph/periodic-1d/plot_wannier90.py
TargetTreeInput	other_first_party_python	python_consumer	calculations/research-monograph/periodic-1d/prepare_wannier90.py
TargetTreeInput	other_first_party_python	python_consumer	calculations/research-monograph/periodic-1d/run_composite.py
TargetTreeInput	other_first_party_python	python_consumer	calculations/research-monograph/periodic-1d/run_experiment.py
TargetTreeInput	other_first_party_python	python_consumer	calculations/research-monograph/periodic-1d/run_stress.py
TargetTreeInput	other_first_party_python	python_consumer	calculations/research-monograph/periodic-1d/verify_composite.py
TargetTreeInput	other_first_party_python	python_consumer	calculations/research-monograph/periodic-1d/verify_result.py
TargetTreeInput	other_first_party_python	python_consumer	calculations/research-monograph/periodic-1d/verify_stress.py
TargetTreeInput	other_first_party_python	python_consumer	calculations/research-monograph/periodic-1d/verify_wannier90.py
TargetTreeInput	other_first_party_python	python_consumer	calculations/research-monograph/periodic-2d-optimizer-basin/analyze_standalone_convergence_regression.py
TargetTreeInput	other_first_party_python	python_consumer	calculations/research-monograph/periodic-2d-optimizer-basin/execute_standalone_study.py
TargetTreeInput	other_first_party_python	python_consumer	calculations/research-monograph/periodic-2d-optimizer-basin/execute_study.py
TargetTreeInput	other_first_party_python	python_consumer	calculations/research-monograph/periodic-2d-optimizer-basin/extract_standalone_results.py
TargetTreeInput	other_first_party_python	python_consumer	calculations/research-monograph/periodic-2d-optimizer-basin/extract_study.py
TargetTreeInput	other_first_party_python	python_consumer	calculations/research-monograph/periodic-2d-optimizer-basin/generate_standalone_starts.py
TargetTreeInput	other_first_party_python	python_consumer	calculations/research-monograph/periodic-2d-optimizer-basin/plot_reanalysis.py
TargetTreeInput	other_first_party_python	python_consumer	calculations/research-monograph/periodic-2d-optimizer-basin/plot_standalone_convergence_regression.py
TargetTreeInput	other_first_party_python	python_consumer	calculations/research-monograph/periodic-2d-optimizer-basin/plot_standalone_results.py
TargetTreeInput	other_first_party_python	python_consumer	calculations/research-monograph/periodic-2d-optimizer-basin/plot_study.py
TargetTreeInput	other_first_party_python	python_consumer	calculations/research-monograph/periodic-2d-optimizer-basin/reanalyze_study.py
TargetTreeInput	other_first_party_python	python_consumer	calculations/research-monograph/periodic-2d-optimizer-basin/resume_standalone_continuations.py
TargetTreeInput	other_first_party_python	python_consumer	calculations/research-monograph/periodic-2d-optimizer-basin/verify_native_evidence_archive.py
TargetTreeInput	other_first_party_python	python_consumer	calculations/research-monograph/periodic-2d-optimizer-basin/verify_reanalysis.py
TargetTreeInput	other_first_party_python	python_consumer	calculations/research-monograph/periodic-2d-optimizer-basin/verify_standalone_archive.py
TargetTreeInput	other_first_party_python	python_consumer	calculations/research-monograph/periodic-2d-optimizer-basin/verify_standalone_convergence_regression.py
TargetTreeInput	other_first_party_python	python_consumer	calculations/research-monograph/periodic-2d-optimizer-basin/verify_standalone_execution.py
TargetTreeInput	other_first_party_python	python_consumer	calculations/research-monograph/periodic-2d-optimizer-basin/verify_standalone_proposal.py
TargetTreeInput	other_first_party_python	python_consumer	calculations/research-monograph/periodic-2d-optimizer-basin/verify_standalone_results.py
TargetTreeInput	other_first_party_python	python_consumer	calculations/research-monograph/periodic-2d-optimizer-basin/verify_study.py
TargetTreeInput	other_first_party_python	python_consumer	calculations/research-monograph/periodic-2d/execute_wannier90_study.py
TargetTreeInput	other_first_party_python	python_consumer	calculations/research-monograph/periodic-2d/extract_wannier90.py
TargetTreeInput	other_first_party_python	python_consumer	calculations/research-monograph/periodic-2d/extract_wannier90_study.py
TargetTreeInput	other_first_party_python	python_consumer	calculations/research-monograph/periodic-2d/plot_composite.py
TargetTreeInput	other_first_party_python	python_consumer	calculations/research-monograph/periodic-2d/plot_result.py
TargetTreeInput	other_first_party_python	python_consumer	calculations/research-monograph/periodic-2d/plot_topological.py
TargetTreeInput	other_first_party_python	python_consumer	calculations/research-monograph/periodic-2d/plot_topological_phase_sweep.py
TargetTreeInput	other_first_party_python	python_consumer	calculations/research-monograph/periodic-2d/plot_wannier90_balanced.py
TargetTreeInput	other_first_party_python	python_consumer	calculations/research-monograph/periodic-2d/plot_wannier90_study.py
TargetTreeInput	other_first_party_python	python_consumer	calculations/research-monograph/periodic-2d/prepare_wannier90.py
TargetTreeInput	other_first_party_python	python_consumer	calculations/research-monograph/periodic-2d/run_composite.py
TargetTreeInput	other_first_party_python	python_consumer	calculations/research-monograph/periodic-2d/run_experiment.py
TargetTreeInput	other_first_party_python	python_consumer	calculations/research-monograph/periodic-2d/run_topological.py
TargetTreeInput	other_first_party_python	python_consumer	calculations/research-monograph/periodic-2d/run_topological_phase_sweep.py
TargetTreeInput	other_first_party_python	python_consumer	calculations/research-monograph/periodic-2d/verify_composite.py
TargetTreeInput	other_first_party_python	python_consumer	calculations/research-monograph/periodic-2d/verify_native_evidence_archive.py
TargetTreeInput	other_first_party_python	python_consumer	calculations/research-monograph/periodic-2d/verify_result.py
TargetTreeInput	other_first_party_python	python_consumer	calculations/research-monograph/periodic-2d/verify_topological.py
TargetTreeInput	other_first_party_python	python_consumer	calculations/research-monograph/periodic-2d/verify_topological_phase_sweep.py
TargetTreeInput	other_first_party_python	python_consumer	calculations/research-monograph/periodic-2d/verify_wannier90_balanced.py
TargetTreeInput	other_first_party_python	python_consumer	calculations/research-monograph/periodic-2d/verify_wannier90_execution.py
TargetTreeInput	other_first_party_python	python_consumer	calculations/research-monograph/periodic-2d/verify_wannier90_study.py
TargetTreeInput	public_documentation	documentation_citation	docs/api/analysis.rst
TargetTreeInput	public_documentation	documentation_citation	docs/api/application.rst
TargetTreeInput	public_documentation	documentation_citation	docs/api/harness-adapters.rst
TargetTreeInput	public_documentation	documentation_citation	docs/api/harness-authority.rst
TargetTreeInput	public_documentation	documentation_citation	docs/api/harness-compiler.rst
TargetTreeInput	public_documentation	documentation_citation	docs/api/harness-conformance.rst
TargetTreeInput	public_documentation	documentation_citation	docs/api/harness-control.rst
TargetTreeInput	public_documentation	documentation_citation	docs/api/harness-prerequisites.rst
TargetTreeInput	public_documentation	documentation_citation	docs/api/harness-task.rst
TargetTreeInput	public_documentation	documentation_citation	docs/api/harness-validation.rst
TargetTreeInput	public_documentation	documentation_citation	docs/api/index.rst
TargetTreeInput	public_documentation	documentation_citation	docs/api/model-systems.rst
TargetTreeInput	public_documentation	documentation_citation	docs/api/operators.rst
TargetTreeInput	public_documentation	documentation_citation	docs/api/periodic-records.rst
TargetTreeInput	public_documentation	documentation_citation	docs/api/persistence.rst
TargetTreeInput	public_documentation	documentation_citation	docs/api/petrinet-colored.rst
TargetTreeInput	public_documentation	documentation_citation	docs/api/plane-wave-calculators.rst
TargetTreeInput	public_documentation	documentation_citation	docs/api/provenance.md
TargetTreeInput	public_documentation	documentation_citation	docs/api/quantum-espresso.rst
TargetTreeInput	public_documentation	documentation_citation	docs/api/research-monograph-campaigns.rst
TargetTreeInput	public_documentation	documentation_citation	docs/api/serialization.rst
TargetTreeInput	public_documentation	documentation_citation	docs/api/solid-state.rst
TargetTreeInput	public_documentation	documentation_citation	docs/api/units.rst
TargetTreeInput	public_documentation	documentation_citation	docs/api/wannier90.rst
TargetTreeInput	public_documentation	documentation_citation	docs/api/workflows.rst
TargetTreeInput	public_documentation	documentation_citation	docs/architecture/migration/v1-to-v2/agents.md
TargetTreeInput	public_documentation	documentation_citation	docs/architecture/migration/v1-to-v2/coding-standards-conformance.md
TargetTreeInput	public_documentation	documentation_citation	docs/architecture/migration/v1-to-v2/development-harness-projections.md
TargetTreeInput	public_documentation	documentation_citation	docs/architecture/migration/v1-to-v2/implementation/control-ingress-authorization-claim-evidence.md
TargetTreeInput	public_documentation	documentation_citation	docs/architecture/migration/v1-to-v2/implementation/control-ingress-dispatch-reentry-safety.md
TargetTreeInput	public_documentation	documentation_citation	docs/architecture/migration/v1-to-v2/implementation/control-ingress-effect-bridge.md
TargetTreeInput	public_documentation	documentation_citation	docs/architecture/migration/v1-to-v2/implementation/control-ingress-indeterminate-reconciliation-lifecycle.md
TargetTreeInput	public_documentation	documentation_citation	docs/architecture/migration/v1-to-v2/implementation/control-ingress-native-output-admission.md
TargetTreeInput	public_documentation	documentation_citation	docs/architecture/migration/v1-to-v2/implementation/harness/compiler.md
TargetTreeInput	public_documentation	documentation_citation	docs/architecture/migration/v1-to-v2/implementation/harness/decisions-authority.md
TargetTreeInput	public_documentation	documentation_citation	docs/architecture/migration/v1-to-v2/implementation/harness/prerequisite-resolution.md
TargetTreeInput	public_documentation	documentation_citation	docs/architecture/migration/v1-to-v2/implementation/harness/task-model.md
TargetTreeInput	public_documentation	documentation_citation	docs/architecture/migration/v1-to-v2/implementation/identity-contracts.md
TargetTreeInput	public_documentation	documentation_citation	docs/architecture/migration/v1-to-v2/implementation/index.md
TargetTreeInput	public_documentation	documentation_citation	docs/architecture/migration/v1-to-v2/implementation/ksdft-contract-verification.md
TargetTreeInput	public_documentation	documentation_citation	docs/architecture/migration/v1-to-v2/implementation/ksdft-plane-wave-disposition.md
TargetTreeInput	public_documentation	documentation_citation	docs/architecture/migration/v1-to-v2/implementation/operator-analysis-disposition.md
TargetTreeInput	public_documentation	documentation_citation	docs/architecture/migration/v1-to-v2/implementation/operator-ownership.md
TargetTreeInput	public_documentation	documentation_citation	docs/architecture/migration/v1-to-v2/implementation/operator-records-disposition.md
TargetTreeInput	public_documentation	documentation_citation	docs/architecture/migration/v1-to-v2/implementation/periodic-contract-verification.md
TargetTreeInput	public_documentation	documentation_citation	docs/architecture/migration/v1-to-v2/implementation/petrinet/colored.md
TargetTreeInput	public_documentation	documentation_citation	docs/architecture/migration/v1-to-v2/implementation/qe-observation-adaptation-result-boundary.md
TargetTreeInput	public_documentation	documentation_citation	docs/architecture/migration/v1-to-v2/implementation/qexsd-parsing-migration.md
TargetTreeInput	public_documentation	documentation_citation	docs/architecture/migration/v1-to-v2/implementation/strict-python-conformance-migration.md
TargetTreeInput	public_documentation	documentation_citation	docs/architecture/migration/v1-to-v2/implementation/workflow-normalized-observation-input-boundary.md
TargetTreeInput	public_documentation	documentation_citation	docs/architecture/migration/v1-to-v2/implementation/workflow-run.md
TargetTreeInput	public_documentation	documentation_citation	docs/architecture/migration/v1-to-v2/index.md
TargetTreeInput	public_documentation	documentation_citation	docs/architecture/migration/v1-to-v2/package-module-crosswalk.md
TargetTreeInput	public_documentation	documentation_citation	docs/architecture/migration/v1-to-v2/pi-harness-subagents.md
TargetTreeInput	architecture_documentation	authority_citation	docs/architecture/v2/index.md
TargetTreeInput	architecture_documentation	authority_citation	docs/architecture/v2/ksdft2effmass/analysis/index.md
TargetTreeInput	architecture_documentation	authority_citation	docs/architecture/v2/ksdft2effmass/analysis/particle-in-box-dimensional-plan.md
TargetTreeInput	architecture_documentation	authority_citation	docs/architecture/v2/ksdft2effmass/campaigns/index.md
TargetTreeInput	architecture_documentation	authority_citation	docs/architecture/v2/ksdft2effmass/finite-domain-solid-state-extraction-decision.md
TargetTreeInput	architecture_documentation	authority_citation	docs/architecture/v2/ksdft2effmass/finite-domain-solid-state-extraction-inventory.md
TargetTreeInput	authority	authority_citation	docs/architecture/v2/ksdft2effmass/harness/conformance.md
TargetTreeInput	architecture_documentation	authority_citation	docs/architecture/v2/ksdft2effmass/index.md
TargetTreeInput	architecture_documentation	authority_citation	docs/architecture/v2/ksdft2effmass/integration/index.md
TargetTreeInput	architecture_documentation	authority_citation	docs/architecture/v2/ksdft2effmass/integration/wannier90/index.md
TargetTreeInput	architecture_documentation	authority_citation	docs/architecture/v2/ksdft2effmass/operators/index.md
TargetTreeInput	architecture_documentation	authority_citation	docs/architecture/v2/ksdft2effmass/periodic-1d-capability-extraction-inventory.md
TargetTreeInput	architecture_documentation	authority_citation	docs/architecture/v2/ksdft2effmass/periodic-native-evidence-presence-audit.md
TargetTreeInput	architecture_documentation	authority_citation	docs/architecture/v2/ksdft2effmass/research-monograph-software-extraction-audit.md
TargetTreeInput	architecture_documentation	authority_citation	docs/architecture/v2/ksdft2effmass/serialization/index.md
TargetTreeInput	architecture_documentation	authority_citation	docs/architecture/v2/ksdft2effmass/solid-state/index.md
TargetTreeInput	architecture_documentation	authority_citation	docs/architecture/v2/ksdft2effmass/solid-state/initial-implementation-review.md
TargetTreeInput	architecture_documentation	authority_citation	docs/architecture/v2/ksdft2effmass/sparse-fourier-transform-technology-review.md
TargetTreeInput	authority	authority_citation	docs/architecture/v2/repository-layout.md
TargetTreeInput	public_documentation	documentation_citation	docs/concepts/cpn-contract.md
TargetTreeInput	public_documentation	documentation_citation	docs/concepts/index.rst
TargetTreeInput	public_documentation	documentation_citation	docs/concepts/operator-records.rst
TargetTreeInput	public_documentation	documentation_citation	docs/concepts/periodic-calculation-records.rst
TargetTreeInput	public_documentation	documentation_citation	docs/concepts/provenance-and-artifacts.md
TargetTreeInput	public_documentation	documentation_citation	docs/concepts/qoi-reference-targets.rst
TargetTreeInput	public_documentation	documentation_citation	docs/concepts/scientific-workflow-model.rst
TargetTreeInput	public_documentation	documentation_citation	docs/concepts/sqlite-revision-store.rst
TargetTreeInput	public_documentation	documentation_citation	docs/concepts/workflow-artifacts.rst
TargetTreeInput	public_documentation	documentation_citation	docs/concepts/workflow-run-persistence.rst
TargetTreeInput	other_first_party_python	python_consumer	docs/conf.py
TargetTreeInput	public_documentation	documentation_citation	docs/development/source-documentation.rst
TargetTreeInput	publication_context	identity_only	docs/publications/research-monograph/appendices/G-one-dimensional-reduction.tex
TargetTreeInput	publication_context	identity_only	docs/publications/research-monograph/references.bib
TargetTreeInput	public_documentation	documentation_citation	docs/user-guide/abinit.md
TargetTreeInput	public_documentation	documentation_citation	docs/user-guide/colored-petri-nets.md
TargetTreeInput	public_documentation	documentation_citation	docs/user-guide/cross-backend-verification.md
TargetTreeInput	public_documentation	documentation_citation	docs/user-guide/dft-backends.md
TargetTreeInput	public_documentation	documentation_citation	docs/user-guide/external-dependencies.md
TargetTreeInput	public_documentation	documentation_citation	docs/user-guide/external-tool-lifecycle.md
TargetTreeInput	public_documentation	documentation_citation	docs/user-guide/index.md
TargetTreeInput	public_documentation	documentation_citation	docs/user-guide/installation.md
TargetTreeInput	public_documentation	documentation_citation	docs/user-guide/operator/comparison.md
TargetTreeInput	public_documentation	documentation_citation	docs/user-guide/operator/compatibility.md
TargetTreeInput	public_documentation	documentation_citation	docs/user-guide/operator/differencing.md
TargetTreeInput	public_documentation	documentation_citation	docs/user-guide/operator/hermiticity.md
TargetTreeInput	public_documentation	documentation_citation	docs/user-guide/operator/index.md
TargetTreeInput	public_documentation	documentation_citation	docs/user-guide/operator/representations.md
TargetTreeInput	public_documentation	documentation_citation	docs/user-guide/operator/residuals.md
TargetTreeInput	public_documentation	documentation_citation	docs/user-guide/paw-and-pseudopotential-backends.md
TargetTreeInput	public_documentation	documentation_citation	docs/user-guide/provenance-and-artifacts.md
TargetTreeInput	public_documentation	documentation_citation	docs/user-guide/quantum-espresso.md
TargetTreeInput	public_documentation	documentation_citation	docs/user-guide/troubleshooting.md
TargetTreeInput	public_documentation	documentation_citation	docs/user-guide/wannier90.md
TargetTreeInput	public_documentation	documentation_citation	docs/user-guide/workflow-model.md
TargetTreeInput	public_documentation	documentation_citation	docs/verification/cpn-contract.rst
TargetTreeInput	public_documentation	documentation_citation	docs/verification/index.rst
TargetTreeInput	public_documentation	documentation_citation	docs/verification/operator-record-compatibility-analysis.rst
TargetTreeInput	public_documentation	documentation_citation	docs/verification/operator-record-data-object.rst
TargetTreeInput	public_documentation	documentation_citation	docs/verification/operator-record-difference.rst
TargetTreeInput	public_documentation	documentation_citation	docs/verification/operator-record-energy-reference.rst
TargetTreeInput	public_documentation	documentation_citation	docs/verification/operator-record-geometry.rst
TargetTreeInput	public_documentation	documentation_citation	docs/verification/operator-record-hermiticity.rst
TargetTreeInput	public_documentation	documentation_citation	docs/verification/operator-record-json-serialization.rst
TargetTreeInput	public_documentation	documentation_citation	docs/verification/operator-record-residual-analyzer.rst
TargetTreeInput	public_documentation	documentation_citation	docs/verification/provenance-contract.rst
TargetTreeInput	public_documentation	documentation_citation	docs/verification/testing-and-evidence.rst
TargetTreeInput	example	python_consumer	examples/tutorials/silicon-bands/scripts/compare_retained_observations.py
TargetTreeInput	example	python_consumer	examples/tutorials/silicon-scf/qe/reconstruct_silicon_scf.py
TargetTreeInput	authority	authority_citation	harness/intake/python-architecture-review-refactor.md
TargetTreeInput	python_resource	identity_only	harness/pi/fixtures/evidence/python-conformance/duplicate-ids/test__ExampleOne.py
TargetTreeInput	python_resource	identity_only	harness/pi/fixtures/evidence/python-conformance/duplicate-ids/test__ExampleTwo.py
TargetTreeInput	python_resource	identity_only	harness/pi/fixtures/evidence/python-conformance/invalid/test__bad-artifact.py
TargetTreeInput	python_resource	identity_only	harness/pi/fixtures/evidence/python-conformance/unknown-static-count/test__ExampleDynamic.py
TargetTreeInput	python_resource	identity_only	harness/pi/fixtures/evidence/python-conformance/valid-artifact/test__json_schema.py
TargetTreeInput	python_resource	identity_only	harness/pi/fixtures/evidence/python-conformance/valid/test__ExampleRecord.py
TargetTreeInput	harness_check	python_consumer	harness/pi/validation/test_validate_documentation_projection.py
TargetTreeInput	harness_check	python_consumer	harness/pi/validation/test_validate_evidence_repository_conformance.py
TargetTreeInput	harness_check	python_consumer	harness/pi/validation/test_validate_python_conformance.py
AcceptedF0Input	accepted_f0	identity_only	harness/reports/public-import-boundaries/phase3/foundation-inputs.json
AcceptedF0Input	accepted_f0	identity_only	harness/reports/public-import-boundaries/phase3/foundation-selection.tsv
AcceptedF0Input	accepted_f0	accepted_f0_lineage	harness/reports/public-import-boundaries/phase3/foundation.json
AcceptedF0Input	accepted_inventory	identity_only	harness/reports/python-architecture-inventory.json
TargetTreeInput	authority	authority_citation	harness/reports/python-architecture-review.md
TargetTreeInput	authority	authority_citation	harness/reports/python-public-import-boundaries-plan.md
TargetTreeInput	harness_state	identity_only	harness/state/harness-control.sql
TargetTreeInput	harness_state	identity_only	harness/state/harness-control.sqlite3
TargetTreeInput	harness_state	identity_only	harness/state/projection-manifest.json
TargetTreeInput	harness_task_graph	identity_only	harness/task-graph.json
TargetTreeInput	python_environment	identity_only	python/pyproject.toml
TargetTreeInput	production_module	production_fact,runtime_source	python/src/ksdft2effmass/__init__.py
TargetTreeInput	production_module	production_fact,runtime_source	python/src/ksdft2effmass/analysis/__init__.py
TargetTreeInput	production_module	production_fact,runtime_source	python/src/ksdft2effmass/analysis/_band_comparison.py
TargetTreeInput	production_module	production_fact,runtime_source	python/src/ksdft2effmass/analysis/_band_observations.py
TargetTreeInput	production_module	production_fact,runtime_source	python/src/ksdft2effmass/analysis/_parameter_study.py
TargetTreeInput	production_module	production_fact,runtime_source	python/src/ksdft2effmass/analysis/bound_subspaces.py
TargetTreeInput	production_module	production_fact,runtime_source	python/src/ksdft2effmass/analysis/convergence.py
TargetTreeInput	production_module	production_fact,runtime_source	python/src/ksdft2effmass/analysis/finite_domain_locality.py
TargetTreeInput	production_module	production_fact,runtime_source	python/src/ksdft2effmass/analysis/finite_domain_spectra.py
TargetTreeInput	production_module	production_fact,runtime_source	python/src/ksdft2effmass/analysis/finite_domains.py
TargetTreeInput	production_module	production_fact,runtime_source	python/src/ksdft2effmass/analysis/hopping_diagnostics.py
TargetTreeInput	production_module	production_fact,runtime_source	python/src/ksdft2effmass/analysis/hopping_fits.py
TargetTreeInput	production_module	production_fact,runtime_source	python/src/ksdft2effmass/analysis/model_systems/__init__.py
TargetTreeInput	production_module	production_fact,runtime_source	python/src/ksdft2effmass/analysis/model_systems/boundary_conditions.py
TargetTreeInput	production_module	production_fact,runtime_source	python/src/ksdft2effmass/analysis/model_systems/cartesian_grids.py
TargetTreeInput	production_module	production_fact,runtime_source	python/src/ksdft2effmass/analysis/model_systems/harmonic_oscillator/__init__.py
TargetTreeInput	production_module	production_fact,runtime_source	python/src/ksdft2effmass/analysis/model_systems/harmonic_oscillator/comparison.py
TargetTreeInput	production_module	production_fact,runtime_source	python/src/ksdft2effmass/analysis/model_systems/harmonic_oscillator/model.py
TargetTreeInput	production_module	production_fact,runtime_source	python/src/ksdft2effmass/analysis/model_systems/intervals.py
TargetTreeInput	production_module	production_fact,runtime_source	python/src/ksdft2effmass/analysis/model_systems/particle_in_box/__init__.py
TargetTreeInput	production_module	production_fact,runtime_source	python/src/ksdft2effmass/analysis/model_systems/particle_in_box/evaluation.py
TargetTreeInput	production_module	production_fact,runtime_source	python/src/ksdft2effmass/analysis/model_systems/particle_in_box/model.py
TargetTreeInput	production_module	production_fact,runtime_source	python/src/ksdft2effmass/analysis/model_systems/periodic_1d/__init__.py
TargetTreeInput	production_module	production_fact,runtime_source	python/src/ksdft2effmass/analysis/model_systems/periodic_1d/finite_differences.py
TargetTreeInput	production_module	production_fact,runtime_source	python/src/ksdft2effmass/analysis/model_systems/periodic_1d/model.py
TargetTreeInput	production_module	production_fact,runtime_source	python/src/ksdft2effmass/analysis/model_systems/periodic_1d/plane_waves.py
TargetTreeInput	production_module	production_fact,runtime_source	python/src/ksdft2effmass/analysis/periodic_bands.py
TargetTreeInput	production_module	production_fact,runtime_source	python/src/ksdft2effmass/analysis/qoi.py
TargetTreeInput	production_module	production_fact,runtime_source	python/src/ksdft2effmass/analysis/result_values.py
TargetTreeInput	production_module	production_fact,runtime_source	python/src/ksdft2effmass/analysis/wannier_localization.py
TargetTreeInput	production_module	production_fact,runtime_source	python/src/ksdft2effmass/application/__init__.py
TargetTreeInput	production_module	production_fact,runtime_source	python/src/ksdft2effmass/application/result_values.py
TargetTreeInput	production_module	production_fact,runtime_source	python/src/ksdft2effmass/calculators/__init__.py
TargetTreeInput	production_module	production_fact,runtime_source	python/src/ksdft2effmass/calculators/dft/__init__.py
TargetTreeInput	production_module	production_fact,runtime_source	python/src/ksdft2effmass/calculators/dft/pw/__init__.py
TargetTreeInput	production_module	production_fact,runtime_source	python/src/ksdft2effmass/calculators/dft/pw/_calculator.py
TargetTreeInput	production_module	production_fact,runtime_source	python/src/ksdft2effmass/calculators/dft/pw/_specification.py
TargetTreeInput	production_module	production_fact,runtime_source	python/src/ksdft2effmass/campaigns/__init__.py
TargetTreeInput	production_module	production_fact,runtime_source	python/src/ksdft2effmass/campaigns/_bulk_silicon_production_convergence.py
TargetTreeInput	production_module	production_fact,runtime_source	python/src/ksdft2effmass/campaigns/_plane_wave_study.py
TargetTreeInput	production_module	production_fact,runtime_source	python/src/ksdft2effmass/campaigns/research_monograph/__init__.py
TargetTreeInput	production_module	production_fact,runtime_source	python/src/ksdft2effmass/campaigns/research_monograph/harmonic_oscillator/__init__.py
TargetTreeInput	production_module	production_fact,runtime_source	python/src/ksdft2effmass/campaigns/research_monograph/harmonic_oscillator/evaluation.py
TargetTreeInput	production_module	production_fact,runtime_source	python/src/ksdft2effmass/campaigns/research_monograph/harmonic_oscillator/input.py
TargetTreeInput	production_module	production_fact,runtime_source	python/src/ksdft2effmass/campaigns/research_monograph/harmonic_oscillator/records.py
TargetTreeInput	production_module	production_fact,runtime_source	python/src/ksdft2effmass/campaigns/research_monograph/harmonic_oscillator/serialization.py
TargetTreeInput	production_module	production_fact,runtime_source	python/src/ksdft2effmass/campaigns/research_monograph/harmonic_oscillator/verification.py
TargetTreeInput	production_module	production_fact,runtime_source	python/src/ksdft2effmass/campaigns/research_monograph/impurity_defect_2d/__init__.py
TargetTreeInput	production_module	production_fact,runtime_source	python/src/ksdft2effmass/campaigns/research_monograph/impurity_defect_2d/finite_domain_cases.py
TargetTreeInput	production_module	production_fact,runtime_source	python/src/ksdft2effmass/campaigns/research_monograph/impurity_defect_2d/serialization.py
TargetTreeInput	production_module	production_fact,runtime_source	python/src/ksdft2effmass/campaigns/research_monograph/impurity_defect_2d/workflows.py
TargetTreeInput	production_module	production_fact,runtime_source	python/src/ksdft2effmass/campaigns/research_monograph/particle_in_box/__init__.py
TargetTreeInput	production_module	production_fact,runtime_source	python/src/ksdft2effmass/campaigns/research_monograph/particle_in_box/convergence.py
TargetTreeInput	production_module	production_fact,runtime_source	python/src/ksdft2effmass/campaigns/research_monograph/particle_in_box/core_verification.py
TargetTreeInput	production_module	production_fact,runtime_source	python/src/ksdft2effmass/campaigns/research_monograph/particle_in_box/eigenpair_sweep.py
TargetTreeInput	production_module	production_fact,runtime_source	python/src/ksdft2effmass/campaigns/research_monograph/particle_in_box/identifiability.py
TargetTreeInput	production_module	production_fact,runtime_source	python/src/ksdft2effmass/campaigns/research_monograph/particle_in_box/input.py
TargetTreeInput	production_module	production_fact,runtime_source	python/src/ksdft2effmass/campaigns/research_monograph/particle_in_box/norm_sweep.py
TargetTreeInput	production_module	production_fact,runtime_source	python/src/ksdft2effmass/campaigns/research_monograph/particle_in_box/records.py
TargetTreeInput	production_module	production_fact,runtime_source	python/src/ksdft2effmass/campaigns/research_monograph/particle_in_box/residual_study.py
TargetTreeInput	production_module	production_fact,runtime_source	python/src/ksdft2effmass/campaigns/research_monograph/particle_in_box/serialization.py
TargetTreeInput	production_module	production_fact,runtime_source	python/src/ksdft2effmass/campaigns/research_monograph/particle_in_box/verification.py
TargetTreeInput	production_module	production_fact,runtime_source	python/src/ksdft2effmass/campaigns/research_monograph/periodic_1d/__init__.py
TargetTreeInput	production_module	production_fact,runtime_source	python/src/ksdft2effmass/campaigns/research_monograph/periodic_1d/composite.py
TargetTreeInput	production_module	production_fact,runtime_source	python/src/ksdft2effmass/campaigns/research_monograph/periodic_1d/composite_results.py
TargetTreeInput	production_module	production_fact,runtime_source	python/src/ksdft2effmass/campaigns/research_monograph/periodic_1d/composite_verification.py
TargetTreeInput	production_module	production_fact,runtime_source	python/src/ksdft2effmass/campaigns/research_monograph/periodic_1d/composite_verified_workflows.py
TargetTreeInput	production_module	production_fact,runtime_source	python/src/ksdft2effmass/campaigns/research_monograph/periodic_1d/isolated.py
TargetTreeInput	production_module	production_fact,runtime_source	python/src/ksdft2effmass/campaigns/research_monograph/periodic_1d/isolated_calculation_workflows.py
TargetTreeInput	production_module	production_fact,runtime_source	python/src/ksdft2effmass/campaigns/research_monograph/periodic_1d/isolated_results.py
TargetTreeInput	production_module	production_fact,runtime_source	python/src/ksdft2effmass/campaigns/research_monograph/periodic_1d/isolated_verification.py
TargetTreeInput	production_module	production_fact,runtime_source	python/src/ksdft2effmass/campaigns/research_monograph/periodic_1d/isolated_verified_workflows.py
TargetTreeInput	production_module	production_fact,runtime_source	python/src/ksdft2effmass/campaigns/research_monograph/periodic_1d/native_artifact_workflows.py
TargetTreeInput	production_module	production_fact,runtime_source	python/src/ksdft2effmass/campaigns/research_monograph/periodic_1d/result_documents.py
TargetTreeInput	production_module	production_fact,runtime_source	python/src/ksdft2effmass/campaigns/research_monograph/periodic_1d/serialization.py
TargetTreeInput	production_module	production_fact,runtime_source	python/src/ksdft2effmass/campaigns/research_monograph/periodic_1d/stress.py
TargetTreeInput	production_module	production_fact,runtime_source	python/src/ksdft2effmass/campaigns/research_monograph/periodic_1d/stress_results.py
TargetTreeInput	production_module	production_fact,runtime_source	python/src/ksdft2effmass/campaigns/research_monograph/periodic_1d/stress_verification.py
TargetTreeInput	production_module	production_fact,runtime_source	python/src/ksdft2effmass/campaigns/research_monograph/periodic_1d/stress_verified_workflows.py
TargetTreeInput	production_module	production_fact,runtime_source	python/src/ksdft2effmass/campaigns/research_monograph/periodic_1d/verification.py
TargetTreeInput	production_module	production_fact,runtime_source	python/src/ksdft2effmass/campaigns/research_monograph/periodic_1d/verified_workflows.py
TargetTreeInput	production_module	production_fact,runtime_source	python/src/ksdft2effmass/campaigns/research_monograph/periodic_1d/wannier90_results.py
TargetTreeInput	production_module	production_fact,runtime_source	python/src/ksdft2effmass/campaigns/research_monograph/periodic_1d/wilson_workflows.py
TargetTreeInput	production_module	production_fact,runtime_source	python/src/ksdft2effmass/campaigns/research_monograph/periodic_1d/workflows.py
TargetTreeInput	production_module	production_fact,runtime_source	python/src/ksdft2effmass/electronic_structure/__init__.py
TargetTreeInput	production_module	production_fact,runtime_source	python/src/ksdft2effmass/electronic_structure/sampling.py
TargetTreeInput	production_module	production_fact,runtime_source	python/src/ksdft2effmass/harness/__init__.py
TargetTreeInput	production_module	production_fact,runtime_source	python/src/ksdft2effmass/harness/_compiler_serialization.py
TargetTreeInput	production_module	production_fact,runtime_source	python/src/ksdft2effmass/harness/_contract.py
TargetTreeInput	production_module	production_fact,runtime_source	python/src/ksdft2effmass/harness/authority.py
TargetTreeInput	production_module	production_fact,runtime_source	python/src/ksdft2effmass/harness/cli/__init__.py
TargetTreeInput	production_module	production_fact,runtime_source	python/src/ksdft2effmass/harness/cli/__main__.py
TargetTreeInput	production_module	production_fact,runtime_source	python/src/ksdft2effmass/harness/cli/harness_projection.py
TargetTreeInput	production_module	production_fact,runtime_source	python/src/ksdft2effmass/harness/cli/inspect_task_state.py
TargetTreeInput	production_module	production_fact,runtime_source	python/src/ksdft2effmass/harness/cli/main.py
TargetTreeInput	production_module	production_fact,runtime_source	python/src/ksdft2effmass/harness/cli/refresh_resource_manifest.py
TargetTreeInput	production_module	production_fact,runtime_source	python/src/ksdft2effmass/harness/cli/validate_agent_definitions.py
TargetTreeInput	production_module	production_fact,runtime_source	python/src/ksdft2effmass/harness/cli/validate_architecture_decision_cases.py
TargetTreeInput	production_module	production_fact,runtime_source	python/src/ksdft2effmass/harness/cli/validate_checkpoints.py
TargetTreeInput	production_module	production_fact,runtime_source	python/src/ksdft2effmass/harness/cli/validate_documentation_projection.py
TargetTreeInput	production_module	production_fact,runtime_source	python/src/ksdft2effmass/harness/cli/validate_evidence_repository_conformance.py
TargetTreeInput	production_module	production_fact,runtime_source	python/src/ksdft2effmass/harness/cli/validate_harness.py
TargetTreeInput	production_module	production_fact,runtime_source	python/src/ksdft2effmass/harness/cli/validate_local_harness_resources.py
TargetTreeInput	production_module	production_fact,runtime_source	python/src/ksdft2effmass/harness/cli/validate_production_conformance.py
TargetTreeInput	production_module	production_fact,runtime_source	python/src/ksdft2effmass/harness/cli/validate_python_conformance.py
TargetTreeInput	production_module	production_fact,runtime_source	python/src/ksdft2effmass/harness/cli/validate_skill_capabilities.py
TargetTreeInput	production_module	production_fact,runtime_source	python/src/ksdft2effmass/harness/cli/validate_task_ownership.py
TargetTreeInput	production_module	production_fact,runtime_source	python/src/ksdft2effmass/harness/compiler.py
TargetTreeInput	production_module	production_fact,runtime_source	python/src/ksdft2effmass/harness/configuration.py
TargetTreeInput	production_module	production_fact,runtime_source	python/src/ksdft2effmass/harness/conformance.py
TargetTreeInput	production_module	production_fact,runtime_source	python/src/ksdft2effmass/harness/decisions.py
TargetTreeInput	production_module	production_fact,runtime_source	python/src/ksdft2effmass/harness/identity.py
TargetTreeInput	production_module	production_fact,runtime_source	python/src/ksdft2effmass/harness/pi/__init__.py
TargetTreeInput	production_module	production_fact,runtime_source	python/src/ksdft2effmass/harness/pi/checkpoints.py
TargetTreeInput	production_module	production_fact,runtime_source	python/src/ksdft2effmass/harness/pi/checksums.py
TargetTreeInput	production_module	production_fact,runtime_source	python/src/ksdft2effmass/harness/pi/configuration.py
TargetTreeInput	production_module	production_fact,runtime_source	python/src/ksdft2effmass/harness/pi/conformance/__init__.py
TargetTreeInput	production_module	production_fact,runtime_source	python/src/ksdft2effmass/harness/pi/conformance/python/__init__.py
TargetTreeInput	production_module	production_fact,runtime_source	python/src/ksdft2effmass/harness/pi/conformance/python/callable_private.py
TargetTreeInput	production_module	production_fact,runtime_source	python/src/ksdft2effmass/harness/pi/conformance/python/corpus.py
TargetTreeInput	production_module	production_fact,runtime_source	python/src/ksdft2effmass/harness/pi/conformance/python/dependency_graph.py
TargetTreeInput	production_module	production_fact,runtime_source	python/src/ksdft2effmass/harness/pi/conformance/python/documentation.py
TargetTreeInput	production_module	production_fact,runtime_source	python/src/ksdft2effmass/harness/pi/conformance/python/evidence.py
TargetTreeInput	production_module	production_fact,runtime_source	python/src/ksdft2effmass/harness/pi/conformance/python/migration.py
TargetTreeInput	production_module	production_fact,runtime_source	python/src/ksdft2effmass/harness/pi/conformance/python/model.py
TargetTreeInput	production_module	production_fact,runtime_source	python/src/ksdft2effmass/harness/pi/conformance/python/naming.py
TargetTreeInput	production_module	production_fact,runtime_source	python/src/ksdft2effmass/harness/pi/conformance/python/nodes.py
TargetTreeInput	production_module	production_fact,runtime_source	python/src/ksdft2effmass/harness/pi/conformance/python/ownership.py
TargetTreeInput	production_module	production_fact,runtime_source	python/src/ksdft2effmass/harness/pi/conformance/python/parameterization.py
TargetTreeInput	production_module	production_fact,runtime_source	python/src/ksdft2effmass/harness/pi/conformance/python/parser.py
TargetTreeInput	production_module	production_fact,runtime_source	python/src/ksdft2effmass/harness/pi/conformance/python/production.py
TargetTreeInput	production_module	production_fact,runtime_source	python/src/ksdft2effmass/harness/pi/conformance/python/profile.py
TargetTreeInput	production_module	production_fact,runtime_source	python/src/ksdft2effmass/harness/pi/conformance/python/ratchet.py
TargetTreeInput	production_module	production_fact,runtime_source	python/src/ksdft2effmass/harness/pi/conformance/python/repository.py
TargetTreeInput	production_module	production_fact,runtime_source	python/src/ksdft2effmass/harness/pi/conformance/python/strict.py
TargetTreeInput	production_module	production_fact,runtime_source	python/src/ksdft2effmass/harness/pi/conformance/python/validation.py
TargetTreeInput	production_module	production_fact,runtime_source	python/src/ksdft2effmass/harness/pi/dbcontrol/__init__.py
TargetTreeInput	production_module	production_fact,runtime_source	python/src/ksdft2effmass/harness/pi/dbcontrol/database.py
TargetTreeInput	production_module	production_fact,runtime_source	python/src/ksdft2effmass/harness/pi/dbcontrol/documents.py
TargetTreeInput	production_module	production_fact,runtime_source	python/src/ksdft2effmass/harness/pi/dbcontrol/files.py
TargetTreeInput	production_module	production_fact,runtime_source	python/src/ksdft2effmass/harness/pi/dbcontrol/inspection.py
TargetTreeInput	production_module	production_fact,runtime_source	python/src/ksdft2effmass/harness/pi/human_review.py
TargetTreeInput	production_module	production_fact,runtime_source	python/src/ksdft2effmass/harness/pi/identity.py
TargetTreeInput	production_module	production_fact,runtime_source	python/src/ksdft2effmass/harness/pi/local/__init__.py
TargetTreeInput	production_module	production_fact,runtime_source	python/src/ksdft2effmass/harness/pi/local/_parsing.py
TargetTreeInput	production_module	production_fact,runtime_source	python/src/ksdft2effmass/harness/pi/local/adapters.py
TargetTreeInput	production_module	production_fact,runtime_source	python/src/ksdft2effmass/harness/pi/local/agent_definition_validation.py
TargetTreeInput	production_module	production_fact,runtime_source	python/src/ksdft2effmass/harness/pi/local/architecture_decision_case_validation.py
TargetTreeInput	production_module	production_fact,runtime_source	python/src/ksdft2effmass/harness/pi/local/checkpoint_validation.py
TargetTreeInput	production_module	production_fact,runtime_source	python/src/ksdft2effmass/harness/pi/local/conformance_inputs.py
TargetTreeInput	production_module	production_fact,runtime_source	python/src/ksdft2effmass/harness/pi/local/context.py
TargetTreeInput	production_module	production_fact,runtime_source	python/src/ksdft2effmass/harness/pi/local/control/__init__.py
TargetTreeInput	production_module	production_fact,runtime_source	python/src/ksdft2effmass/harness/pi/local/control/configuration_inputs.py
TargetTreeInput	production_module	production_fact,runtime_source	python/src/ksdft2effmass/harness/pi/local/control/generation.py
TargetTreeInput	production_module	production_fact,runtime_source	python/src/ksdft2effmass/harness/pi/local/control/inputs.py
TargetTreeInput	production_module	production_fact,runtime_source	python/src/ksdft2effmass/harness/pi/local/control/verification.py
TargetTreeInput	production_module	production_fact,runtime_source	python/src/ksdft2effmass/harness/pi/local/control_record_adapters.py
TargetTreeInput	production_module	production_fact,runtime_source	python/src/ksdft2effmass/harness/pi/local/dbcontrol/__init__.py
TargetTreeInput	production_module	production_fact,runtime_source	python/src/ksdft2effmass/harness/pi/local/dbcontrol/constants.py
TargetTreeInput	production_module	production_fact,runtime_source	python/src/ksdft2effmass/harness/pi/local/dbcontrol/database.py
TargetTreeInput	production_module	production_fact,runtime_source	python/src/ksdft2effmass/harness/pi/local/dbcontrol/encoding.py
TargetTreeInput	production_module	production_fact,runtime_source	python/src/ksdft2effmass/harness/pi/local/dbcontrol/ingestion.py
TargetTreeInput	production_module	production_fact,runtime_source	python/src/ksdft2effmass/harness/pi/local/dbcontrol/migration.py
TargetTreeInput	production_module	production_fact,runtime_source	python/src/ksdft2effmass/harness/pi/local/dbcontrol/projections.py
TargetTreeInput	production_module	production_fact,runtime_source	python/src/ksdft2effmass/harness/pi/local/dbcontrol/records.py
TargetTreeInput	production_module	production_fact,runtime_source	python/src/ksdft2effmass/harness/pi/local/dbcontrol/resources.py
TargetTreeInput	production_module	production_fact,runtime_source	python/src/ksdft2effmass/harness/pi/local/dbcontrol/schema.py
TargetTreeInput	production_module	production_fact,runtime_source	python/src/ksdft2effmass/harness/pi/local/dbcontrol/verification.py
TargetTreeInput	production_module	production_fact,runtime_source	python/src/ksdft2effmass/harness/pi/local/documentation_projection_validation.py
TargetTreeInput	production_module	production_fact,runtime_source	python/src/ksdft2effmass/harness/pi/local/evidence_adapters.py
TargetTreeInput	production_module	production_fact,runtime_source	python/src/ksdft2effmass/harness/pi/local/evidence_repository_conformance.py
TargetTreeInput	production_module	production_fact,runtime_source	python/src/ksdft2effmass/harness/pi/local/input_selection.py
TargetTreeInput	production_module	production_fact,runtime_source	python/src/ksdft2effmass/harness/pi/local/models.py
TargetTreeInput	production_module	production_fact,runtime_source	python/src/ksdft2effmass/harness/pi/local/ownership_adapters.py
TargetTreeInput	production_module	production_fact,runtime_source	python/src/ksdft2effmass/harness/pi/local/python_conformance_command.py
TargetTreeInput	production_module	production_fact,runtime_source	python/src/ksdft2effmass/harness/pi/local/resource_adapters.py
TargetTreeInput	production_module	production_fact,runtime_source	python/src/ksdft2effmass/harness/pi/local/resource_composition_validation.py
TargetTreeInput	production_module	production_fact,runtime_source	python/src/ksdft2effmass/harness/pi/local/skill_capability_validation.py
TargetTreeInput	production_module	production_fact,runtime_source	python/src/ksdft2effmass/harness/pi/local/task_catalog.py
TargetTreeInput	production_module	production_fact,runtime_source	python/src/ksdft2effmass/harness/pi/local/task_model.py
TargetTreeInput	production_module	production_fact,runtime_source	python/src/ksdft2effmass/harness/pi/local/task_ownership_validation.py
TargetTreeInput	production_module	production_fact,runtime_source	python/src/ksdft2effmass/harness/pi/local/task_selection.py
TargetTreeInput	production_module	production_fact,runtime_source	python/src/ksdft2effmass/harness/pi/local/validation.py
TargetTreeInput	production_module	production_fact,runtime_source	python/src/ksdft2effmass/harness/pi/ownership.py
TargetTreeInput	production_module	production_fact,runtime_source	python/src/ksdft2effmass/harness/pi/profiles.py
TargetTreeInput	production_module	production_fact,runtime_source	python/src/ksdft2effmass/harness/pi/resources/__init__.py
TargetTreeInput	production_module	production_fact,runtime_source	python/src/ksdft2effmass/harness/pi/resources/manifests.py
TargetTreeInput	production_module	production_fact,runtime_source	python/src/ksdft2effmass/harness/pi/resources/records.py
TargetTreeInput	production_module	production_fact,runtime_source	python/src/ksdft2effmass/harness/pi/resources/refresh.py
TargetTreeInput	production_module	production_fact,runtime_source	python/src/ksdft2effmass/harness/pi/resources/resolution.py
TargetTreeInput	production_module	production_fact,runtime_source	python/src/ksdft2effmass/harness/pi/resources/skill_closure.py
TargetTreeInput	production_module	production_fact,runtime_source	python/src/ksdft2effmass/harness/pi/task_state.py
TargetTreeInput	production_module	production_fact,runtime_source	python/src/ksdft2effmass/harness/pi/validation.py
TargetTreeInput	production_module	production_fact,runtime_source	python/src/ksdft2effmass/harness/pi/wire/__init__.py
TargetTreeInput	production_module	production_fact,runtime_source	python/src/ksdft2effmass/harness/pi/wire/canonical_json.py
TargetTreeInput	production_module	production_fact,runtime_source	python/src/ksdft2effmass/harness/pi/wire/checkpoints.py
TargetTreeInput	production_module	production_fact,runtime_source	python/src/ksdft2effmass/harness/pi/wire/dispatch.py
TargetTreeInput	production_module	production_fact,runtime_source	python/src/ksdft2effmass/harness/pi/wire/human_review.py
TargetTreeInput	production_module	production_fact,runtime_source	python/src/ksdft2effmass/harness/pi/wire/records.py
TargetTreeInput	production_module	production_fact,runtime_source	python/src/ksdft2effmass/harness/pi/wire/resources.py
TargetTreeInput	production_module	production_fact,runtime_source	python/src/ksdft2effmass/harness/prerequisites.py
TargetTreeInput	production_module	production_fact,runtime_source	python/src/ksdft2effmass/harness/task.py
TargetTreeInput	production_module	production_fact,runtime_source	python/src/ksdft2effmass/harness/task_selection.py
TargetTreeInput	production_module	production_fact,runtime_source	python/src/ksdft2effmass/harness/validation.py
TargetTreeInput	production_module	production_fact,runtime_source	python/src/ksdft2effmass/integration/__init__.py
TargetTreeInput	production_module	production_fact,runtime_source	python/src/ksdft2effmass/integration/quantum_espresso/__init__.py
TargetTreeInput	production_module	production_fact,runtime_source	python/src/ksdft2effmass/integration/quantum_espresso/contracts.py
TargetTreeInput	production_module	production_fact,runtime_source	python/src/ksdft2effmass/integration/quantum_espresso/diagnostics.py
TargetTreeInput	production_module	production_fact,runtime_source	python/src/ksdft2effmass/integration/quantum_espresso/effects.py
TargetTreeInput	production_module	production_fact,runtime_source	python/src/ksdft2effmass/integration/quantum_espresso/execution.py
TargetTreeInput	production_module	production_fact,runtime_source	python/src/ksdft2effmass/integration/quantum_espresso/executor.py
TargetTreeInput	production_module	production_fact,runtime_source	python/src/ksdft2effmass/integration/quantum_espresso/observation.py
TargetTreeInput	production_module	production_fact,runtime_source	python/src/ksdft2effmass/integration/quantum_espresso/outcomes.py
TargetTreeInput	production_module	production_fact,runtime_source	python/src/ksdft2effmass/integration/quantum_espresso/process.py
TargetTreeInput	production_module	production_fact,runtime_source	python/src/ksdft2effmass/integration/quantum_espresso/pw_input.py
TargetTreeInput	production_module	production_fact,runtime_source	python/src/ksdft2effmass/integration/quantum_espresso/qexsd/__init__.py
TargetTreeInput	production_module	production_fact,runtime_source	python/src/ksdft2effmass/integration/quantum_espresso/qexsd/construction.py
TargetTreeInput	production_module	production_fact,runtime_source	python/src/ksdft2effmass/integration/quantum_espresso/qexsd/parsing.py
TargetTreeInput	production_module	production_fact,runtime_source	python/src/ksdft2effmass/integration/quantum_espresso/qexsd/records.py
TargetTreeInput	production_module	production_fact,runtime_source	python/src/ksdft2effmass/integration/quantum_espresso/result_values.py
TargetTreeInput	production_module	production_fact,runtime_source	python/src/ksdft2effmass/integration/quantum_espresso/simulation.py
TargetTreeInput	production_module	production_fact,runtime_source	python/src/ksdft2effmass/integration/quantum_espresso/tasks.py
TargetTreeInput	production_module	production_fact,runtime_source	python/src/ksdft2effmass/integration/wannier90/__init__.py
TargetTreeInput	production_module	production_fact,runtime_source	python/src/ksdft2effmass/integration/wannier90/artifacts.py
TargetTreeInput	production_module	production_fact,runtime_source	python/src/ksdft2effmass/integration/wannier90/hamiltonian_blocks.py
TargetTreeInput	production_module	production_fact,runtime_source	python/src/ksdft2effmass/integration/wannier90/interface_data.py
TargetTreeInput	production_module	production_fact,runtime_source	python/src/ksdft2effmass/integration/wannier90/localization.py
TargetTreeInput	production_module	production_fact,runtime_source	python/src/ksdft2effmass/integration/wannier90/neighbor_lists.py
TargetTreeInput	production_module	production_fact,runtime_source	python/src/ksdft2effmass/integration/wannier90/unitary_matrices.py
TargetTreeInput	production_module	production_fact,runtime_source	python/src/ksdft2effmass/ksdft/__init__.py
TargetTreeInput	production_module	production_fact,runtime_source	python/src/ksdft2effmass/ksdft/models.py
TargetTreeInput	production_module	production_fact,runtime_source	python/src/ksdft2effmass/ksdft/pw/__init__.py
TargetTreeInput	production_module	production_fact,runtime_source	python/src/ksdft2effmass/ksdft/pw/records.py
TargetTreeInput	production_module	production_fact,runtime_source	python/src/ksdft2effmass/ksdft/pw/serialization.py
TargetTreeInput	production_module	production_fact,runtime_source	python/src/ksdft2effmass/operators/__init__.py
TargetTreeInput	production_module	production_fact,runtime_source	python/src/ksdft2effmass/operators/comparison.py
TargetTreeInput	production_module	production_fact,runtime_source	python/src/ksdft2effmass/operators/compatibility.py
TargetTreeInput	production_module	production_fact,runtime_source	python/src/ksdft2effmass/operators/complex_eigenpairs.py
TargetTreeInput	production_module	production_fact,runtime_source	python/src/ksdft2effmass/operators/complex_eigensolvers.py
TargetTreeInput	production_module	production_fact,runtime_source	python/src/ksdft2effmass/operators/difference.py
TargetTreeInput	production_module	production_fact,runtime_source	python/src/ksdft2effmass/operators/eigenpairs.py
TargetTreeInput	production_module	production_fact,runtime_source	python/src/ksdft2effmass/operators/finite_differences.py
TargetTreeInput	production_module	production_fact,runtime_source	python/src/ksdft2effmass/operators/hermiticity.py
TargetTreeInput	production_module	production_fact,runtime_source	python/src/ksdft2effmass/operators/ladder_operators.py
TargetTreeInput	production_module	production_fact,runtime_source	python/src/ksdft2effmass/operators/matrix_norms.py
TargetTreeInput	production_module	production_fact,runtime_source	python/src/ksdft2effmass/operators/quantities.py
TargetTreeInput	production_module	production_fact,runtime_source	python/src/ksdft2effmass/operators/records.py
TargetTreeInput	production_module	production_fact,runtime_source	python/src/ksdft2effmass/operators/residuals.py
TargetTreeInput	production_module	production_fact,runtime_source	python/src/ksdft2effmass/operators/serialization.py
TargetTreeInput	production_module	production_fact,runtime_source	python/src/ksdft2effmass/operators/sparse_hermiticity.py
TargetTreeInput	production_module	production_fact,runtime_source	python/src/ksdft2effmass/operators/subspaces.py
TargetTreeInput	production_module	production_fact,runtime_source	python/src/ksdft2effmass/periodic/__init__.py
TargetTreeInput	production_module	production_fact,runtime_source	python/src/ksdft2effmass/periodic/models.py
TargetTreeInput	production_module	production_fact,runtime_source	python/src/ksdft2effmass/persistence/__init__.py
TargetTreeInput	production_module	production_fact,runtime_source	python/src/ksdft2effmass/persistence/sqlite.py
TargetTreeInput	production_module	production_fact,runtime_source	python/src/ksdft2effmass/persistence/store.py
TargetTreeInput	production_module	production_fact,runtime_source	python/src/ksdft2effmass/petrinet/__init__.py
TargetTreeInput	production_module	production_fact,runtime_source	python/src/ksdft2effmass/petrinet/colored/__init__.py
TargetTreeInput	production_module	production_fact,runtime_source	python/src/ksdft2effmass/petrinet/colored/definitions.py
TargetTreeInput	production_module	production_fact,runtime_source	python/src/ksdft2effmass/petrinet/colored/enablement.py
TargetTreeInput	production_module	production_fact,runtime_source	python/src/ksdft2effmass/petrinet/colored/expressions.py
TargetTreeInput	production_module	production_fact,runtime_source	python/src/ksdft2effmass/petrinet/colored/firing.py
TargetTreeInput	production_module	production_fact,runtime_source	python/src/ksdft2effmass/petrinet/colored/markings.py
TargetTreeInput	production_module	production_fact,runtime_source	python/src/ksdft2effmass/petrinet/colored/selection.py
TargetTreeInput	production_module	production_fact,runtime_source	python/src/ksdft2effmass/petrinet/colored/validation.py
TargetTreeInput	production_module	production_fact,runtime_source	python/src/ksdft2effmass/petrinet/colored/values.py
TargetTreeInput	production_module	production_fact,runtime_source	python/src/ksdft2effmass/provenance/__init__.py
TargetTreeInput	production_module	production_fact,runtime_source	python/src/ksdft2effmass/provenance/actions.py
TargetTreeInput	production_module	production_fact,runtime_source	python/src/ksdft2effmass/provenance/external_execution.py
TargetTreeInput	production_module	production_fact,runtime_source	python/src/ksdft2effmass/provenance/external_tools.py
TargetTreeInput	production_module	production_fact,runtime_source	python/src/ksdft2effmass/provenance/records.py
TargetTreeInput	production_module	production_fact,runtime_source	python/src/ksdft2effmass/provenance/serialization.py
TargetTreeInput	production_module	production_fact,runtime_source	python/src/ksdft2effmass/provenance/tool_observations.py
TargetTreeInput	production_module	production_fact,runtime_source	python/src/ksdft2effmass/serialization/__init__.py
TargetTreeInput	production_module	production_fact,runtime_source	python/src/ksdft2effmass/serialization/contracts.py
TargetTreeInput	production_module	production_fact,runtime_source	python/src/ksdft2effmass/solid_state/__init__.py
TargetTreeInput	production_module	production_fact,runtime_source	python/src/ksdft2effmass/solid_state/band_frames.py
TargetTreeInput	production_module	production_fact,runtime_source	python/src/ksdft2effmass/solid_state/boundary_phases.py
TargetTreeInput	production_module	production_fact,runtime_source	python/src/ksdft2effmass/solid_state/bravais.py
TargetTreeInput	production_module	production_fact,runtime_source	python/src/ksdft2effmass/solid_state/duality.py
TargetTreeInput	production_module	production_fact,runtime_source	python/src/ksdft2effmass/solid_state/frame_alignment.py
TargetTreeInput	production_module	production_fact,runtime_source	python/src/ksdft2effmass/solid_state/gauge_bridges.py
TargetTreeInput	production_module	production_fact,runtime_source	python/src/ksdft2effmass/solid_state/geometry.py
TargetTreeInput	production_module	production_fact,runtime_source	python/src/ksdft2effmass/solid_state/hopping_transforms.py
TargetTreeInput	production_module	production_fact,runtime_source	python/src/ksdft2effmass/solid_state/lattice_models.py
TargetTreeInput	production_module	production_fact,runtime_source	python/src/ksdft2effmass/solid_state/lattices.py
TargetTreeInput	production_module	production_fact,runtime_source	python/src/ksdft2effmass/solid_state/operator_composition.py
TargetTreeInput	production_module	production_fact,runtime_source	python/src/ksdft2effmass/solid_state/operator_construction.py
TargetTreeInput	production_module	production_fact,runtime_source	python/src/ksdft2effmass/solid_state/quotient_seam.py
TargetTreeInput	production_module	production_fact,runtime_source	python/src/ksdft2effmass/solid_state/reciprocal_paths.py
TargetTreeInput	production_module	production_fact,runtime_source	python/src/ksdft2effmass/solid_state/represented_operators.py
TargetTreeInput	production_module	production_fact,runtime_source	python/src/ksdft2effmass/solid_state/route_reconciliation.py
TargetTreeInput	production_module	production_fact,runtime_source	python/src/ksdft2effmass/solid_state/symmetry.py
TargetTreeInput	production_module	production_fact,runtime_source	python/src/ksdft2effmass/solid_state/wilson_loops.py
TargetTreeInput	production_module	production_fact,runtime_source	python/src/ksdft2effmass/structures/__init__.py
TargetTreeInput	production_module	production_fact,runtime_source	python/src/ksdft2effmass/structures/periodic.py
TargetTreeInput	production_module	production_fact,runtime_source	python/src/ksdft2effmass/units/__init__.py
TargetTreeInput	production_module	production_fact,runtime_source	python/src/ksdft2effmass/units/_conversion.py
TargetTreeInput	production_module	production_fact,runtime_source	python/src/ksdft2effmass/units/_model.py
TargetTreeInput	production_module	production_fact,runtime_source	python/src/ksdft2effmass/workflows/__init__.py
TargetTreeInput	production_module	production_fact,runtime_source	python/src/ksdft2effmass/workflows/_dft_scf_bands.py
TargetTreeInput	production_module	production_fact,runtime_source	python/src/ksdft2effmass/workflows/_dft_scf_nscf_dos.py
TargetTreeInput	production_module	production_fact,runtime_source	python/src/ksdft2effmass/workflows/artifacts.py
TargetTreeInput	production_module	production_fact,runtime_source	python/src/ksdft2effmass/workflows/control/__init__.py
TargetTreeInput	production_module	production_fact,runtime_source	python/src/ksdft2effmass/workflows/control/authority.py
TargetTreeInput	production_module	production_fact,runtime_source	python/src/ksdft2effmass/workflows/control/claim.py
TargetTreeInput	production_module	production_fact,runtime_source	python/src/ksdft2effmass/workflows/control/dispatch.py
TargetTreeInput	production_module	production_fact,runtime_source	python/src/ksdft2effmass/workflows/control/preparation.py
TargetTreeInput	production_module	production_fact,runtime_source	python/src/ksdft2effmass/workflows/control/reconciliation.py
TargetTreeInput	production_module	production_fact,runtime_source	python/src/ksdft2effmass/workflows/control/result_ingress.py
TargetTreeInput	production_module	production_fact,runtime_source	python/src/ksdft2effmass/workflows/cpn_adapter.py
TargetTreeInput	production_module	production_fact,runtime_source	python/src/ksdft2effmass/workflows/model.py
TargetTreeInput	production_module	production_fact,runtime_source	python/src/ksdft2effmass/workflows/observations.py
TargetTreeInput	production_module	production_fact,runtime_source	python/src/ksdft2effmass/workflows/persistence.py
TargetTreeInput	production_module	production_fact,runtime_source	python/src/ksdft2effmass/workflows/runs/__init__.py
TargetTreeInput	production_module	production_fact,runtime_source	python/src/ksdft2effmass/workflows/runs/aggregate.py
TargetTreeInput	production_module	production_fact,runtime_source	python/src/ksdft2effmass/workflows/runs/authority.py
TargetTreeInput	production_module	production_fact,runtime_source	python/src/ksdft2effmass/workflows/runs/identities.py
TargetTreeInput	production_module	production_fact,runtime_source	python/src/ksdft2effmass/workflows/runs/records.py
TargetTreeInput	production_module	production_fact,runtime_source	python/src/ksdft2effmass/workflows/runs/replay.py
TargetTreeInput	maintained_test	python_consumer	python/tests/numerical_verification/ksdft2effmass/analysis/model_systems/test__HarmonicOscillatorComparator__analytical_pullback.py
TargetTreeInput	maintained_test	python_consumer	python/tests/numerical_verification/ksdft2effmass/analysis/test__FiniteSequenceParameterStudyRefiner__stopping_rule.py
TargetTreeInput	maintained_test	python_consumer	python/tests/numerical_verification/ksdft2effmass/analysis/test__aligned_band_comparison_probe.py
TargetTreeInput	test_resource	identity_only	python/tests/numerical_verification/ksdft2effmass/campaigns/research_monograph/periodic_1d/resources/implementation-verification-ownership.json
TargetTreeInput	maintained_test	python_consumer	python/tests/numerical_verification/ksdft2effmass/campaigns/research_monograph/periodic_1d/test__Periodic1DCompositeResultVerifier.py
TargetTreeInput	maintained_test	python_consumer	python/tests/numerical_verification/ksdft2effmass/campaigns/research_monograph/periodic_1d/test__Periodic1DIsolatedResultVerifier.py
TargetTreeInput	maintained_test	python_consumer	python/tests/numerical_verification/ksdft2effmass/campaigns/research_monograph/periodic_1d/test__Periodic1DStressResultVerifier.py
TargetTreeInput	maintained_test	python_consumer	python/tests/numerical_verification/ksdft2effmass/operators/test__Geometry__linear_independence.py
TargetTreeInput	maintained_test	python_consumer	python/tests/numerical_verification/ksdft2effmass/operators/test__HermiticityAnalyzer__analytical_residuals.py
TargetTreeInput	maintained_test	python_consumer	python/tests/numerical_verification/ksdft2effmass/operators/test__OperatorRecordResidualAnalyzer__analytical_norms.py
TargetTreeInput	maintained_test	python_consumer	python/tests/numerical_verification/ksdft2effmass/operators/test__OperatorRecordResidualAnalyzer__floating_point.py
TargetTreeInput	maintained_test	python_consumer	python/tests/software_verification/ksdft2effmass/analysis/model_systems/particle_in_box/test__ParticleInBoxAnalytical.py
TargetTreeInput	maintained_test	python_consumer	python/tests/software_verification/ksdft2effmass/analysis/model_systems/particle_in_box/test__ParticleInBoxFiniteDifference.py
TargetTreeInput	maintained_test	python_consumer	python/tests/software_verification/ksdft2effmass/analysis/model_systems/particle_in_box/test__ParticleInBoxGridEvaluator.py
TargetTreeInput	maintained_test	python_consumer	python/tests/software_verification/ksdft2effmass/analysis/model_systems/particle_in_box/test__ParticleInBoxParameters.py
TargetTreeInput	test_resource	identity_only	python/tests/software_verification/ksdft2effmass/analysis/model_systems/resources/harmonic-oscillator-test-ownership.json
TargetTreeInput	test_resource	identity_only	python/tests/software_verification/ksdft2effmass/analysis/model_systems/resources/particle-in-box-test-ownership.json
TargetTreeInput	test_resource	identity_only	python/tests/software_verification/ksdft2effmass/analysis/model_systems/resources/periodic-1d-test-ownership.json
TargetTreeInput	maintained_test	python_consumer	python/tests/software_verification/ksdft2effmass/analysis/model_systems/test__DirichletBoundaryCondition.py
TargetTreeInput	maintained_test	python_consumer	python/tests/software_verification/ksdft2effmass/analysis/model_systems/test__DirichletInterval.py
TargetTreeInput	maintained_test	python_consumer	python/tests/software_verification/ksdft2effmass/analysis/model_systems/test__HarmonicOscillatorAnalytical.py
TargetTreeInput	maintained_test	python_consumer	python/tests/software_verification/ksdft2effmass/analysis/model_systems/test__HarmonicOscillatorComparator.py
TargetTreeInput	maintained_test	python_consumer	python/tests/software_verification/ksdft2effmass/analysis/model_systems/test__HarmonicOscillatorComparisonRequest.py
TargetTreeInput	maintained_test	python_consumer	python/tests/software_verification/ksdft2effmass/analysis/model_systems/test__HarmonicOscillatorComparisonResult.py
TargetTreeInput	maintained_test	python_consumer	python/tests/software_verification/ksdft2effmass/analysis/model_systems/test__HarmonicOscillatorFiniteDifference.py
TargetTreeInput	maintained_test	python_consumer	python/tests/software_verification/ksdft2effmass/analysis/model_systems/test__HarmonicOscillatorLadderOperators.py
TargetTreeInput	maintained_test	python_consumer	python/tests/software_verification/ksdft2effmass/analysis/model_systems/test__HarmonicOscillatorNondimensionalizer.py
TargetTreeInput	maintained_test	python_consumer	python/tests/software_verification/ksdft2effmass/analysis/model_systems/test__HarmonicOscillatorParameters.py
TargetTreeInput	maintained_test	python_consumer	python/tests/software_verification/ksdft2effmass/analysis/model_systems/test__MatrixQuantity.py
TargetTreeInput	maintained_test	python_consumer	python/tests/software_verification/ksdft2effmass/analysis/model_systems/test__PeriodicFiniteDifferenceFiberHamiltonian1DConstructor.py
TargetTreeInput	maintained_test	python_consumer	python/tests/software_verification/ksdft2effmass/analysis/model_systems/test__PeriodicFiniteDifferenceFiberHamiltonian1DResult.py
TargetTreeInput	maintained_test	python_consumer	python/tests/software_verification/ksdft2effmass/analysis/model_systems/test__PeriodicFourierPotential1D.py
TargetTreeInput	maintained_test	python_consumer	python/tests/software_verification/ksdft2effmass/analysis/model_systems/test__PeriodicUniformGrid1D.py
TargetTreeInput	maintained_test	python_consumer	python/tests/software_verification/ksdft2effmass/analysis/model_systems/test__PhysicalUnit.py
TargetTreeInput	maintained_test	python_consumer	python/tests/software_verification/ksdft2effmass/analysis/model_systems/test__PintUnitConverter.py
TargetTreeInput	maintained_test	python_consumer	python/tests/software_verification/ksdft2effmass/analysis/model_systems/test__PlaneWaveFiberHamiltonian1DConstructor.py
TargetTreeInput	maintained_test	python_consumer	python/tests/software_verification/ksdft2effmass/analysis/model_systems/test__PlaneWaveFiberHamiltonian1DResult.py
TargetTreeInput	maintained_test	python_consumer	python/tests/software_verification/ksdft2effmass/analysis/model_systems/test__ScalarQuantity.py
TargetTreeInput	maintained_test	python_consumer	python/tests/software_verification/ksdft2effmass/analysis/model_systems/test__UniformCartesianGrid1D.py
TargetTreeInput	maintained_test	python_consumer	python/tests/software_verification/ksdft2effmass/analysis/model_systems/test__UniformCartesianGrid2D.py
TargetTreeInput	maintained_test	python_consumer	python/tests/software_verification/ksdft2effmass/analysis/model_systems/test__UniformCartesianGrid3D.py
TargetTreeInput	maintained_test	python_consumer	python/tests/software_verification/ksdft2effmass/analysis/model_systems/test__Unitless.py
TargetTreeInput	maintained_test	python_consumer	python/tests/software_verification/ksdft2effmass/analysis/model_systems/test__VectorQuantity.py
TargetTreeInput	test_resource	identity_only	python/tests/software_verification/ksdft2effmass/analysis/resources/implementation-verification-ownership.json
TargetTreeInput	test_resource	identity_only	python/tests/software_verification/ksdft2effmass/analysis/resources/observed-convergence-order-test-ownership.json
TargetTreeInput	test_resource	identity_only	python/tests/software_verification/ksdft2effmass/analysis/resources/periodic-band-test-ownership.json
TargetTreeInput	maintained_test	python_consumer	python/tests/software_verification/ksdft2effmass/analysis/test__BandApproximationErrorAnalyzer1D.py
TargetTreeInput	maintained_test	python_consumer	python/tests/software_verification/ksdft2effmass/analysis/test__BandApproximationErrorResult1D.py
TargetTreeInput	maintained_test	python_consumer	python/tests/software_verification/ksdft2effmass/analysis/test__BandGapAnalyzer1D.py
TargetTreeInput	maintained_test	python_consumer	python/tests/software_verification/ksdft2effmass/analysis/test__BandGapResult1D.py
TargetTreeInput	maintained_test	python_consumer	python/tests/software_verification/ksdft2effmass/analysis/test__BandSpectrumSamples1D.py
TargetTreeInput	maintained_test	python_consumer	python/tests/software_verification/ksdft2effmass/analysis/test__BlockHoppingHermiticityAnalyzer1D.py
TargetTreeInput	maintained_test	python_consumer	python/tests/software_verification/ksdft2effmass/analysis/test__BlockHoppingHermiticityResult1D.py
TargetTreeInput	maintained_test	python_consumer	python/tests/software_verification/ksdft2effmass/analysis/test__BlockHoppingLeastSquaresFitResult1D.py
TargetTreeInput	maintained_test	python_consumer	python/tests/software_verification/ksdft2effmass/analysis/test__BlockHoppingLeastSquaresFitter1D.py
TargetTreeInput	maintained_test	python_consumer	python/tests/software_verification/ksdft2effmass/analysis/test__BlockHoppingModelComparator1D.py
TargetTreeInput	maintained_test	python_consumer	python/tests/software_verification/ksdft2effmass/analysis/test__BlockHoppingModelComparisonResult1D.py
TargetTreeInput	maintained_test	python_consumer	python/tests/software_verification/ksdft2effmass/analysis/test__BornVonKarmanLocalizationAnalyzer1D.py
TargetTreeInput	maintained_test	python_consumer	python/tests/software_verification/ksdft2effmass/analysis/test__BornVonKarmanLocalizationResult1D.py
TargetTreeInput	maintained_test	python_consumer	python/tests/software_verification/ksdft2effmass/analysis/test__BoundStateProjectorConstructor.py
TargetTreeInput	maintained_test	python_consumer	python/tests/software_verification/ksdft2effmass/analysis/test__BoundStateProjectorResult.py
TargetTreeInput	maintained_test	python_consumer	python/tests/software_verification/ksdft2effmass/analysis/test__BoundSubspaceLocalizationAnalyzer.py
TargetTreeInput	maintained_test	python_consumer	python/tests/software_verification/ksdft2effmass/analysis/test__BoundSubspaceLocalizationResult.py
TargetTreeInput	maintained_test	python_consumer	python/tests/software_verification/ksdft2effmass/analysis/test__BoundaryPhaseStudyResult.py
TargetTreeInput	maintained_test	python_consumer	python/tests/software_verification/ksdft2effmass/analysis/test__ContiguousBandSelection.py
TargetTreeInput	maintained_test	python_consumer	python/tests/software_verification/ksdft2effmass/analysis/test__FiniteDomainMeasureStudyResult.py
TargetTreeInput	maintained_test	python_consumer	python/tests/software_verification/ksdft2effmass/analysis/test__FiniteDomainOrientationStudyResult.py
TargetTreeInput	maintained_test	python_consumer	python/tests/software_verification/ksdft2effmass/analysis/test__FiniteDomainScalarMetric.py
TargetTreeInput	maintained_test	python_consumer	python/tests/software_verification/ksdft2effmass/analysis/test__FiniteDomainShapeStudyResult.py
TargetTreeInput	maintained_test	python_consumer	python/tests/software_verification/ksdft2effmass/analysis/test__FiniteSequenceParameterStudyRefiner.py
TargetTreeInput	maintained_test	python_consumer	python/tests/software_verification/ksdft2effmass/analysis/test__HoppingParsevalAnalyzer1D.py
TargetTreeInput	maintained_test	python_consumer	python/tests/software_verification/ksdft2effmass/analysis/test__HoppingParsevalResult1D.py
TargetTreeInput	maintained_test	python_consumer	python/tests/software_verification/ksdft2effmass/analysis/test__HostEdgeBoundStateAnalyzer.py
TargetTreeInput	maintained_test	python_consumer	python/tests/software_verification/ksdft2effmass/analysis/test__HostEdgeBoundStateResult.py
TargetTreeInput	maintained_test	python_consumer	python/tests/software_verification/ksdft2effmass/analysis/test__HostEdgeReference.py
TargetTreeInput	maintained_test	python_consumer	python/tests/software_verification/ksdft2effmass/analysis/test__MinimumImageChebyshevPartition.py
TargetTreeInput	maintained_test	python_consumer	python/tests/software_verification/ksdft2effmass/analysis/test__MinimumImageChebyshevPartitioner.py
TargetTreeInput	maintained_test	python_consumer	python/tests/software_verification/ksdft2effmass/analysis/test__ObservedConvergenceOrderEstimator.py
TargetTreeInput	maintained_test	python_consumer	python/tests/software_verification/ksdft2effmass/analysis/test__ParameterStudyObservationCollection.py
TargetTreeInput	maintained_test	python_consumer	python/tests/software_verification/ksdft2effmass/analysis/test__ParameterStudyRefinementProposalValidator.py
TargetTreeInput	maintained_test	python_consumer	python/tests/software_verification/ksdft2effmass/analysis/test__ParameterStudyRevision.py
TargetTreeInput	maintained_test	python_consumer	python/tests/software_verification/ksdft2effmass/analysis/test__QuantityOfInterestResultValueSerializer.py
TargetTreeInput	maintained_test	python_consumer	python/tests/software_verification/ksdft2effmass/analysis/test__ScalarHoppingBandShapeAnalyzer1D.py
TargetTreeInput	maintained_test	python_consumer	python/tests/software_verification/ksdft2effmass/analysis/test__ScalarHoppingBandShapeResult1D.py
TargetTreeInput	maintained_test	python_consumer	python/tests/software_verification/ksdft2effmass/analysis/test__SparseLocalityResidualAnalyzer.py
TargetTreeInput	maintained_test	python_consumer	python/tests/software_verification/ksdft2effmass/analysis/test__SparseLocalityResidualResult.py
TargetTreeInput	maintained_test	python_consumer	python/tests/software_verification/ksdft2effmass/analysis/test__band_comparison_internal_slice.py
TargetTreeInput	maintained_test	python_consumer	python/tests/software_verification/ksdft2effmass/analysis/test__qoi_reference_target_contract.py
TargetTreeInput	maintained_test	python_consumer	python/tests/software_verification/ksdft2effmass/application/test__ApplicationResultValueSerializer.py
TargetTreeInput	maintained_test	python_consumer	python/tests/software_verification/ksdft2effmass/calculators/test__PlaneWaveBackendBinding.py
TargetTreeInput	maintained_test	python_consumer	python/tests/software_verification/ksdft2effmass/calculators/test__PlaneWaveBackendCompilationCompiled.py
TargetTreeInput	maintained_test	python_consumer	python/tests/software_verification/ksdft2effmass/calculators/test__PlaneWaveBackendCompilationFailure.py
TargetTreeInput	maintained_test	python_consumer	python/tests/software_verification/ksdft2effmass/calculators/test__PlaneWaveCalculator.py
TargetTreeInput	maintained_test	python_consumer	python/tests/software_verification/ksdft2effmass/calculators/test__PlaneWaveEnergyCutoff.py
TargetTreeInput	maintained_test	python_consumer	python/tests/software_verification/ksdft2effmass/calculators/test__PlaneWaveReciprocalMesh.py
TargetTreeInput	maintained_test	python_consumer	python/tests/software_verification/ksdft2effmass/calculators/test__calculator_public_api.py
TargetTreeInput	test_resource	identity_only	python/tests/software_verification/ksdft2effmass/campaigns/research_monograph/impurity_defect_2d/resources/implementation-verification-ownership.json
TargetTreeInput	maintained_test	python_consumer	python/tests/software_verification/ksdft2effmass/campaigns/research_monograph/impurity_defect_2d/test__FiniteDomainEffectsCampaignPlanResult.py
TargetTreeInput	maintained_test	python_consumer	python/tests/software_verification/ksdft2effmass/campaigns/research_monograph/impurity_defect_2d/test__FiniteDomainEffectsCampaignPlanningWorkflow.py
TargetTreeInput	maintained_test	python_consumer	python/tests/software_verification/ksdft2effmass/campaigns/research_monograph/impurity_defect_2d/test__FiniteDomainEffectsCaseEnumerator.py
TargetTreeInput	maintained_test	python_consumer	python/tests/software_verification/ksdft2effmass/campaigns/research_monograph/impurity_defect_2d/test__FiniteDomainEffectsCaseInventory.py
TargetTreeInput	maintained_test	python_consumer	python/tests/software_verification/ksdft2effmass/campaigns/research_monograph/impurity_defect_2d/test__FiniteDomainEffectsCaseInventoryJsonSerializer.py
TargetTreeInput	maintained_test	python_consumer	python/tests/software_verification/ksdft2effmass/campaigns/research_monograph/impurity_defect_2d/test__FiniteDomainEffectsStudyDefinition.py
TargetTreeInput	maintained_test	python_consumer	python/tests/software_verification/ksdft2effmass/campaigns/research_monograph/impurity_defect_2d/test__IsotropicFiniteDomainCase.py
TargetTreeInput	maintained_test	python_consumer	python/tests/software_verification/ksdft2effmass/campaigns/research_monograph/impurity_defect_2d/test__OrientationFiniteDomainCase.py
TargetTreeInput	maintained_test	python_consumer	python/tests/software_verification/ksdft2effmass/campaigns/research_monograph/particle_in_box/test__ParticleInBoxResidualStudyEvaluator.py
TargetTreeInput	maintained_test	python_consumer	python/tests/software_verification/ksdft2effmass/campaigns/research_monograph/particle_in_box/test__ParticleInBoxResidualStudyResult.py
TargetTreeInput	maintained_test	python_consumer	python/tests/software_verification/ksdft2effmass/campaigns/research_monograph/particle_in_box/test__ParticleInBoxResultVerifier.py
TargetTreeInput	maintained_test	python_consumer	python/tests/software_verification/ksdft2effmass/campaigns/research_monograph/particle_in_box/test__ParticleInBoxStudyDefinition.py
TargetTreeInput	maintained_test	python_consumer	python/tests/software_verification/ksdft2effmass/campaigns/research_monograph/particle_in_box/test__ParticleInBoxStudyInputDeserializer.py
TargetTreeInput	maintained_test	python_consumer	python/tests/software_verification/ksdft2effmass/campaigns/research_monograph/particle_in_box/test__ParticleInBoxStudyResultSerializer.py
TargetTreeInput	maintained_test	python_consumer	python/tests/software_verification/ksdft2effmass/campaigns/research_monograph/particle_in_box/test__particle_in_box_auxiliary_campaigns.py
TargetTreeInput	test_resource	identity_only	python/tests/software_verification/ksdft2effmass/campaigns/research_monograph/periodic_1d/resources/implementation-verification-ownership.json
TargetTreeInput	test_resource	identity_only	python/tests/software_verification/ksdft2effmass/campaigns/research_monograph/periodic_1d/resources/native-artifact-correlation-fixture.json
TargetTreeInput	maintained_test	python_consumer	python/tests/software_verification/ksdft2effmass/campaigns/research_monograph/periodic_1d/test__Periodic1DCampaignJsonDecoder.py
TargetTreeInput	maintained_test	python_consumer	python/tests/software_verification/ksdft2effmass/campaigns/research_monograph/periodic_1d/test__Periodic1DCompositeCampaignJsonSerializer.py
TargetTreeInput	maintained_test	python_consumer	python/tests/software_verification/ksdft2effmass/campaigns/research_monograph/periodic_1d/test__Periodic1DCompositeCampaignWorkflow.py
TargetTreeInput	maintained_test	python_consumer	python/tests/software_verification/ksdft2effmass/campaigns/research_monograph/periodic_1d/test__Periodic1DCompositeResultJsonSerializer.py
TargetTreeInput	maintained_test	python_consumer	python/tests/software_verification/ksdft2effmass/campaigns/research_monograph/periodic_1d/test__Periodic1DCompositeVerifiedWorkflow.py
TargetTreeInput	maintained_test	python_consumer	python/tests/software_verification/ksdft2effmass/campaigns/research_monograph/periodic_1d/test__Periodic1DHoppingReductionWorkflow.py
TargetTreeInput	maintained_test	python_consumer	python/tests/software_verification/ksdft2effmass/campaigns/research_monograph/periodic_1d/test__Periodic1DIsolatedBandCalculationWorkflow.py
TargetTreeInput	maintained_test	python_consumer	python/tests/software_verification/ksdft2effmass/campaigns/research_monograph/periodic_1d/test__Periodic1DIsolatedBandCampaignJsonSerializer.py
TargetTreeInput	maintained_test	python_consumer	python/tests/software_verification/ksdft2effmass/campaigns/research_monograph/periodic_1d/test__Periodic1DIsolatedBandCampaignWorkflow.py
TargetTreeInput	maintained_test	python_consumer	python/tests/software_verification/ksdft2effmass/campaigns/research_monograph/periodic_1d/test__Periodic1DIsolatedBandResultJsonSerializer.py
TargetTreeInput	maintained_test	python_consumer	python/tests/software_verification/ksdft2effmass/campaigns/research_monograph/periodic_1d/test__Periodic1DIsolatedVerifiedWorkflow.py
TargetTreeInput	maintained_test	python_consumer	python/tests/software_verification/ksdft2effmass/campaigns/research_monograph/periodic_1d/test__Periodic1DRetainedResultJsonSerializer.py
TargetTreeInput	maintained_test	python_consumer	python/tests/software_verification/ksdft2effmass/campaigns/research_monograph/periodic_1d/test__Periodic1DStressCampaignJsonSerializer.py
TargetTreeInput	maintained_test	python_consumer	python/tests/software_verification/ksdft2effmass/campaigns/research_monograph/periodic_1d/test__Periodic1DStressCampaignWorkflow.py
TargetTreeInput	maintained_test	python_consumer	python/tests/software_verification/ksdft2effmass/campaigns/research_monograph/periodic_1d/test__Periodic1DStressResultJsonSerializer.py
TargetTreeInput	maintained_test	python_consumer	python/tests/software_verification/ksdft2effmass/campaigns/research_monograph/periodic_1d/test__Periodic1DStressVerifiedWorkflow.py
TargetTreeInput	maintained_test	python_consumer	python/tests/software_verification/ksdft2effmass/campaigns/research_monograph/periodic_1d/test__Periodic1DWannier90CampaignWorkflow.py
TargetTreeInput	maintained_test	python_consumer	python/tests/software_verification/ksdft2effmass/campaigns/research_monograph/periodic_1d/test__Periodic1DWannier90NativeArtifactWorkflow.py
TargetTreeInput	maintained_test	python_consumer	python/tests/software_verification/ksdft2effmass/campaigns/research_monograph/periodic_1d/test__Periodic1DWannier90ResultJsonSerializer.py
TargetTreeInput	maintained_test	python_consumer	python/tests/software_verification/ksdft2effmass/campaigns/research_monograph/periodic_1d/test__Periodic1DWannier90VerifiedNativeWorkflow.py
TargetTreeInput	maintained_test	python_consumer	python/tests/software_verification/ksdft2effmass/campaigns/research_monograph/periodic_1d/test__Periodic1DWannier90WilsonVerifier.py
TargetTreeInput	maintained_test	python_consumer	python/tests/software_verification/ksdft2effmass/campaigns/research_monograph/test__HarmonicOscillatorStudyEvaluator.py
TargetTreeInput	maintained_test	python_consumer	python/tests/software_verification/ksdft2effmass/campaigns/research_monograph/test__HarmonicOscillatorStudyInputDeserializer.py
TargetTreeInput	maintained_test	python_consumer	python/tests/software_verification/ksdft2effmass/campaigns/research_monograph/test__HarmonicOscillatorStudyResultSerializer.py
TargetTreeInput	maintained_test	python_consumer	python/tests/software_verification/ksdft2effmass/campaigns/test__PlaneWaveParameterStudyCompiler.py
TargetTreeInput	maintained_test	python_consumer	python/tests/software_verification/ksdft2effmass/campaigns/test__bulk_silicon_option_a_descriptor.py
TargetTreeInput	maintained_test	python_consumer	python/tests/software_verification/ksdft2effmass/harness/authority/test__decisions_authority_contract.py
TargetTreeInput	maintained_test	python_consumer	python/tests/software_verification/ksdft2effmass/harness/conftest.py
TargetTreeInput	maintained_test	python_consumer	python/tests/software_verification/ksdft2effmass/harness/pi/dbcontrol/test__dependency_direction.py
TargetTreeInput	maintained_test	python_consumer	python/tests/software_verification/ksdft2effmass/harness/pi/dbcontrol/test__duplicate_key_implementation.py
TargetTreeInput	maintained_test	python_consumer	python/tests/software_verification/ksdft2effmass/harness/pi/dbcontrol/test__explicit_task_state_documents.py
TargetTreeInput	maintained_test	python_consumer	python/tests/software_verification/ksdft2effmass/harness/pi/dbcontrol/test__inspection_files_implementation.py
TargetTreeInput	maintained_test	python_consumer	python/tests/software_verification/ksdft2effmass/harness/pi/dbcontrol/test__ownership_state_implementation.py
TargetTreeInput	maintained_test	python_consumer	python/tests/software_verification/ksdft2effmass/harness/pi/dbcontrol/test__task_state_database_reader_implementation.py
TargetTreeInput	maintained_test	python_consumer	python/tests/software_verification/ksdft2effmass/harness/pi/dbcontrol/test__task_state_document_parser_implementation.py
TargetTreeInput	maintained_test	python_consumer	python/tests/software_verification/ksdft2effmass/harness/pi/dbcontrol/test__task_state_implementation.py
TargetTreeInput	maintained_test	python_consumer	python/tests/software_verification/ksdft2effmass/harness/pi/dbcontrol/test__task_state_query_implementation.py
TargetTreeInput	maintained_test	python_consumer	python/tests/software_verification/ksdft2effmass/harness/pi/dbcontrol/test__task_state_query_result_implementation.py
TargetTreeInput	maintained_test	python_consumer	python/tests/software_verification/ksdft2effmass/harness/pi/local/__init__.py
TargetTreeInput	maintained_test	python_consumer	python/tests/software_verification/ksdft2effmass/harness/pi/local/conftest.py
TargetTreeInput	maintained_test	python_consumer	python/tests/software_verification/ksdft2effmass/harness/pi/local/dbcontrol/test___HarnessProjectionVerifier.py
TargetTreeInput	maintained_test	python_consumer	python/tests/software_verification/ksdft2effmass/harness/pi/local/dbcontrol/test__control_command_api_agreement.py
TargetTreeInput	maintained_test	python_consumer	python/tests/software_verification/ksdft2effmass/harness/pi/local/dbcontrol/test__control_database_implementation.py
TargetTreeInput	maintained_test	python_consumer	python/tests/software_verification/ksdft2effmass/harness/pi/local/dbcontrol/test__control_encoding_implementation.py
TargetTreeInput	maintained_test	python_consumer	python/tests/software_verification/ksdft2effmass/harness/pi/local/dbcontrol/test__control_generation_boundary.py
TargetTreeInput	maintained_test	python_consumer	python/tests/software_verification/ksdft2effmass/harness/pi/local/dbcontrol/test__control_projector_implementation.py
TargetTreeInput	maintained_test	python_consumer	python/tests/software_verification/ksdft2effmass/harness/pi/local/dbcontrol/test__projection_request.py
TargetTreeInput	maintained_test	python_consumer	python/tests/software_verification/ksdft2effmass/harness/pi/local/dbcontrol/test__projection_sync_result.py
TargetTreeInput	maintained_test	python_consumer	python/tests/software_verification/ksdft2effmass/harness/pi/local/dbcontrol/test__projection_synchronizer.py
TargetTreeInput	maintained_test	python_consumer	python/tests/software_verification/ksdft2effmass/harness/pi/local/dbcontrol/test__projection_verification_finding.py
TargetTreeInput	maintained_test	python_consumer	python/tests/software_verification/ksdft2effmass/harness/pi/local/dbcontrol/test__projection_verification_result.py
TargetTreeInput	maintained_test	python_consumer	python/tests/software_verification/ksdft2effmass/harness/pi/local/dbcontrol/test__repository_control_ingestor_implementation.py
TargetTreeInput	maintained_test	python_consumer	python/tests/software_verification/ksdft2effmass/harness/pi/local/task_model_examples.py
TargetTreeInput	maintained_test	python_consumer	python/tests/software_verification/ksdft2effmass/harness/pi/local/test__AgentRecordAdapter.py
TargetTreeInput	maintained_test	python_consumer	python/tests/software_verification/ksdft2effmass/harness/pi/local/test__CheckpointRecordAdapter.py
TargetTreeInput	maintained_test	python_consumer	python/tests/software_verification/ksdft2effmass/harness/pi/local/test__ChecksumCatalogAdapter.py
TargetTreeInput	maintained_test	python_consumer	python/tests/software_verification/ksdft2effmass/harness/pi/local/test__DevelopmentTaskSelection.py
TargetTreeInput	maintained_test	python_consumer	python/tests/software_verification/ksdft2effmass/harness/pi/local/test__DevelopmentTaskSelectionDeserializer.py
TargetTreeInput	maintained_test	python_consumer	python/tests/software_verification/ksdft2effmass/harness/pi/local/test__DevelopmentTaskSelectionSerializer.py
TargetTreeInput	maintained_test	python_consumer	python/tests/software_verification/ksdft2effmass/harness/pi/local/test__EvidenceModuleSelector.py
TargetTreeInput	maintained_test	python_consumer	python/tests/software_verification/ksdft2effmass/harness/pi/local/test__HarnessTask.py
TargetTreeInput	maintained_test	python_consumer	python/tests/software_verification/ksdft2effmass/harness/pi/local/test__HarnessTaskDeserializer.py
TargetTreeInput	maintained_test	python_consumer	python/tests/software_verification/ksdft2effmass/harness/pi/local/test__HarnessTaskGraphValidator.py
TargetTreeInput	maintained_test	python_consumer	python/tests/software_verification/ksdft2effmass/harness/pi/local/test__HarnessTaskRegistry.py
TargetTreeInput	maintained_test	python_consumer	python/tests/software_verification/ksdft2effmass/harness/pi/local/test__HarnessTaskSerializer.py
TargetTreeInput	maintained_test	python_consumer	python/tests/software_verification/ksdft2effmass/harness/pi/local/test__HarnessValidationCheck.py
TargetTreeInput	maintained_test	python_consumer	python/tests/software_verification/ksdft2effmass/harness/pi/local/test__HarnessValidationRequest.py
TargetTreeInput	maintained_test	python_consumer	python/tests/software_verification/ksdft2effmass/harness/pi/local/test__HarnessValidationResult.py
TargetTreeInput	maintained_test	python_consumer	python/tests/software_verification/ksdft2effmass/harness/pi/local/test__HarnessValidator.py
TargetTreeInput	maintained_test	python_consumer	python/tests/software_verification/ksdft2effmass/harness/pi/local/test__LocalHarnessContextLoader.py
TargetTreeInput	maintained_test	python_consumer	python/tests/software_verification/ksdft2effmass/harness/pi/local/test__OwnershipManifestAdapter.py
TargetTreeInput	maintained_test	python_consumer	python/tests/software_verification/ksdft2effmass/harness/pi/local/test__SkillInventoryAdapter.py
TargetTreeInput	maintained_test	python_consumer	python/tests/software_verification/ksdft2effmass/harness/pi/local/test___PiHarnessAgentDefinitionSetValidator.py
TargetTreeInput	maintained_test	python_consumer	python/tests/software_verification/ksdft2effmass/harness/pi/local/test__harness_task_contract_v3.py
TargetTreeInput	maintained_test	python_consumer	python/tests/software_verification/ksdft2effmass/harness/pi/local/test__inspect_task_state_command_api_agreement.py
TargetTreeInput	maintained_test	python_consumer	python/tests/software_verification/ksdft2effmass/harness/pi/local/test__local_context_dependency_and_nonmutation.py
TargetTreeInput	maintained_test	python_consumer	python/tests/software_verification/ksdft2effmass/harness/pi/local/test__local_public_api_and_models.py
TargetTreeInput	maintained_test	python_consumer	python/tests/software_verification/ksdft2effmass/harness/pi/local/test__migrated_validation_command_api_agreement.py
TargetTreeInput	maintained_test	python_consumer	python/tests/software_verification/ksdft2effmass/harness/pi/local/test__python_conformance_input_resolution.py
TargetTreeInput	maintained_test	python_consumer	python/tests/software_verification/ksdft2effmass/harness/pi/local/test__refresh_resource_manifest_command_api_agreement.py
TargetTreeInput	maintained_test	python_consumer	python/tests/software_verification/ksdft2effmass/harness/pi/local/test__task_registry_selection_contract.py
TargetTreeInput	maintained_test	python_consumer	python/tests/software_verification/ksdft2effmass/harness/pi/local/test__validate_harness_cli.py
TargetTreeInput	maintained_test	python_consumer	python/tests/software_verification/ksdft2effmass/harness/pi/local/test__validate_local_harness_resources_command_api_agreement.py
TargetTreeInput	python_resource	identity_only	python/tests/software_verification/ksdft2effmass/harness/pi/resources/artifact_test_owner_source.py
TargetTreeInput	python_resource	identity_only	python/tests/software_verification/ksdft2effmass/harness/pi/resources/legacy_module_level_source.py
TargetTreeInput	maintained_test	python_consumer	python/tests/software_verification/ksdft2effmass/harness/pi/test__AgentDescriptorView.py
TargetTreeInput	maintained_test	python_consumer	python/tests/software_verification/ksdft2effmass/harness/pi/test__ArtifactIdentity.py
TargetTreeInput	maintained_test	python_consumer	python/tests/software_verification/ksdft2effmass/harness/pi/test__CheckpointDecisionResolutionRequest.py
TargetTreeInput	maintained_test	python_consumer	python/tests/software_verification/ksdft2effmass/harness/pi/test__CheckpointDecisionResolutionResult.py
TargetTreeInput	maintained_test	python_consumer	python/tests/software_verification/ksdft2effmass/harness/pi/test__CheckpointDecisionResolver.py
TargetTreeInput	maintained_test	python_consumer	python/tests/software_verification/ksdft2effmass/harness/pi/test__CheckpointRecord.py
TargetTreeInput	maintained_test	python_consumer	python/tests/software_verification/ksdft2effmass/harness/pi/test__CheckpointSetValidator.py
TargetTreeInput	maintained_test	python_consumer	python/tests/software_verification/ksdft2effmass/harness/pi/test__ChecksumEntry.py
TargetTreeInput	maintained_test	python_consumer	python/tests/software_verification/ksdft2effmass/harness/pi/test__ChecksumManifest.py
TargetTreeInput	maintained_test	python_consumer	python/tests/software_verification/ksdft2effmass/harness/pi/test__ChecksumManifestValidator.py
TargetTreeInput	maintained_test	python_consumer	python/tests/software_verification/ksdft2effmass/harness/pi/test__HarnessInternalError.py
TargetTreeInput	maintained_test	python_consumer	python/tests/software_verification/ksdft2effmass/harness/pi/test__HumanReviewDecision.py
TargetTreeInput	maintained_test	python_consumer	python/tests/software_verification/ksdft2effmass/harness/pi/test__HumanReviewDecisionRecorder.py
TargetTreeInput	maintained_test	python_consumer	python/tests/software_verification/ksdft2effmass/harness/pi/test__HumanReviewFinding.py
TargetTreeInput	maintained_test	python_consumer	python/tests/software_verification/ksdft2effmass/harness/pi/test__HumanReviewObservation.py
TargetTreeInput	maintained_test	python_consumer	python/tests/software_verification/ksdft2effmass/harness/pi/test__HumanReviewPacket.py
TargetTreeInput	maintained_test	python_consumer	python/tests/software_verification/ksdft2effmass/harness/pi/test__HumanReviewPreparer.py
TargetTreeInput	maintained_test	python_consumer	python/tests/software_verification/ksdft2effmass/harness/pi/test__HumanReviewTarget.py
TargetTreeInput	maintained_test	python_consumer	python/tests/software_verification/ksdft2effmass/harness/pi/test__JsonDeserializationResult.py
TargetTreeInput	maintained_test	python_consumer	python/tests/software_verification/ksdft2effmass/harness/pi/test__JsonRecordDeserializer.py
TargetTreeInput	maintained_test	python_consumer	python/tests/software_verification/ksdft2effmass/harness/pi/test__JsonRecordSerializer.py
TargetTreeInput	maintained_test	python_consumer	python/tests/software_verification/ksdft2effmass/harness/pi/test__JsonSerializationResult.py
TargetTreeInput	maintained_test	python_consumer	python/tests/software_verification/ksdft2effmass/harness/pi/test__OwnershipManifestView.py
TargetTreeInput	maintained_test	python_consumer	python/tests/software_verification/ksdft2effmass/harness/pi/test__OwnershipScope.py
TargetTreeInput	maintained_test	python_consumer	python/tests/software_verification/ksdft2effmass/harness/pi/test__PiHarnessAgentDefinition.py
TargetTreeInput	maintained_test	python_consumer	python/tests/software_verification/ksdft2effmass/harness/pi/test__PiHarnessAgentDefinitionResolver.py
TargetTreeInput	maintained_test	python_consumer	python/tests/software_verification/ksdft2effmass/harness/pi/test__PiHarnessConfiguration.py
TargetTreeInput	maintained_test	python_consumer	python/tests/software_verification/ksdft2effmass/harness/pi/test__PiHarnessConfigurationDeserializer.py
TargetTreeInput	maintained_test	python_consumer	python/tests/software_verification/ksdft2effmass/harness/pi/test__ProjectProfile.py
TargetTreeInput	maintained_test	python_consumer	python/tests/software_verification/ksdft2effmass/harness/pi/test__ProjectProfileLoadResult.py
TargetTreeInput	maintained_test	python_consumer	python/tests/software_verification/ksdft2effmass/harness/pi/test__ProjectProfileLoader.py
TargetTreeInput	maintained_test	python_consumer	python/tests/software_verification/ksdft2effmass/harness/pi/test__PythonConformanceFinding.py
TargetTreeInput	maintained_test	python_consumer	python/tests/software_verification/ksdft2effmass/harness/pi/test__PythonConformanceRequest.py
TargetTreeInput	maintained_test	python_consumer	python/tests/software_verification/ksdft2effmass/harness/pi/test__PythonConformanceResult.py
TargetTreeInput	maintained_test	python_consumer	python/tests/software_verification/ksdft2effmass/harness/pi/test__PythonConformanceValidator.py
TargetTreeInput	maintained_test	python_consumer	python/tests/software_verification/ksdft2effmass/harness/pi/test__PythonConformanceValidator__helper_evidence.py
TargetTreeInput	maintained_test	python_consumer	python/tests/software_verification/ksdft2effmass/harness/pi/test__PythonModuleSource.py
TargetTreeInput	maintained_test	python_consumer	python/tests/software_verification/ksdft2effmass/harness/pi/test__PythonTestModuleParser.py
TargetTreeInput	maintained_test	python_consumer	python/tests/software_verification/ksdft2effmass/harness/pi/test__ResourceManifest.py
TargetTreeInput	maintained_test	python_consumer	python/tests/software_verification/ksdft2effmass/harness/pi/test__ResourceManifestRefreshRequest.py
TargetTreeInput	maintained_test	python_consumer	python/tests/software_verification/ksdft2effmass/harness/pi/test__ResourceManifestRefreshResult.py
TargetTreeInput	maintained_test	python_consumer	python/tests/software_verification/ksdft2effmass/harness/pi/test__ResourceManifestRefresher.py
TargetTreeInput	maintained_test	python_consumer	python/tests/software_verification/ksdft2effmass/harness/pi/test__ResourceManifestValidator.py
TargetTreeInput	maintained_test	python_consumer	python/tests/software_verification/ksdft2effmass/harness/pi/test__ResourceReference.py
TargetTreeInput	maintained_test	python_consumer	python/tests/software_verification/ksdft2effmass/harness/pi/test__ResourceResolutionResult.py
TargetTreeInput	maintained_test	python_consumer	python/tests/software_verification/ksdft2effmass/harness/pi/test__ResourceResolver.py
TargetTreeInput	maintained_test	python_consumer	python/tests/software_verification/ksdft2effmass/harness/pi/test__SkillDescriptor.py
TargetTreeInput	maintained_test	python_consumer	python/tests/software_verification/ksdft2effmass/harness/pi/test__SkillResourceValidator.py
TargetTreeInput	maintained_test	python_consumer	python/tests/software_verification/ksdft2effmass/harness/pi/test__TaskStateInspectionRequest.py
TargetTreeInput	maintained_test	python_consumer	python/tests/software_verification/ksdft2effmass/harness/pi/test__TaskStateInspectionResult.py
TargetTreeInput	maintained_test	python_consumer	python/tests/software_verification/ksdft2effmass/harness/pi/test__TaskStateInspector.py
TargetTreeInput	maintained_test	python_consumer	python/tests/software_verification/ksdft2effmass/harness/pi/test__ValidationIssue.py
TargetTreeInput	maintained_test	python_consumer	python/tests/software_verification/ksdft2effmass/harness/pi/test__ValidationResult.py
TargetTreeInput	maintained_test	python_consumer	python/tests/software_verification/ksdft2effmass/harness/pi/test__WireRecordKind.py
TargetTreeInput	maintained_test	python_consumer	python/tests/software_verification/ksdft2effmass/harness/pi/test__artifact_test_owner_projection.py
TargetTreeInput	maintained_test	python_consumer	python/tests/software_verification/ksdft2effmass/harness/pi/test__harness_pi_path_confinement_contract.py
TargetTreeInput	maintained_test	python_consumer	python/tests/software_verification/ksdft2effmass/harness/pi/test__harness_pi_public_api.py
TargetTreeInput	maintained_test	python_consumer	python/tests/software_verification/ksdft2effmass/harness/pi/test__harness_pi_resource_contract.py
TargetTreeInput	maintained_test	python_consumer	python/tests/software_verification/ksdft2effmass/harness/pi/test__human_review_public_api.py
TargetTreeInput	maintained_test	python_consumer	python/tests/software_verification/ksdft2effmass/harness/pi/test__python_conformance_wrapper_api_agreement.py
TargetTreeInput	maintained_test	python_consumer	python/tests/software_verification/ksdft2effmass/harness/pi/wire/test___CanonicalJsonSerializer.py
TargetTreeInput	maintained_test	python_consumer	python/tests/software_verification/ksdft2effmass/harness/pi/wire/test___CheckpointRecordSerializer.py
TargetTreeInput	maintained_test	python_consumer	python/tests/software_verification/ksdft2effmass/harness/pi/wire/test___CommonWireRecordSerializer.py
TargetTreeInput	maintained_test	python_consumer	python/tests/software_verification/ksdft2effmass/harness/pi/wire/test___DuplicateKey.py
TargetTreeInput	maintained_test	python_consumer	python/tests/software_verification/ksdft2effmass/harness/pi/wire/test___ResourceWireSerializer.py
TargetTreeInput	maintained_test	python_consumer	python/tests/software_verification/ksdft2effmass/harness/pi/wire/test___ReviewOwnershipWireSerializer.py
TargetTreeInput	maintained_test	python_consumer	python/tests/software_verification/ksdft2effmass/harness/pi/wire/test___WireRecordDispatcher.py
TargetTreeInput	maintained_test	python_consumer	python/tests/software_verification/ksdft2effmass/harness/pi/wire/test___WireValueDecoder.py
TargetTreeInput	maintained_test	python_consumer	python/tests/software_verification/ksdft2effmass/harness/test__CodingStandardsConformanceValidator.py
TargetTreeInput	maintained_test	python_consumer	python/tests/software_verification/ksdft2effmass/harness/test__ConformanceReportProjector.py
TargetTreeInput	maintained_test	python_consumer	python/tests/software_verification/ksdft2effmass/harness/test__DevelopmentTaskSelectionValidator.py
TargetTreeInput	maintained_test	python_consumer	python/tests/software_verification/ksdft2effmass/harness/test__HarnessCatalogConfiguration__task_layout.py
TargetTreeInput	maintained_test	python_consumer	python/tests/software_verification/ksdft2effmass/harness/test__HarnessCompiler.py
TargetTreeInput	maintained_test	python_consumer	python/tests/software_verification/ksdft2effmass/harness/test__HarnessConfigurationResolutionResult.py
TargetTreeInput	maintained_test	python_consumer	python/tests/software_verification/ksdft2effmass/harness/test__HarnessRepositoryLoader.py
TargetTreeInput	maintained_test	python_consumer	python/tests/software_verification/ksdft2effmass/harness/test__HarnessStateValidator.py
TargetTreeInput	maintained_test	python_consumer	python/tests/software_verification/ksdft2effmass/harness/test__HarnessTaskGraphValidator.py
TargetTreeInput	maintained_test	python_consumer	python/tests/software_verification/ksdft2effmass/harness/test__PythonCodingStandardsAdapter.py
TargetTreeInput	maintained_test	python_consumer	python/tests/software_verification/ksdft2effmass/harness/test__TaskCatalogConfiguration.py
TargetTreeInput	maintained_test	python_consumer	python/tests/software_verification/ksdft2effmass/harness/test__ValidationResult__normalized_state.py
TargetTreeInput	maintained_test	python_consumer	python/tests/software_verification/ksdft2effmass/harness/test__callable_private_rules.py
TargetTreeInput	maintained_test	python_consumer	python/tests/software_verification/ksdft2effmass/harness/test__categorized_catalog_consumer_gate.py
TargetTreeInput	maintained_test	python_consumer	python/tests/software_verification/ksdft2effmass/harness/test__compiler_public_api.py
TargetTreeInput	maintained_test	python_consumer	python/tests/software_verification/ksdft2effmass/harness/test__configuration_v2_contract.py
TargetTreeInput	maintained_test	python_consumer	python/tests/software_verification/ksdft2effmass/harness/test__conformance_records.py
TargetTreeInput	maintained_test	python_consumer	python/tests/software_verification/ksdft2effmass/harness/test__dependency_graph_views.py
TargetTreeInput	maintained_test	python_consumer	python/tests/software_verification/ksdft2effmass/harness/test__harness_cli.py
TargetTreeInput	maintained_test	python_consumer	python/tests/software_verification/ksdft2effmass/harness/test__prerequisite_resolution_contract.py
TargetTreeInput	maintained_test	python_consumer	python/tests/software_verification/ksdft2effmass/harness/test__production_conformance_ratchet.py
TargetTreeInput	maintained_test	python_consumer	python/tests/software_verification/ksdft2effmass/harness/test__production_source_facts.py
TargetTreeInput	maintained_test	python_consumer	python/tests/software_verification/ksdft2effmass/harness/test__task_catalog_configuration_wire.py
TargetTreeInput	maintained_test	python_consumer	python/tests/software_verification/ksdft2effmass/harness/test__task_catalog_integration.py
TargetTreeInput	maintained_test	python_consumer	python/tests/software_verification/ksdft2effmass/harness/test__validation_domain_validators.py
TargetTreeInput	maintained_test	python_consumer	python/tests/software_verification/ksdft2effmass/integration/provenance/test__import_dependency_direction.py
TargetTreeInput	maintained_test	python_consumer	python/tests/software_verification/ksdft2effmass/integration/provenance/test__json_contract_v1.py
TargetTreeInput	maintained_test	python_consumer	python/tests/software_verification/ksdft2effmass/integration/provenance/test__json_fixtures_runtime_agreement_v1.py
TargetTreeInput	maintained_test	python_consumer	python/tests/software_verification/ksdft2effmass/integration/provenance/test__package_wheel.py
TargetTreeInput	maintained_test	python_consumer	python/tests/software_verification/ksdft2effmass/integration/provenance/test__public_api.py
TargetTreeInput	maintained_test	python_consumer	python/tests/software_verification/ksdft2effmass/integration/provenance/test__schema_fixture_family_v1.py
TargetTreeInput	maintained_test	python_consumer	python/tests/software_verification/ksdft2effmass/integration/quantum_espresso/__init__.py
TargetTreeInput	maintained_test	python_consumer	python/tests/software_verification/ksdft2effmass/integration/quantum_espresso/qexsd/__init__.py
TargetTreeInput	maintained_test	python_consumer	python/tests/software_verification/ksdft2effmass/integration/quantum_espresso/qexsd/test__ConstructQexsdKohnShamPlaneWaveRecord.py
TargetTreeInput	maintained_test	python_consumer	python/tests/software_verification/ksdft2effmass/integration/quantum_espresso/qexsd/test__QexsdDocument.py
TargetTreeInput	maintained_test	python_consumer	python/tests/software_verification/ksdft2effmass/integration/quantum_espresso/qexsd/test__QexsdSource.py
TargetTreeInput	maintained_test	python_consumer	python/tests/software_verification/ksdft2effmass/integration/quantum_espresso/qexsd/test__QuantumEspressoXsdDocumentParser.py
TargetTreeInput	maintained_test	python_consumer	python/tests/software_verification/ksdft2effmass/integration/quantum_espresso/qexsd/test__actual_qexsd_extraction.py
TargetTreeInput	maintained_test	python_consumer	python/tests/software_verification/ksdft2effmass/integration/quantum_espresso/qexsd/test__plane_wave_record_rejection.py
TargetTreeInput	maintained_test	python_consumer	python/tests/software_verification/ksdft2effmass/integration/quantum_espresso/qexsd/test__qexsd_ownership.py
TargetTreeInput	python_resource	identity_only	python/tests/software_verification/ksdft2effmass/integration/quantum_espresso/resources/__init__.py
TargetTreeInput	python_resource	identity_only	python/tests/software_verification/ksdft2effmass/integration/quantum_espresso/resources/executor_scenarios.py
TargetTreeInput	python_resource	identity_only	python/tests/software_verification/ksdft2effmass/integration/quantum_espresso/resources/local_execution/executable/fixture_pw.py
TargetTreeInput	python_resource	identity_only	python/tests/software_verification/ksdft2effmass/integration/quantum_espresso/resources/qexsd_fixtures.py
TargetTreeInput	maintained_test	python_consumer	python/tests/software_verification/ksdft2effmass/integration/quantum_espresso/test__LocalQuantumEspressoExecutor.py
TargetTreeInput	maintained_test	python_consumer	python/tests/software_verification/ksdft2effmass/integration/quantum_espresso/test__QePwInputFile.py
TargetTreeInput	maintained_test	python_consumer	python/tests/software_verification/ksdft2effmass/integration/quantum_espresso/test__QePwInputFileWriter.py
TargetTreeInput	maintained_test	python_consumer	python/tests/software_verification/ksdft2effmass/integration/quantum_espresso/test__QuantumEspressoCalculatorOutcomeResolver.py
TargetTreeInput	maintained_test	python_consumer	python/tests/software_verification/ksdft2effmass/integration/quantum_espresso/test__QuantumEspressoDiagnosticClassifier.py
TargetTreeInput	maintained_test	python_consumer	python/tests/software_verification/ksdft2effmass/integration/quantum_espresso/test__QuantumEspressoObservationAdapter.py
TargetTreeInput	maintained_test	python_consumer	python/tests/software_verification/ksdft2effmass/integration/quantum_espresso/test__QuantumEspressoParsedDocumentRecord.py
TargetTreeInput	maintained_test	python_consumer	python/tests/software_verification/ksdft2effmass/integration/quantum_espresso/test__QuantumEspressoResultValueSerializer.py
TargetTreeInput	maintained_test	python_consumer	python/tests/software_verification/ksdft2effmass/integration/quantum_espresso/test__QuantumEspressoSimulation.py
TargetTreeInput	maintained_test	python_consumer	python/tests/software_verification/ksdft2effmass/integration/quantum_espresso/test__QuantumEspressoSimulation__contract.py
TargetTreeInput	maintained_test	python_consumer	python/tests/software_verification/ksdft2effmass/integration/quantum_espresso/test__quantum_espresso_execution_contract.py
TargetTreeInput	maintained_test	python_consumer	python/tests/software_verification/ksdft2effmass/integration/quantum_espresso/test__quantum_espresso_integration_dependency_direction.py
TargetTreeInput	maintained_test	python_consumer	python/tests/software_verification/ksdft2effmass/integration/quantum_espresso/test__quantum_espresso_local_execution.py
TargetTreeInput	maintained_test	python_consumer	python/tests/software_verification/ksdft2effmass/integration/quantum_espresso/test__quantum_espresso_task_contracts.py
TargetTreeInput	maintained_test	python_consumer	python/tests/software_verification/ksdft2effmass/integration/test__operator_comparison_dependency_direction.py
TargetTreeInput	maintained_test	python_consumer	python/tests/software_verification/ksdft2effmass/integration/test__operator_record_json_fixtures.py
TargetTreeInput	maintained_test	python_consumer	python/tests/software_verification/ksdft2effmass/integration/test__operator_record_json_schema.py
TargetTreeInput	maintained_test	python_consumer	python/tests/software_verification/ksdft2effmass/integration/test__retired_workflow_cpn_public_api.py
TargetTreeInput	test_resource	identity_only	python/tests/software_verification/ksdft2effmass/integration/wannier90/resources/native-artifact-correlator-first.txt
TargetTreeInput	test_resource	identity_only	python/tests/software_verification/ksdft2effmass/integration/wannier90/resources/native-artifact-correlator-second.txt
TargetTreeInput	test_resource	identity_only	python/tests/software_verification/ksdft2effmass/integration/wannier90/resources/periodic-test-ownership.json
TargetTreeInput	maintained_test	python_consumer	python/tests/software_verification/ksdft2effmass/integration/wannier90/test__Wannier90EigenvalueData.py
TargetTreeInput	maintained_test	python_consumer	python/tests/software_verification/ksdft2effmass/integration/wannier90/test__Wannier90EigenvalueParser.py
TargetTreeInput	maintained_test	python_consumer	python/tests/software_verification/ksdft2effmass/integration/wannier90/test__Wannier90HamiltonianBlockData.py
TargetTreeInput	maintained_test	python_consumer	python/tests/software_verification/ksdft2effmass/integration/wannier90/test__Wannier90HamiltonianBlockParser.py
TargetTreeInput	maintained_test	python_consumer	python/tests/software_verification/ksdft2effmass/integration/wannier90/test__Wannier90LocalizationData.py
TargetTreeInput	maintained_test	python_consumer	python/tests/software_verification/ksdft2effmass/integration/wannier90/test__Wannier90LocalizationParser.py
TargetTreeInput	maintained_test	python_consumer	python/tests/software_verification/ksdft2effmass/integration/wannier90/test__Wannier90NativeArtifactCorrelator.py
TargetTreeInput	maintained_test	python_consumer	python/tests/software_verification/ksdft2effmass/integration/wannier90/test__Wannier90NeighborListData.py
TargetTreeInput	maintained_test	python_consumer	python/tests/software_verification/ksdft2effmass/integration/wannier90/test__Wannier90NeighborListParser.py
TargetTreeInput	maintained_test	python_consumer	python/tests/software_verification/ksdft2effmass/integration/wannier90/test__Wannier90NeighborOverlapData.py
TargetTreeInput	maintained_test	python_consumer	python/tests/software_verification/ksdft2effmass/integration/wannier90/test__Wannier90NeighborOverlapParser.py
TargetTreeInput	maintained_test	python_consumer	python/tests/software_verification/ksdft2effmass/integration/wannier90/test__Wannier90ProjectionData.py
TargetTreeInput	maintained_test	python_consumer	python/tests/software_verification/ksdft2effmass/integration/wannier90/test__Wannier90ProjectionParser.py
TargetTreeInput	maintained_test	python_consumer	python/tests/software_verification/ksdft2effmass/integration/wannier90/test__Wannier90UnitaryMatrixData.py
TargetTreeInput	maintained_test	python_consumer	python/tests/software_verification/ksdft2effmass/integration/wannier90/test__Wannier90UnitaryMatrixParser.py
TargetTreeInput	maintained_test	python_consumer	python/tests/software_verification/ksdft2effmass/ksdft/pw/test__KohnShamPlaneWaveCalculationRecordValidator.py
TargetTreeInput	maintained_test	python_consumer	python/tests/software_verification/ksdft2effmass/ksdft/test__neutral_observations.py
TargetTreeInput	python_resource	identity_only	python/tests/software_verification/ksdft2effmass/operators/resources/__init__.py
TargetTreeInput	test_resource	identity_only	python/tests/software_verification/ksdft2effmass/operators/resources/implementation-verification-ownership.json
TargetTreeInput	python_resource	identity_only	python/tests/software_verification/ksdft2effmass/operators/resources/operator_json_values.py
TargetTreeInput	python_resource	identity_only	python/tests/software_verification/ksdft2effmass/operators/resources/operator_record_fixtures.py
TargetTreeInput	maintained_test	python_consumer	python/tests/software_verification/ksdft2effmass/operators/test__Basis__construction.py
TargetTreeInput	maintained_test	python_consumer	python/tests/software_verification/ksdft2effmass/operators/test__Basis__invariants.py
TargetTreeInput	maintained_test	python_consumer	python/tests/software_verification/ksdft2effmass/operators/test__Basis__value_semantics.py
TargetTreeInput	maintained_test	python_consumer	python/tests/software_verification/ksdft2effmass/operators/test__ComplexHermitianEigenpairResidualAnalyzer.py
TargetTreeInput	maintained_test	python_consumer	python/tests/software_verification/ksdft2effmass/operators/test__ComplexHermitianEigenpairResidualResult.py
TargetTreeInput	maintained_test	python_consumer	python/tests/software_verification/ksdft2effmass/operators/test__ComplexHermitianEigenpairResult.py
TargetTreeInput	maintained_test	python_consumer	python/tests/software_verification/ksdft2effmass/operators/test__ComplexHermitianEigensolverRequest.py
TargetTreeInput	maintained_test	python_consumer	python/tests/software_verification/ksdft2effmass/operators/test__ComplexHermitianEigensolverResult.py
TargetTreeInput	maintained_test	python_consumer	python/tests/software_verification/ksdft2effmass/operators/test__ComplexHermitianSparseEigenpairSolver.py
TargetTreeInput	maintained_test	python_consumer	python/tests/software_verification/ksdft2effmass/operators/test__ComplexMatrixQuantity.py
TargetTreeInput	maintained_test	python_consumer	python/tests/software_verification/ksdft2effmass/operators/test__ComplexSparseHermiticityAnalyzer.py
TargetTreeInput	maintained_test	python_consumer	python/tests/software_verification/ksdft2effmass/operators/test__ComplexSparseHermiticityResult.py
TargetTreeInput	maintained_test	python_consumer	python/tests/software_verification/ksdft2effmass/operators/test__ComplexSparseMatrixQuantity.py
TargetTreeInput	maintained_test	python_consumer	python/tests/software_verification/ksdft2effmass/operators/test__DirichletBoundaryConditionRepresentation.py
TargetTreeInput	maintained_test	python_consumer	python/tests/software_verification/ksdft2effmass/operators/test__DirichletIntervalRepresentation.py
TargetTreeInput	maintained_test	python_consumer	python/tests/software_verification/ksdft2effmass/operators/test__EnergyReference__construction.py
TargetTreeInput	maintained_test	python_consumer	python/tests/software_verification/ksdft2effmass/operators/test__EnergyReference__invariants.py
TargetTreeInput	maintained_test	python_consumer	python/tests/software_verification/ksdft2effmass/operators/test__EnergyReference__value_semantics.py
TargetTreeInput	maintained_test	python_consumer	python/tests/software_verification/ksdft2effmass/operators/test__FiniteDifferenceHamiltonian1D.py
TargetTreeInput	maintained_test	python_consumer	python/tests/software_verification/ksdft2effmass/operators/test__Geometry__construction.py
TargetTreeInput	maintained_test	python_consumer	python/tests/software_verification/ksdft2effmass/operators/test__Geometry__invariants.py
TargetTreeInput	maintained_test	python_consumer	python/tests/software_verification/ksdft2effmass/operators/test__Geometry__value_semantics.py
TargetTreeInput	maintained_test	python_consumer	python/tests/software_verification/ksdft2effmass/operators/test__HermiticityAnalyzer__configuration.py
TargetTreeInput	maintained_test	python_consumer	python/tests/software_verification/ksdft2effmass/operators/test__HermiticityAnalyzer__contract.py
TargetTreeInput	maintained_test	python_consumer	python/tests/software_verification/ksdft2effmass/operators/test__HermiticityNumericalError.py
TargetTreeInput	maintained_test	python_consumer	python/tests/software_verification/ksdft2effmass/operators/test__HermiticityNumericalErrorCode.py
TargetTreeInput	maintained_test	python_consumer	python/tests/software_verification/ksdft2effmass/operators/test__HermiticityRequirementError.py
TargetTreeInput	maintained_test	python_consumer	python/tests/software_verification/ksdft2effmass/operators/test__HermiticityResult__construction.py
TargetTreeInput	maintained_test	python_consumer	python/tests/software_verification/ksdft2effmass/operators/test__HermiticityResult__invariants.py
TargetTreeInput	maintained_test	python_consumer	python/tests/software_verification/ksdft2effmass/operators/test__HermiticityResult__value_semantics.py
TargetTreeInput	maintained_test	python_consumer	python/tests/software_verification/ksdft2effmass/operators/test__HermiticityUnitMismatchError.py
TargetTreeInput	maintained_test	python_consumer	python/tests/software_verification/ksdft2effmass/operators/test__IncompatibleOperatorRecordsError.py
TargetTreeInput	maintained_test	python_consumer	python/tests/software_verification/ksdft2effmass/operators/test__LadderOperator1D.py
TargetTreeInput	maintained_test	python_consumer	python/tests/software_verification/ksdft2effmass/operators/test__OperatorCompression.py
TargetTreeInput	maintained_test	python_consumer	python/tests/software_verification/ksdft2effmass/operators/test__OperatorRecordComparisonNumericalError.py
TargetTreeInput	maintained_test	python_consumer	python/tests/software_verification/ksdft2effmass/operators/test__OperatorRecordComparisonNumericalErrorCode.py
TargetTreeInput	maintained_test	python_consumer	python/tests/software_verification/ksdft2effmass/operators/test__OperatorRecordComparisonResult__construction.py
TargetTreeInput	maintained_test	python_consumer	python/tests/software_verification/ksdft2effmass/operators/test__OperatorRecordComparisonResult__invariants.py
TargetTreeInput	maintained_test	python_consumer	python/tests/software_verification/ksdft2effmass/operators/test__OperatorRecordComparisonResult__value_semantics.py
TargetTreeInput	maintained_test	python_consumer	python/tests/software_verification/ksdft2effmass/operators/test__OperatorRecordCompatibilityAnalyzer__contract.py
TargetTreeInput	maintained_test	python_consumer	python/tests/software_verification/ksdft2effmass/operators/test__OperatorRecordCompatibilityAnalyzer__rules.py
TargetTreeInput	maintained_test	python_consumer	python/tests/software_verification/ksdft2effmass/operators/test__OperatorRecordCompatibilityIssue.py
TargetTreeInput	maintained_test	python_consumer	python/tests/software_verification/ksdft2effmass/operators/test__OperatorRecordCompatibilityMismatchCode.py
TargetTreeInput	maintained_test	python_consumer	python/tests/software_verification/ksdft2effmass/operators/test__OperatorRecordCompatibilityResult__construction.py
TargetTreeInput	maintained_test	python_consumer	python/tests/software_verification/ksdft2effmass/operators/test__OperatorRecordCompatibilityResult__invariants.py
TargetTreeInput	maintained_test	python_consumer	python/tests/software_verification/ksdft2effmass/operators/test__OperatorRecordCompatibilityResult__value_semantics.py
TargetTreeInput	maintained_test	python_consumer	python/tests/software_verification/ksdft2effmass/operators/test__OperatorRecordDifferenceNumericalError.py
TargetTreeInput	maintained_test	python_consumer	python/tests/software_verification/ksdft2effmass/operators/test__OperatorRecordDifferenceNumericalErrorCode.py
TargetTreeInput	maintained_test	python_consumer	python/tests/software_verification/ksdft2effmass/operators/test__OperatorRecordDifferenceResult__construction.py
TargetTreeInput	maintained_test	python_consumer	python/tests/software_verification/ksdft2effmass/operators/test__OperatorRecordDifferenceResult__invariants.py
TargetTreeInput	maintained_test	python_consumer	python/tests/software_verification/ksdft2effmass/operators/test__OperatorRecordDifferenceResult__value_semantics.py
TargetTreeInput	maintained_test	python_consumer	python/tests/software_verification/ksdft2effmass/operators/test__OperatorRecordDifferencer.py
TargetTreeInput	maintained_test	python_consumer	python/tests/software_verification/ksdft2effmass/operators/test__OperatorRecordJsonSerializer__contract.py
TargetTreeInput	maintained_test	python_consumer	python/tests/software_verification/ksdft2effmass/operators/test__OperatorRecordJsonSerializer__deserialization_structure.py
TargetTreeInput	maintained_test	python_consumer	python/tests/software_verification/ksdft2effmass/operators/test__OperatorRecordJsonSerializer__deserialization_values.py
TargetTreeInput	maintained_test	python_consumer	python/tests/software_verification/ksdft2effmass/operators/test__OperatorRecordJsonSerializer__round_trip.py
TargetTreeInput	maintained_test	python_consumer	python/tests/software_verification/ksdft2effmass/operators/test__OperatorRecordJsonSerializer__serialization.py
TargetTreeInput	maintained_test	python_consumer	python/tests/software_verification/ksdft2effmass/operators/test__OperatorRecordResidualAnalyzer__contract.py
TargetTreeInput	maintained_test	python_consumer	python/tests/software_verification/ksdft2effmass/operators/test__OperatorRecordResidualAnalyzer__floating_point_regressions.py
TargetTreeInput	maintained_test	python_consumer	python/tests/software_verification/ksdft2effmass/operators/test__OperatorRecord__construction.py
TargetTreeInput	maintained_test	python_consumer	python/tests/software_verification/ksdft2effmass/operators/test__OperatorRecord__matrix_invariants.py
TargetTreeInput	maintained_test	python_consumer	python/tests/software_verification/ksdft2effmass/operators/test__OperatorRecord__metadata_invariants.py
TargetTreeInput	maintained_test	python_consumer	python/tests/software_verification/ksdft2effmass/operators/test__OperatorRecord__ownership.py
TargetTreeInput	maintained_test	python_consumer	python/tests/software_verification/ksdft2effmass/operators/test__OperatorRecord__value_semantics.py
TargetTreeInput	maintained_test	python_consumer	python/tests/software_verification/ksdft2effmass/operators/test__OrthogonalSpectralSubspaceSelector.py
TargetTreeInput	maintained_test	python_consumer	python/tests/software_verification/ksdft2effmass/operators/test__RealSymmetricEigenpairResult.py
TargetTreeInput	maintained_test	python_consumer	python/tests/software_verification/ksdft2effmass/operators/test__RealSymmetricEigenpairSolver.py
TargetTreeInput	maintained_test	python_consumer	python/tests/software_verification/ksdft2effmass/operators/test__RepresentedMatrixNormAnalyzer.py
TargetTreeInput	maintained_test	python_consumer	python/tests/software_verification/ksdft2effmass/operators/test__SampledPotential1D.py
TargetTreeInput	maintained_test	python_consumer	python/tests/software_verification/ksdft2effmass/operators/test__SchrodingerKineticEnergy1D.py
TargetTreeInput	maintained_test	python_consumer	python/tests/software_verification/ksdft2effmass/operators/test__SecondOrderCentralDifferenceLaplacian1D.py
TargetTreeInput	maintained_test	python_consumer	python/tests/software_verification/ksdft2effmass/operators/test__SparseMatrixQuantity.py
TargetTreeInput	maintained_test	python_consumer	python/tests/software_verification/ksdft2effmass/operators/test__StateSpace__construction.py
TargetTreeInput	maintained_test	python_consumer	python/tests/software_verification/ksdft2effmass/operators/test__StateSpace__invariants.py
TargetTreeInput	maintained_test	python_consumer	python/tests/software_verification/ksdft2effmass/operators/test__StateSpace__value_semantics.py
TargetTreeInput	maintained_test	python_consumer	python/tests/software_verification/ksdft2effmass/operators/test__UniformGrid1DRepresentation.py
TargetTreeInput	maintained_test	python_consumer	python/tests/software_verification/ksdft2effmass/periodic/test__periodic_contracts.py
TargetTreeInput	python_resource	identity_only	python/tests/software_verification/ksdft2effmass/persistence/resources/sqlite_fault_worker.py
TargetTreeInput	maintained_test	python_consumer	python/tests/software_verification/ksdft2effmass/persistence/test__SQLiteAtomicRevisionStore.py
TargetTreeInput	maintained_test	python_consumer	python/tests/software_verification/ksdft2effmass/persistence/test__store_contract.py
TargetTreeInput	maintained_test	python_consumer	python/tests/software_verification/ksdft2effmass/petrinet/colored/_firing_fixtures.py
TargetTreeInput	maintained_test	python_consumer	python/tests/software_verification/ksdft2effmass/petrinet/colored/_selection_fixtures.py
TargetTreeInput	maintained_test	python_consumer	python/tests/software_verification/ksdft2effmass/petrinet/colored/_validation_fixtures.py
TargetTreeInput	maintained_test	python_consumer	python/tests/software_verification/ksdft2effmass/petrinet/colored/test__ColoredPetriNetArcDefinition.py
TargetTreeInput	maintained_test	python_consumer	python/tests/software_verification/ksdft2effmass/petrinet/colored/test__ColoredPetriNetArcIdentity.py
TargetTreeInput	maintained_test	python_consumer	python/tests/software_verification/ksdft2effmass/petrinet/colored/test__ColoredPetriNetBinding.py
TargetTreeInput	maintained_test	python_consumer	python/tests/software_verification/ksdft2effmass/petrinet/colored/test__ColoredPetriNetBindingAssignment.py
TargetTreeInput	maintained_test	python_consumer	python/tests/software_verification/ksdft2effmass/petrinet/colored/test__ColoredPetriNetBindingSelector.py
TargetTreeInput	maintained_test	python_consumer	python/tests/software_verification/ksdft2effmass/petrinet/colored/test__ColoredPetriNetBindingSelectorIdentity.py
TargetTreeInput	maintained_test	python_consumer	python/tests/software_verification/ksdft2effmass/petrinet/colored/test__ColoredPetriNetBindingVariableIdentity.py
TargetTreeInput	maintained_test	python_consumer	python/tests/software_verification/ksdft2effmass/petrinet/colored/test__ColoredPetriNetColorDefinition.py
TargetTreeInput	maintained_test	python_consumer	python/tests/software_verification/ksdft2effmass/petrinet/colored/test__ColoredPetriNetColorIdentity.py
TargetTreeInput	maintained_test	python_consumer	python/tests/software_verification/ksdft2effmass/petrinet/colored/test__ColoredPetriNetDefinition.py
TargetTreeInput	maintained_test	python_consumer	python/tests/software_verification/ksdft2effmass/petrinet/colored/test__ColoredPetriNetDefinitionIdentity.py
TargetTreeInput	maintained_test	python_consumer	python/tests/software_verification/ksdft2effmass/petrinet/colored/test__ColoredPetriNetDefinitionValidator.py
TargetTreeInput	maintained_test	python_consumer	python/tests/software_verification/ksdft2effmass/petrinet/colored/test__ColoredPetriNetEnablementFailure.py
TargetTreeInput	maintained_test	python_consumer	python/tests/software_verification/ksdft2effmass/petrinet/colored/test__ColoredPetriNetEnablementFailureCode.py
TargetTreeInput	maintained_test	python_consumer	python/tests/software_verification/ksdft2effmass/petrinet/colored/test__ColoredPetriNetEnablementFailureIdentity.py
TargetTreeInput	maintained_test	python_consumer	python/tests/software_verification/ksdft2effmass/petrinet/colored/test__ColoredPetriNetEnablementResult.py
TargetTreeInput	maintained_test	python_consumer	python/tests/software_verification/ksdft2effmass/petrinet/colored/test__ColoredPetriNetEnablementResultIdentity.py
TargetTreeInput	maintained_test	python_consumer	python/tests/software_verification/ksdft2effmass/petrinet/colored/test__ColoredPetriNetExpressionEvaluator.py
TargetTreeInput	maintained_test	python_consumer	python/tests/software_verification/ksdft2effmass/petrinet/colored/test__ColoredPetriNetExpressionEvaluatorIdentity.py
TargetTreeInput	maintained_test	python_consumer	python/tests/software_verification/ksdft2effmass/petrinet/colored/test__ColoredPetriNetFiringAudit.py
TargetTreeInput	maintained_test	python_consumer	python/tests/software_verification/ksdft2effmass/petrinet/colored/test__ColoredPetriNetFiringFailure.py
TargetTreeInput	maintained_test	python_consumer	python/tests/software_verification/ksdft2effmass/petrinet/colored/test__ColoredPetriNetFiringFailureCode.py
TargetTreeInput	maintained_test	python_consumer	python/tests/software_verification/ksdft2effmass/petrinet/colored/test__ColoredPetriNetFiringFailureIdentity.py
TargetTreeInput	maintained_test	python_consumer	python/tests/software_verification/ksdft2effmass/petrinet/colored/test__ColoredPetriNetFiringInput.py
TargetTreeInput	maintained_test	python_consumer	python/tests/software_verification/ksdft2effmass/petrinet/colored/test__ColoredPetriNetFiringOutcomeKind.py
TargetTreeInput	maintained_test	python_consumer	python/tests/software_verification/ksdft2effmass/petrinet/colored/test__ColoredPetriNetFiringResult.py
TargetTreeInput	maintained_test	python_consumer	python/tests/software_verification/ksdft2effmass/petrinet/colored/test__ColoredPetriNetFiringResultIdentity.py
TargetTreeInput	maintained_test	python_consumer	python/tests/software_verification/ksdft2effmass/petrinet/colored/test__ColoredPetriNetGuardEvaluationResult.py
TargetTreeInput	maintained_test	python_consumer	python/tests/software_verification/ksdft2effmass/petrinet/colored/test__ColoredPetriNetGuardExpression.py
TargetTreeInput	maintained_test	python_consumer	python/tests/software_verification/ksdft2effmass/petrinet/colored/test__ColoredPetriNetGuardOperator.py
TargetTreeInput	maintained_test	python_consumer	python/tests/software_verification/ksdft2effmass/petrinet/colored/test__ColoredPetriNetInhibitorEvaluation.py
TargetTreeInput	maintained_test	python_consumer	python/tests/software_verification/ksdft2effmass/petrinet/colored/test__ColoredPetriNetInhibitorPattern.py
TargetTreeInput	maintained_test	python_consumer	python/tests/software_verification/ksdft2effmass/petrinet/colored/test__ColoredPetriNetInputInscription.py
TargetTreeInput	maintained_test	python_consumer	python/tests/software_verification/ksdft2effmass/petrinet/colored/test__ColoredPetriNetInputMode.py
TargetTreeInput	maintained_test	python_consumer	python/tests/software_verification/ksdft2effmass/petrinet/colored/test__ColoredPetriNetMarking.py
TargetTreeInput	maintained_test	python_consumer	python/tests/software_verification/ksdft2effmass/petrinet/colored/test__ColoredPetriNetMarkingIdentity.py
TargetTreeInput	maintained_test	python_consumer	python/tests/software_verification/ksdft2effmass/petrinet/colored/test__ColoredPetriNetMarkingValidator.py
TargetTreeInput	maintained_test	python_consumer	python/tests/software_verification/ksdft2effmass/petrinet/colored/test__ColoredPetriNetOrderingPolicyIdentity.py
TargetTreeInput	maintained_test	python_consumer	python/tests/software_verification/ksdft2effmass/petrinet/colored/test__ColoredPetriNetOutputInscription.py
TargetTreeInput	maintained_test	python_consumer	python/tests/software_verification/ksdft2effmass/petrinet/colored/test__ColoredPetriNetPlaceDefinition.py
TargetTreeInput	maintained_test	python_consumer	python/tests/software_verification/ksdft2effmass/petrinet/colored/test__ColoredPetriNetPlaceIdentity.py
TargetTreeInput	maintained_test	python_consumer	python/tests/software_verification/ksdft2effmass/petrinet/colored/test__ColoredPetriNetPlaceMarking.py
TargetTreeInput	maintained_test	python_consumer	python/tests/software_verification/ksdft2effmass/petrinet/colored/test__ColoredPetriNetProducedToken.py
TargetTreeInput	maintained_test	python_consumer	python/tests/software_verification/ksdft2effmass/petrinet/colored/test__ColoredPetriNetSelectionDirective.py
TargetTreeInput	maintained_test	python_consumer	python/tests/software_verification/ksdft2effmass/petrinet/colored/test__ColoredPetriNetSelectionDirectiveIdentity.py
TargetTreeInput	maintained_test	python_consumer	python/tests/software_verification/ksdft2effmass/petrinet/colored/test__ColoredPetriNetSelectionFailureCode.py
TargetTreeInput	maintained_test	python_consumer	python/tests/software_verification/ksdft2effmass/petrinet/colored/test__ColoredPetriNetSelectionOutcomeKind.py
TargetTreeInput	maintained_test	python_consumer	python/tests/software_verification/ksdft2effmass/petrinet/colored/test__ColoredPetriNetSelectionPolicy.py
TargetTreeInput	maintained_test	python_consumer	python/tests/software_verification/ksdft2effmass/petrinet/colored/test__ColoredPetriNetSelectionResult.py
TargetTreeInput	maintained_test	python_consumer	python/tests/software_verification/ksdft2effmass/petrinet/colored/test__ColoredPetriNetSelectionResultIdentity.py
TargetTreeInput	maintained_test	python_consumer	python/tests/software_verification/ksdft2effmass/petrinet/colored/test__ColoredPetriNetToken.py
TargetTreeInput	maintained_test	python_consumer	python/tests/software_verification/ksdft2effmass/petrinet/colored/test__ColoredPetriNetTokenIdentity.py
TargetTreeInput	maintained_test	python_consumer	python/tests/software_verification/ksdft2effmass/petrinet/colored/test__ColoredPetriNetTokenOccurrence.py
TargetTreeInput	maintained_test	python_consumer	python/tests/software_verification/ksdft2effmass/petrinet/colored/test__ColoredPetriNetTokenPattern.py
TargetTreeInput	maintained_test	python_consumer	python/tests/software_verification/ksdft2effmass/petrinet/colored/test__ColoredPetriNetTokenTemplate.py
TargetTreeInput	maintained_test	python_consumer	python/tests/software_verification/ksdft2effmass/petrinet/colored/test__ColoredPetriNetTransitionDefinition.py
TargetTreeInput	maintained_test	python_consumer	python/tests/software_verification/ksdft2effmass/petrinet/colored/test__ColoredPetriNetTransitionEnabler.py
TargetTreeInput	maintained_test	python_consumer	python/tests/software_verification/ksdft2effmass/petrinet/colored/test__ColoredPetriNetTransitionEnablerIdentity.py
TargetTreeInput	maintained_test	python_consumer	python/tests/software_verification/ksdft2effmass/petrinet/colored/test__ColoredPetriNetTransitionFirer.py
TargetTreeInput	maintained_test	python_consumer	python/tests/software_verification/ksdft2effmass/petrinet/colored/test__ColoredPetriNetTransitionFirerIdentity.py
TargetTreeInput	maintained_test	python_consumer	python/tests/software_verification/ksdft2effmass/petrinet/colored/test__ColoredPetriNetTransitionIdentity.py
TargetTreeInput	maintained_test	python_consumer	python/tests/software_verification/ksdft2effmass/petrinet/colored/test__ColoredPetriNetValidationIssue.py
TargetTreeInput	maintained_test	python_consumer	python/tests/software_verification/ksdft2effmass/petrinet/colored/test__ColoredPetriNetValidationIssueCode.py
TargetTreeInput	maintained_test	python_consumer	python/tests/software_verification/ksdft2effmass/petrinet/colored/test__ColoredPetriNetValidationResult.py
TargetTreeInput	maintained_test	python_consumer	python/tests/software_verification/ksdft2effmass/petrinet/colored/test__ColoredPetriNetValue.py
TargetTreeInput	maintained_test	python_consumer	python/tests/software_verification/ksdft2effmass/petrinet/colored/test__ColoredPetriNetValueExpression.py
TargetTreeInput	maintained_test	python_consumer	python/tests/software_verification/ksdft2effmass/petrinet/colored/test__ColoredPetriNetValueExpressionKind.py
TargetTreeInput	maintained_test	python_consumer	python/tests/software_verification/ksdft2effmass/petrinet/colored/test__ColoredPetriNetValueKind.py
TargetTreeInput	maintained_test	python_consumer	python/tests/software_verification/ksdft2effmass/petrinet/colored/test__petrinet_colored_identity_nominality.py
TargetTreeInput	maintained_test	python_consumer	python/tests/software_verification/ksdft2effmass/petrinet/colored/test__petrinet_colored_public_api.py
TargetTreeInput	maintained_test	python_consumer	python/tests/software_verification/ksdft2effmass/plane_wave_studies/test__package_exports.py
TargetTreeInput	maintained_test	python_consumer	python/tests/software_verification/ksdft2effmass/provenance/__init__.py
TargetTreeInput	maintained_test	python_consumer	python/tests/software_verification/ksdft2effmass/provenance/test__ArtifactIdentity.py
TargetTreeInput	maintained_test	python_consumer	python/tests/software_verification/ksdft2effmass/provenance/test__ArtifactIdentityVerificationResult.py
TargetTreeInput	maintained_test	python_consumer	python/tests/software_verification/ksdft2effmass/provenance/test__ArtifactIdentityVerificationStatus.py
TargetTreeInput	maintained_test	python_consumer	python/tests/software_verification/ksdft2effmass/provenance/test__ArtifactIdentityVerifier.py
TargetTreeInput	maintained_test	python_consumer	python/tests/software_verification/ksdft2effmass/provenance/test__ArtifactLocation.py
TargetTreeInput	maintained_test	python_consumer	python/tests/software_verification/ksdft2effmass/provenance/test__ArtifactLocationKind.py
TargetTreeInput	maintained_test	python_consumer	python/tests/software_verification/ksdft2effmass/provenance/test__ArtifactReference.py
TargetTreeInput	maintained_test	python_consumer	python/tests/software_verification/ksdft2effmass/provenance/test__ArtifactSpecification.py
TargetTreeInput	maintained_test	python_consumer	python/tests/software_verification/ksdft2effmass/provenance/test__CapabilityKind.py
TargetTreeInput	maintained_test	python_consumer	python/tests/software_verification/ksdft2effmass/provenance/test__CorrelationIssue.py
TargetTreeInput	maintained_test	python_consumer	python/tests/software_verification/ksdft2effmass/provenance/test__CorrelationStatus.py
TargetTreeInput	maintained_test	python_consumer	python/tests/software_verification/ksdft2effmass/provenance/test__DeclaredCapability.py
TargetTreeInput	maintained_test	python_consumer	python/tests/software_verification/ksdft2effmass/provenance/test__ExecutionCorrelationResult.py
TargetTreeInput	maintained_test	python_consumer	python/tests/software_verification/ksdft2effmass/provenance/test__ExecutionOutcomeCorrelator.py
TargetTreeInput	maintained_test	python_consumer	python/tests/software_verification/ksdft2effmass/provenance/test__ExternalExecutionFailure.py
TargetTreeInput	maintained_test	python_consumer	python/tests/software_verification/ksdft2effmass/provenance/test__ExternalExecutionRequest.py
TargetTreeInput	maintained_test	python_consumer	python/tests/software_verification/ksdft2effmass/provenance/test__ExternalExecutionResult.py
TargetTreeInput	maintained_test	python_consumer	python/tests/software_verification/ksdft2effmass/provenance/test__ExternalExecutionStatus.py
TargetTreeInput	maintained_test	python_consumer	python/tests/software_verification/ksdft2effmass/provenance/test__ExternalFailureCode.py
TargetTreeInput	maintained_test	python_consumer	python/tests/software_verification/ksdft2effmass/provenance/test__ExternalFailureStage.py
TargetTreeInput	maintained_test	python_consumer	python/tests/software_verification/ksdft2effmass/provenance/test__ExternalToolIdentity.py
TargetTreeInput	maintained_test	python_consumer	python/tests/software_verification/ksdft2effmass/provenance/test__ExternalToolSpecification.py
TargetTreeInput	maintained_test	python_consumer	python/tests/software_verification/ksdft2effmass/provenance/test__InstallationObservation.py
TargetTreeInput	maintained_test	python_consumer	python/tests/software_verification/ksdft2effmass/provenance/test__LineageKind.py
TargetTreeInput	maintained_test	python_consumer	python/tests/software_verification/ksdft2effmass/provenance/test__LineageRelation.py
TargetTreeInput	maintained_test	python_consumer	python/tests/software_verification/ksdft2effmass/provenance/test__ManifestState.py
TargetTreeInput	maintained_test	python_consumer	python/tests/software_verification/ksdft2effmass/provenance/test__ProvenanceJsonError.py
TargetTreeInput	maintained_test	python_consumer	python/tests/software_verification/ksdft2effmass/provenance/test__ProvenanceJsonSerializer.py
TargetTreeInput	maintained_test	python_consumer	python/tests/software_verification/ksdft2effmass/provenance/test__ProvenanceRecord.py
TargetTreeInput	maintained_test	python_consumer	python/tests/software_verification/ksdft2effmass/provenance/test__RunManifest.py
TargetTreeInput	maintained_test	python_consumer	python/tests/software_verification/ksdft2effmass/provenance/test__VerificationObservation.py
TargetTreeInput	maintained_test	python_consumer	python/tests/software_verification/ksdft2effmass/provenance/test__VerificationStatus.py
TargetTreeInput	maintained_test	python_consumer	python/tests/software_verification/ksdft2effmass/provenance/test__external_execution_outcome_type_alias.py
TargetTreeInput	test_resource	identity_only	python/tests/software_verification/ksdft2effmass/research_monograph/impurity_defect_2d/resources/stage-c-accepted-parent-adapter-authored-fixture.json
TargetTreeInput	test_resource	identity_only	python/tests/software_verification/ksdft2effmass/research_monograph/impurity_defect_2d/resources/stage-c-execution-authorization-authored-fixture.json
TargetTreeInput	test_resource	identity_only	python/tests/software_verification/ksdft2effmass/research_monograph/impurity_defect_2d/resources/stage-c-execution-contract-ownership.json
TargetTreeInput	test_resource	identity_only	python/tests/software_verification/ksdft2effmass/research_monograph/impurity_defect_2d/resources/stage-c-execution-contract-test-migration-v2.json
TargetTreeInput	maintained_test	python_consumer	python/tests/software_verification/ksdft2effmass/research_monograph/impurity_defect_2d/test__stage_a_execution_contract.py
TargetTreeInput	maintained_test	python_consumer	python/tests/software_verification/ksdft2effmass/research_monograph/impurity_defect_2d/test__stage_b_execution_contract.py
TargetTreeInput	maintained_test	python_consumer	python/tests/software_verification/ksdft2effmass/research_monograph/impurity_defect_2d/test__stage_c_adapter_contract.py
BaseTreeInput	maintained_test	identity_only	python/tests/software_verification/ksdft2effmass/research_monograph/impurity_defect_2d/test__stage_c_execution_contract.py
TargetTreeInput	maintained_test	python_consumer	python/tests/software_verification/ksdft2effmass/research_monograph/impurity_defect_2d/test__stage_c_parent_contract.py
TargetTreeInput	maintained_test	python_consumer	python/tests/software_verification/ksdft2effmass/research_monograph/impurity_defect_2d/test__stage_c_plotting_contract.py
TargetTreeInput	maintained_test	python_consumer	python/tests/software_verification/ksdft2effmass/research_monograph/impurity_defect_2d/test__stage_c_protected_operation_contract.py
TargetTreeInput	maintained_test	python_consumer	python/tests/software_verification/ksdft2effmass/research_monograph/impurity_defect_2d/test__stage_c_result_provenance_contract.py
TargetTreeInput	maintained_test	python_consumer	python/tests/software_verification/ksdft2effmass/research_monograph/impurity_defect_2d/test__stage_c_source_ownership_contract.py
TargetTreeInput	maintained_test	python_consumer	python/tests/software_verification/ksdft2effmass/research_monograph/impurity_defect_2d/test__stage_c_toy_contract.py
TargetTreeInput	test_resource	identity_only	python/tests/software_verification/ksdft2effmass/serialization/resources/implementation-verification-ownership.json
TargetTreeInput	maintained_test	python_consumer	python/tests/software_verification/ksdft2effmass/serialization/test__JsonCodec.py
TargetTreeInput	test_resource	identity_only	python/tests/software_verification/ksdft2effmass/solid_state/resources/implementation-verification-ownership.json
TargetTreeInput	test_resource	identity_only	python/tests/software_verification/ksdft2effmass/solid_state/resources/periodic-1d-test-ownership.json
TargetTreeInput	maintained_test	python_consumer	python/tests/software_verification/ksdft2effmass/solid_state/test__BandFrameAligner1D.py
TargetTreeInput	maintained_test	python_consumer	python/tests/software_verification/ksdft2effmass/solid_state/test__BandFrameAlignmentResult1D.py
TargetTreeInput	maintained_test	python_consumer	python/tests/software_verification/ksdft2effmass/solid_state/test__BandProjectedOperatorPathConstructor1D.py
TargetTreeInput	maintained_test	python_consumer	python/tests/software_verification/ksdft2effmass/solid_state/test__BandProjectorPathConstructor1D.py
TargetTreeInput	maintained_test	python_consumer	python/tests/software_verification/ksdft2effmass/solid_state/test__BandProjectorPathResult1D.py
TargetTreeInput	maintained_test	python_consumer	python/tests/software_verification/ksdft2effmass/solid_state/test__BlockHoppingInterpolator1D.py
TargetTreeInput	maintained_test	python_consumer	python/tests/software_verification/ksdft2effmass/solid_state/test__BlockHoppingModel1D.py
TargetTreeInput	maintained_test	python_consumer	python/tests/software_verification/ksdft2effmass/solid_state/test__BlockHoppingTruncationResult1D.py
TargetTreeInput	maintained_test	python_consumer	python/tests/software_verification/ksdft2effmass/solid_state/test__BlockHoppingTruncator1D.py
TargetTreeInput	maintained_test	python_consumer	python/tests/software_verification/ksdft2effmass/solid_state/test__BoundaryTwistMeshEnumerator.py
TargetTreeInput	maintained_test	python_consumer	python/tests/software_verification/ksdft2effmass/solid_state/test__BoundaryTwistReducer.py
TargetTreeInput	maintained_test	python_consumer	python/tests/software_verification/ksdft2effmass/solid_state/test__BoundaryTwistTransformer.py
TargetTreeInput	maintained_test	python_consumer	python/tests/software_verification/ksdft2effmass/solid_state/test__BravaisLattice1D.py
TargetTreeInput	maintained_test	python_consumer	python/tests/software_verification/ksdft2effmass/solid_state/test__BravaisLattice2D.py
TargetTreeInput	maintained_test	python_consumer	python/tests/software_verification/ksdft2effmass/solid_state/test__BravaisLattice3D.py
TargetTreeInput	maintained_test	python_consumer	python/tests/software_verification/ksdft2effmass/solid_state/test__BravaisMetricCompatibilityAnalyzer.py
TargetTreeInput	maintained_test	python_consumer	python/tests/software_verification/ksdft2effmass/solid_state/test__CenteredUniformReciprocalMesh1D.py
TargetTreeInput	maintained_test	python_consumer	python/tests/software_verification/ksdft2effmass/solid_state/test__FiniteLatticeCoordinateResolver.py
TargetTreeInput	maintained_test	python_consumer	python/tests/software_verification/ksdft2effmass/solid_state/test__FiniteLatticeIndexer.py
TargetTreeInput	maintained_test	python_consumer	python/tests/software_verification/ksdft2effmass/solid_state/test__FiniteLatticeShape.py
TargetTreeInput	maintained_test	python_consumer	python/tests/software_verification/ksdft2effmass/solid_state/test__Lattice1D.py
TargetTreeInput	maintained_test	python_consumer	python/tests/software_verification/ksdft2effmass/solid_state/test__Lattice2D.py
TargetTreeInput	maintained_test	python_consumer	python/tests/software_verification/ksdft2effmass/solid_state/test__Lattice3D.py
TargetTreeInput	maintained_test	python_consumer	python/tests/software_verification/ksdft2effmass/solid_state/test__LatticeCoordinate.py
TargetTreeInput	maintained_test	python_consumer	python/tests/software_verification/ksdft2effmass/solid_state/test__LatticeCoordinateTransformer.py
TargetTreeInput	maintained_test	python_consumer	python/tests/software_verification/ksdft2effmass/solid_state/test__LatticeDualityAnalyzer.py
TargetTreeInput	maintained_test	python_consumer	python/tests/software_verification/ksdft2effmass/solid_state/test__LatticeOperationCompatibilityAuditor.py
TargetTreeInput	maintained_test	python_consumer	python/tests/software_verification/ksdft2effmass/solid_state/test__LocalizedPerturbation.py
TargetTreeInput	maintained_test	python_consumer	python/tests/software_verification/ksdft2effmass/solid_state/test__LocalizedPerturbationOperatorConstructor.py
TargetTreeInput	maintained_test	python_consumer	python/tests/software_verification/ksdft2effmass/solid_state/test__PeriodicImageResolver.py
TargetTreeInput	maintained_test	python_consumer	python/tests/software_verification/ksdft2effmass/solid_state/test__PlaneWaveBasis1D.py
TargetTreeInput	maintained_test	python_consumer	python/tests/software_verification/ksdft2effmass/solid_state/test__PlaneWaveReciprocalSewingConstructor.py
TargetTreeInput	maintained_test	python_consumer	python/tests/software_verification/ksdft2effmass/solid_state/test__PlaneWaveReciprocalSewingResult.py
TargetTreeInput	maintained_test	python_consumer	python/tests/software_verification/ksdft2effmass/solid_state/test__PolarBandFrameTransportResult1D.py
TargetTreeInput	maintained_test	python_consumer	python/tests/software_verification/ksdft2effmass/solid_state/test__PolarBandFrameTransporter1D.py
TargetTreeInput	maintained_test	python_consumer	python/tests/software_verification/ksdft2effmass/solid_state/test__QuotientSeamOperatorConstructor.py
TargetTreeInput	maintained_test	python_consumer	python/tests/software_verification/ksdft2effmass/solid_state/test__ReciprocalBandFramePath1D.py
TargetTreeInput	maintained_test	python_consumer	python/tests/software_verification/ksdft2effmass/solid_state/test__ReciprocalOperatorFourierTransformResult1D.py
TargetTreeInput	maintained_test	python_consumer	python/tests/software_verification/ksdft2effmass/solid_state/test__ReciprocalOperatorFourierTransformer1D.py
TargetTreeInput	maintained_test	python_consumer	python/tests/software_verification/ksdft2effmass/solid_state/test__ReciprocalOperatorSamples1D.py
TargetTreeInput	maintained_test	python_consumer	python/tests/software_verification/ksdft2effmass/solid_state/test__ScalarFiniteLatticeOperator.py
TargetTreeInput	maintained_test	python_consumer	python/tests/software_verification/ksdft2effmass/solid_state/test__ScalarFiniteLatticeOperatorAdder.py
TargetTreeInput	maintained_test	python_consumer	python/tests/software_verification/ksdft2effmass/solid_state/test__ScalarFiniteLatticeOperatorCompatibilityAnalyzer.py
TargetTreeInput	maintained_test	python_consumer	python/tests/software_verification/ksdft2effmass/solid_state/test__ScalarFiniteLatticeOperatorCompatibilityResult.py
TargetTreeInput	maintained_test	python_consumer	python/tests/software_verification/ksdft2effmass/solid_state/test__ScalarFiniteLatticeRouteReconciliationResult.py
TargetTreeInput	maintained_test	python_consumer	python/tests/software_verification/ksdft2effmass/solid_state/test__ScalarFiniteLatticeRouteReconciliationWorkflow.py
TargetTreeInput	maintained_test	python_consumer	python/tests/software_verification/ksdft2effmass/solid_state/test__ScalarHoppingModel.py
TargetTreeInput	maintained_test	python_consumer	python/tests/software_verification/ksdft2effmass/solid_state/test__TwistFiber.py
TargetTreeInput	maintained_test	python_consumer	python/tests/software_verification/ksdft2effmass/solid_state/test__TwistGaugeBridgeConstructor.py
TargetTreeInput	maintained_test	python_consumer	python/tests/software_verification/ksdft2effmass/solid_state/test__TwistGaugeBridgeResult.py
TargetTreeInput	maintained_test	python_consumer	python/tests/software_verification/ksdft2effmass/solid_state/test__TwistGaugeEquivalenceAnalyzer.py
TargetTreeInput	maintained_test	python_consumer	python/tests/software_verification/ksdft2effmass/solid_state/test__TwistGaugeEquivalenceResult.py
TargetTreeInput	maintained_test	python_consumer	python/tests/software_verification/ksdft2effmass/solid_state/test__TwistedSupercellOperatorConstructor.py
TargetTreeInput	maintained_test	python_consumer	python/tests/software_verification/ksdft2effmass/solid_state/test__WilsonLoopPhaseSetComparator1D.py
TargetTreeInput	maintained_test	python_consumer	python/tests/software_verification/ksdft2effmass/solid_state/test__WilsonLoopSpectrum1D.py
TargetTreeInput	maintained_test	python_consumer	python/tests/software_verification/ksdft2effmass/solid_state/test__WilsonLoopSpectrumCanonicalizer1D.py
TargetTreeInput	maintained_test	python_consumer	python/tests/software_verification/ksdft2effmass/units/test__MetalQuantityConverter.py
TargetTreeInput	maintained_test	python_consumer	python/tests/software_verification/ksdft2effmass/units/test__MetalUnitConversionCatalog.py
TargetTreeInput	maintained_test	python_consumer	python/tests/software_verification/ksdft2effmass/units/test__MetalUnitConversionFailure.py
TargetTreeInput	maintained_test	python_consumer	python/tests/software_verification/ksdft2effmass/units/test__MetalUnitConversionSuccess.py
TargetTreeInput	maintained_test	python_consumer	python/tests/software_verification/ksdft2effmass/units/test__MetalUnitInventory.py
TargetTreeInput	maintained_test	python_consumer	python/tests/software_verification/ksdft2effmass/units/test__UnitScalar.py
TargetTreeInput	maintained_test	python_consumer	python/tests/software_verification/ksdft2effmass/units/test__units_public_api.py
TargetTreeInput	maintained_test	python_consumer	python/tests/software_verification/ksdft2effmass/workflows/_cpn_adapter_fixtures.py
TargetTreeInput	maintained_test	python_consumer	python/tests/software_verification/ksdft2effmass/workflows/artifacts/test__artifact_manifest_contract.py
TargetTreeInput	maintained_test	python_consumer	python/tests/software_verification/ksdft2effmass/workflows/control/__init__.py
TargetTreeInput	python_resource	identity_only	python/tests/software_verification/ksdft2effmass/workflows/control/resources/__init__.py
TargetTreeInput	python_resource	identity_only	python/tests/software_verification/ksdft2effmass/workflows/control/resources/entry_ports.py
TargetTreeInput	python_resource	identity_only	python/tests/software_verification/ksdft2effmass/workflows/control/resources/scenarios.py
TargetTreeInput	maintained_test	python_consumer	python/tests/software_verification/ksdft2effmass/workflows/control/test__ScientificExecutionAuthorityGrant.py
TargetTreeInput	maintained_test	python_consumer	python/tests/software_verification/ksdft2effmass/workflows/control/test__ScientificExecutionAuthoritySnapshot.py
TargetTreeInput	maintained_test	python_consumer	python/tests/software_verification/ksdft2effmass/workflows/control/test__ScientificExecutionAuthorityVerificationKind.py
TargetTreeInput	maintained_test	python_consumer	python/tests/software_verification/ksdft2effmass/workflows/control/test__ScientificExecutionGrantState.py
TargetTreeInput	maintained_test	python_consumer	python/tests/software_verification/ksdft2effmass/workflows/control/test__SimulationDispatchAdapter.py
TargetTreeInput	maintained_test	python_consumer	python/tests/software_verification/ksdft2effmass/workflows/control/test__SimulationDispatchAdapterResult.py
TargetTreeInput	maintained_test	python_consumer	python/tests/software_verification/ksdft2effmass/workflows/control/test__SimulationDispatchAdapterResultKind.py
TargetTreeInput	maintained_test	python_consumer	python/tests/software_verification/ksdft2effmass/workflows/control/test__SimulationDispatchClaimOutcomeKind.py
TargetTreeInput	maintained_test	python_consumer	python/tests/software_verification/ksdft2effmass/workflows/control/test__SimulationDispatchClaimPreparer.py
TargetTreeInput	maintained_test	python_consumer	python/tests/software_verification/ksdft2effmass/workflows/control/test__SimulationDispatchClaimRequest.py
TargetTreeInput	maintained_test	python_consumer	python/tests/software_verification/ksdft2effmass/workflows/control/test__SimulationDispatchClaimResult.py
TargetTreeInput	maintained_test	python_consumer	python/tests/software_verification/ksdft2effmass/workflows/control/test__SimulationDispatchEffect.py
TargetTreeInput	maintained_test	python_consumer	python/tests/software_verification/ksdft2effmass/workflows/control/test__SimulationDispatchEffectRequest.py
TargetTreeInput	maintained_test	python_consumer	python/tests/software_verification/ksdft2effmass/workflows/control/test__SimulationDispatchEntryResult.py
TargetTreeInput	maintained_test	python_consumer	python/tests/software_verification/ksdft2effmass/workflows/control/test__SimulationDispatchOutcome.py
TargetTreeInput	maintained_test	python_consumer	python/tests/software_verification/ksdft2effmass/workflows/control/test__SimulationDispatchPreparationOutcomeKind.py
TargetTreeInput	maintained_test	python_consumer	python/tests/software_verification/ksdft2effmass/workflows/control/test__SimulationDispatchPreparationRequest.py
TargetTreeInput	maintained_test	python_consumer	python/tests/software_verification/ksdft2effmass/workflows/control/test__SimulationDispatchPreparationResult.py
TargetTreeInput	maintained_test	python_consumer	python/tests/software_verification/ksdft2effmass/workflows/control/test__SimulationDispatchPreparer.py
TargetTreeInput	maintained_test	python_consumer	python/tests/software_verification/ksdft2effmass/workflows/control/test__SimulationDispatchReconciler.py
TargetTreeInput	maintained_test	python_consumer	python/tests/software_verification/ksdft2effmass/workflows/control/test__SimulationDispatchReconciliationOutcomeKind.py
TargetTreeInput	maintained_test	python_consumer	python/tests/software_verification/ksdft2effmass/workflows/control/test__SimulationDispatchReconciliationRequest.py
TargetTreeInput	maintained_test	python_consumer	python/tests/software_verification/ksdft2effmass/workflows/control/test__SimulationDispatchReconciliationResult.py
TargetTreeInput	maintained_test	python_consumer	python/tests/software_verification/ksdft2effmass/workflows/control/test__SimulationDispatchRequest.py
TargetTreeInput	maintained_test	python_consumer	python/tests/software_verification/ksdft2effmass/workflows/control/test__SimulationDispatchResultIngressOutcomeKind.py
TargetTreeInput	maintained_test	python_consumer	python/tests/software_verification/ksdft2effmass/workflows/control/test__SimulationDispatchResultIngressPreparer.py
TargetTreeInput	maintained_test	python_consumer	python/tests/software_verification/ksdft2effmass/workflows/control/test__SimulationDispatchResultIngressRequest.py
TargetTreeInput	maintained_test	python_consumer	python/tests/software_verification/ksdft2effmass/workflows/control/test__SimulationDispatchResultIngressResult.py
TargetTreeInput	maintained_test	python_consumer	python/tests/software_verification/ksdft2effmass/workflows/control/test__SimulationExecutionAuthorizationOutcomeKind.py
TargetTreeInput	maintained_test	python_consumer	python/tests/software_verification/ksdft2effmass/workflows/control/test__SimulationExecutionAuthorizationPhase.py
TargetTreeInput	maintained_test	python_consumer	python/tests/software_verification/ksdft2effmass/workflows/control/test__SimulationExecutionAuthorizationRequest.py
TargetTreeInput	maintained_test	python_consumer	python/tests/software_verification/ksdft2effmass/workflows/control/test__SimulationExecutionAuthorizationResult.py
TargetTreeInput	maintained_test	python_consumer	python/tests/software_verification/ksdft2effmass/workflows/control/test__SimulationExecutionAuthorizer.py
TargetTreeInput	maintained_test	python_consumer	python/tests/software_verification/ksdft2effmass/workflows/control/test__SimulationExecutionRequest.py
TargetTreeInput	maintained_test	python_consumer	python/tests/software_verification/ksdft2effmass/workflows/control/test__WorkflowRunDispatchEntryCommitter.py
TargetTreeInput	maintained_test	python_consumer	python/tests/software_verification/ksdft2effmass/workflows/control/test__dependency_direction.py
TargetTreeInput	maintained_test	python_consumer	python/tests/software_verification/ksdft2effmass/workflows/control/test__public_api.py
TargetTreeInput	maintained_test	python_consumer	python/tests/software_verification/ksdft2effmass/workflows/model/test__AllOfTaskActivationSelection.py
TargetTreeInput	maintained_test	python_consumer	python/tests/software_verification/ksdft2effmass/workflows/model/test__AnyOfTaskActivationSelection.py
TargetTreeInput	maintained_test	python_consumer	python/tests/software_verification/ksdft2effmass/workflows/model/test__AttemptIdentity.py
TargetTreeInput	maintained_test	python_consumer	python/tests/software_verification/ksdft2effmass/workflows/model/test__DirectTaskActivationSelection.py
TargetTreeInput	maintained_test	python_consumer	python/tests/software_verification/ksdft2effmass/workflows/model/test__OperationIdentity.py
TargetTreeInput	maintained_test	python_consumer	python/tests/software_verification/ksdft2effmass/workflows/model/test__ResultObject.py
TargetTreeInput	maintained_test	python_consumer	python/tests/software_verification/ksdft2effmass/workflows/model/test__ResultObjectIdentity.py
TargetTreeInput	maintained_test	python_consumer	python/tests/software_verification/ksdft2effmass/workflows/model/test__Task.py
TargetTreeInput	maintained_test	python_consumer	python/tests/software_verification/ksdft2effmass/workflows/model/test__TaskActivation.py
TargetTreeInput	maintained_test	python_consumer	python/tests/software_verification/ksdft2effmass/workflows/model/test__TaskActivationIdentity.py
TargetTreeInput	maintained_test	python_consumer	python/tests/software_verification/ksdft2effmass/workflows/model/test__TaskDefinitionIdentity.py
TargetTreeInput	maintained_test	python_consumer	python/tests/software_verification/ksdft2effmass/workflows/model/test__TaskExecutionContext.py
TargetTreeInput	maintained_test	python_consumer	python/tests/software_verification/ksdft2effmass/workflows/model/test__TaskGateSelection.py
TargetTreeInput	maintained_test	python_consumer	python/tests/software_verification/ksdft2effmass/workflows/model/test__TaskInputBinding.py
TargetTreeInput	maintained_test	python_consumer	python/tests/software_verification/ksdft2effmass/workflows/model/test__TaskInstance.py
TargetTreeInput	maintained_test	python_consumer	python/tests/software_verification/ksdft2effmass/workflows/model/test__TaskInstanceIdentity.py
TargetTreeInput	maintained_test	python_consumer	python/tests/software_verification/ksdft2effmass/workflows/model/test__TaskStartGate.py
TargetTreeInput	maintained_test	python_consumer	python/tests/software_verification/ksdft2effmass/workflows/model/test__TaskStartGateIdentity.py
TargetTreeInput	maintained_test	python_consumer	python/tests/software_verification/ksdft2effmass/workflows/model/test__TaskStartGateSet.py
TargetTreeInput	maintained_test	python_consumer	python/tests/software_verification/ksdft2effmass/workflows/model/test__TaskStartGateSetIdentity.py
TargetTreeInput	maintained_test	python_consumer	python/tests/software_verification/ksdft2effmass/workflows/model/test__TaskStartGateSetMode.py
TargetTreeInput	maintained_test	python_consumer	python/tests/software_verification/ksdft2effmass/workflows/model/test__Workflow.py
TargetTreeInput	maintained_test	python_consumer	python/tests/software_verification/ksdft2effmass/workflows/model/test__WorkflowComposition.py
TargetTreeInput	maintained_test	python_consumer	python/tests/software_verification/ksdft2effmass/workflows/model/test__WorkflowIdentity.py
TargetTreeInput	maintained_test	python_consumer	python/tests/software_verification/ksdft2effmass/workflows/model/test__WorkflowRunIdentity.py
TargetTreeInput	maintained_test	python_consumer	python/tests/software_verification/ksdft2effmass/workflows/persistence/conftest.py
TargetTreeInput	python_resource	identity_only	python/tests/software_verification/ksdft2effmass/workflows/persistence/resources/entry-fault-worker.py
TargetTreeInput	maintained_test	python_consumer	python/tests/software_verification/ksdft2effmass/workflows/persistence/test__WorkflowEncodedResultValue.py
TargetTreeInput	maintained_test	python_consumer	python/tests/software_verification/ksdft2effmass/workflows/persistence/test__WorkflowEncodedRun.py
TargetTreeInput	maintained_test	python_consumer	python/tests/software_verification/ksdft2effmass/workflows/persistence/test__WorkflowPersistenceFailure.py
TargetTreeInput	maintained_test	python_consumer	python/tests/software_verification/ksdft2effmass/workflows/persistence/test__WorkflowResultValueDecodeResult.py
TargetTreeInput	maintained_test	python_consumer	python/tests/software_verification/ksdft2effmass/workflows/persistence/test__WorkflowResultValueEncodeResult.py
TargetTreeInput	maintained_test	python_consumer	python/tests/software_verification/ksdft2effmass/workflows/persistence/test__WorkflowResultValueSerializer.py
TargetTreeInput	maintained_test	python_consumer	python/tests/software_verification/ksdft2effmass/workflows/persistence/test__WorkflowRunAtomicRepository.py
TargetTreeInput	maintained_test	python_consumer	python/tests/software_verification/ksdft2effmass/workflows/persistence/test__WorkflowRunAtomicRepository__nested_history.py
TargetTreeInput	maintained_test	python_consumer	python/tests/software_verification/ksdft2effmass/workflows/persistence/test__WorkflowRunClaimLoadResult.py
TargetTreeInput	maintained_test	python_consumer	python/tests/software_verification/ksdft2effmass/workflows/persistence/test__WorkflowRunCommitBinding.py
TargetTreeInput	maintained_test	python_consumer	python/tests/software_verification/ksdft2effmass/workflows/persistence/test__WorkflowRunDecodeResult.py
TargetTreeInput	maintained_test	python_consumer	python/tests/software_verification/ksdft2effmass/workflows/persistence/test__WorkflowRunEncodeResult.py
TargetTreeInput	maintained_test	python_consumer	python/tests/software_verification/ksdft2effmass/workflows/persistence/test__WorkflowRunLoadResult.py
TargetTreeInput	maintained_test	python_consumer	python/tests/software_verification/ksdft2effmass/workflows/persistence/test__WorkflowRunSerializer.py
TargetTreeInput	maintained_test	python_consumer	python/tests/software_verification/ksdft2effmass/workflows/persistence/test__WorkflowRunSerializer__authority.py
TargetTreeInput	maintained_test	python_consumer	python/tests/software_verification/ksdft2effmass/workflows/persistence/test__WorkflowRunSerializer__codec_failures.py
TargetTreeInput	maintained_test	python_consumer	python/tests/software_verification/ksdft2effmass/workflows/persistence/test__WorkflowRunSerializer__dispatch.py
TargetTreeInput	maintained_test	python_consumer	python/tests/software_verification/ksdft2effmass/workflows/persistence/test__WorkflowRunSerializer__history.py
TargetTreeInput	maintained_test	python_consumer	python/tests/software_verification/ksdft2effmass/workflows/persistence/test__WorkflowRunSerializer__nested.py
TargetTreeInput	maintained_test	python_consumer	python/tests/software_verification/ksdft2effmass/workflows/persistence/test__WorkflowRunSerializer__nested_extension.py
TargetTreeInput	maintained_test	python_consumer	python/tests/software_verification/ksdft2effmass/workflows/persistence/test__WorkflowRunSerializer__provenance.py
TargetTreeInput	maintained_test	python_consumer	python/tests/software_verification/ksdft2effmass/workflows/persistence/test__WorkflowRunSerializer__results.py
TargetTreeInput	maintained_test	python_consumer	python/tests/software_verification/ksdft2effmass/workflows/persistence/test__WorkflowRunSerializer__task_decision_history.py
TargetTreeInput	maintained_test	python_consumer	python/tests/software_verification/ksdft2effmass/workflows/persistence/test__WorkflowRunSerializer__task_model.py
TargetTreeInput	maintained_test	python_consumer	python/tests/software_verification/ksdft2effmass/workflows/persistence/test__WorkflowRunSnapshot.py
TargetTreeInput	maintained_test	python_consumer	python/tests/software_verification/ksdft2effmass/workflows/persistence/test__WorkflowRunTransaction.py
TargetTreeInput	maintained_test	python_consumer	python/tests/software_verification/ksdft2effmass/workflows/persistence/test__WorkflowRunTransactionValidator.py
TargetTreeInput	maintained_test	python_consumer	python/tests/software_verification/ksdft2effmass/workflows/persistence/test__WorkflowRunValidationResult.py
TargetTreeInput	maintained_test	python_consumer	python/tests/software_verification/ksdft2effmass/workflows/persistence/test__WorkflowRunWriteResult.py
TargetTreeInput	maintained_test	python_consumer	python/tests/software_verification/ksdft2effmass/workflows/runs/__init__.py
TargetTreeInput	maintained_test	python_consumer	python/tests/software_verification/ksdft2effmass/workflows/runs/aggregate/test__WorkflowRun.py
TargetTreeInput	maintained_test	python_consumer	python/tests/software_verification/ksdft2effmass/workflows/runs/authority/__init__.py
TargetTreeInput	maintained_test	python_consumer	python/tests/software_verification/ksdft2effmass/workflows/runs/authority/test__SimulationDispatchEntryReceipt.py
TargetTreeInput	maintained_test	python_consumer	python/tests/software_verification/ksdft2effmass/workflows/runs/authority/test__WorkflowRunClaimCommitReceipt.py
TargetTreeInput	maintained_test	python_consumer	python/tests/software_verification/ksdft2effmass/workflows/runs/authority/test__WorkflowRunClaimCommitReceiptIdentity.py
TargetTreeInput	maintained_test	python_consumer	python/tests/software_verification/ksdft2effmass/workflows/runs/identities/test__AuthorityContextIdentity.py
TargetTreeInput	maintained_test	python_consumer	python/tests/software_verification/ksdft2effmass/workflows/runs/identities/test__AuthorityReservationOutcomeIdentity.py
TargetTreeInput	maintained_test	python_consumer	python/tests/software_verification/ksdft2effmass/workflows/runs/identities/test__BoundaryReceiptIdentity.py
TargetTreeInput	maintained_test	python_consumer	python/tests/software_verification/ksdft2effmass/workflows/runs/identities/test__ChildWorkflowCreationIdempotencyIdentity.py
TargetTreeInput	maintained_test	python_consumer	python/tests/software_verification/ksdft2effmass/workflows/runs/identities/test__DispatchCreationIdempotencyIdentity.py
TargetTreeInput	maintained_test	python_consumer	python/tests/software_verification/ksdft2effmass/workflows/runs/identities/test__DispatchDestinationIdentity.py
TargetTreeInput	maintained_test	python_consumer	python/tests/software_verification/ksdft2effmass/workflows/runs/identities/test__DispatchObservationRecordIdentity.py
TargetTreeInput	maintained_test	python_consumer	python/tests/software_verification/ksdft2effmass/workflows/runs/identities/test__DispatchOutcomeRecordIdentity.py
TargetTreeInput	maintained_test	python_consumer	python/tests/software_verification/ksdft2effmass/workflows/runs/identities/test__DispatchResourceScopeIdentity.py
TargetTreeInput	maintained_test	python_consumer	python/tests/software_verification/ksdft2effmass/workflows/runs/identities/test__ExecutionGrantIdentity.py
TargetTreeInput	maintained_test	python_consumer	python/tests/software_verification/ksdft2effmass/workflows/runs/identities/test__ExecutionGrantRevisionIdentity.py
TargetTreeInput	maintained_test	python_consumer	python/tests/software_verification/ksdft2effmass/workflows/runs/identities/test__ExternalProducerAttemptIdentity.py
TargetTreeInput	maintained_test	python_consumer	python/tests/software_verification/ksdft2effmass/workflows/runs/identities/test__ExternalResultProducerIdentity.py
TargetTreeInput	maintained_test	python_consumer	python/tests/software_verification/ksdft2effmass/workflows/runs/identities/test__HumanResultAuthorIdentity.py
TargetTreeInput	maintained_test	python_consumer	python/tests/software_verification/ksdft2effmass/workflows/runs/identities/test__NativeOutputAdmissionIdentity.py
TargetTreeInput	maintained_test	python_consumer	python/tests/software_verification/ksdft2effmass/workflows/runs/identities/test__NestedWorkflowInvocationIdentity.py
TargetTreeInput	maintained_test	python_consumer	python/tests/software_verification/ksdft2effmass/workflows/runs/identities/test__NestedWorkflowInvocationIntentIdentity.py
TargetTreeInput	maintained_test	python_consumer	python/tests/software_verification/ksdft2effmass/workflows/runs/identities/test__NestedWorkflowMembershipIdentity.py
TargetTreeInput	maintained_test	python_consumer	python/tests/software_verification/ksdft2effmass/workflows/runs/identities/test__NestedWorkflowObservationIdentity.py
TargetTreeInput	maintained_test	python_consumer	python/tests/software_verification/ksdft2effmass/workflows/runs/identities/test__ObligationDispositionIdentity.py
TargetTreeInput	maintained_test	python_consumer	python/tests/software_verification/ksdft2effmass/workflows/runs/identities/test__ObligationIdentity.py
TargetTreeInput	maintained_test	python_consumer	python/tests/software_verification/ksdft2effmass/workflows/runs/identities/test__ResponseSourceIdentity.py
TargetTreeInput	maintained_test	python_consumer	python/tests/software_verification/ksdft2effmass/workflows/runs/identities/test__ResultDependencyIdentity.py
TargetTreeInput	maintained_test	python_consumer	python/tests/software_verification/ksdft2effmass/workflows/runs/identities/test__ResultObjectContentIdentity.py
TargetTreeInput	maintained_test	python_consumer	python/tests/software_verification/ksdft2effmass/workflows/runs/identities/test__ResultObjectDomainIdentity.py
TargetTreeInput	maintained_test	python_consumer	python/tests/software_verification/ksdft2effmass/workflows/runs/identities/test__ResultObjectReferenceIdentity.py
TargetTreeInput	maintained_test	python_consumer	python/tests/software_verification/ksdft2effmass/workflows/runs/identities/test__ResultObjectTypeIdentity.py
TargetTreeInput	maintained_test	python_consumer	python/tests/software_verification/ksdft2effmass/workflows/runs/identities/test__ResultProducerEvidenceIdentity.py
TargetTreeInput	maintained_test	python_consumer	python/tests/software_verification/ksdft2effmass/workflows/runs/identities/test__ResultProducerProvenanceIdentity.py
TargetTreeInput	maintained_test	python_consumer	python/tests/software_verification/ksdft2effmass/workflows/runs/identities/test__ResultProductionRecordIdentity.py
TargetTreeInput	maintained_test	python_consumer	python/tests/software_verification/ksdft2effmass/workflows/runs/identities/test__RetainedResultSourceIdentity.py
TargetTreeInput	maintained_test	python_consumer	python/tests/software_verification/ksdft2effmass/workflows/runs/identities/test__ScientificDecisionOptionIdentity.py
TargetTreeInput	maintained_test	python_consumer	python/tests/software_verification/ksdft2effmass/workflows/runs/identities/test__ScientificDecisionRecorderIdentity.py
TargetTreeInput	maintained_test	python_consumer	python/tests/software_verification/ksdft2effmass/workflows/runs/identities/test__ScientificDecisionRequestIdentity.py
TargetTreeInput	maintained_test	python_consumer	python/tests/software_verification/ksdft2effmass/workflows/runs/identities/test__ScientificDecisionTransitionRecordIdentity.py
TargetTreeInput	maintained_test	python_consumer	python/tests/software_verification/ksdft2effmass/workflows/runs/identities/test__ScientificExecutionAuthoritySnapshotIdentity.py
TargetTreeInput	maintained_test	python_consumer	python/tests/software_verification/ksdft2effmass/workflows/runs/identities/test__ScientificExecutionAuthorityStateIdentity.py
TargetTreeInput	maintained_test	python_consumer	python/tests/software_verification/ksdft2effmass/workflows/runs/identities/test__ScientificExecutorIdentity.py
TargetTreeInput	maintained_test	python_consumer	python/tests/software_verification/ksdft2effmass/workflows/runs/identities/test__SimulationDispatchEntryIdentity.py
TargetTreeInput	maintained_test	python_consumer	python/tests/software_verification/ksdft2effmass/workflows/runs/identities/test__SimulationDispatchEntryReceiptIdentity.py
TargetTreeInput	maintained_test	python_consumer	python/tests/software_verification/ksdft2effmass/workflows/runs/identities/test__SimulationDispatchObservationIdentity.py
TargetTreeInput	maintained_test	python_consumer	python/tests/software_verification/ksdft2effmass/workflows/runs/identities/test__SimulationDispatchOutcomeIdentity.py
TargetTreeInput	maintained_test	python_consumer	python/tests/software_verification/ksdft2effmass/workflows/runs/identities/test__SimulationExecutionAuthorizationResultIdentity.py
TargetTreeInput	maintained_test	python_consumer	python/tests/software_verification/ksdft2effmass/workflows/runs/identities/test__SimulationExecutionRequestCorrelationIdentity.py
TargetTreeInput	maintained_test	python_consumer	python/tests/software_verification/ksdft2effmass/workflows/runs/identities/test__SimulationExecutionRequestIdentity.py
TargetTreeInput	maintained_test	python_consumer	python/tests/software_verification/ksdft2effmass/workflows/runs/identities/test__TaskAttemptRecordIdentity.py
TargetTreeInput	maintained_test	python_consumer	python/tests/software_verification/ksdft2effmass/workflows/runs/identities/test__TaskFailureRecordIdentity.py
TargetTreeInput	maintained_test	python_consumer	python/tests/software_verification/ksdft2effmass/workflows/runs/identities/test__TaskInvocationFailureIdentity.py
TargetTreeInput	maintained_test	python_consumer	python/tests/software_verification/ksdft2effmass/workflows/runs/identities/test__TaskInvocationOutcomeIdentity.py
TargetTreeInput	maintained_test	python_consumer	python/tests/software_verification/ksdft2effmass/workflows/runs/identities/test__TaskWorkflowMembershipIdentity.py
TargetTreeInput	maintained_test	python_consumer	python/tests/software_verification/ksdft2effmass/workflows/runs/identities/test__TaskWorkflowTransitionRecordIdentity.py
TargetTreeInput	maintained_test	python_consumer	python/tests/software_verification/ksdft2effmass/workflows/runs/identities/test__WorkflowDefinitionReferenceIdentity.py
TargetTreeInput	maintained_test	python_consumer	python/tests/software_verification/ksdft2effmass/workflows/runs/identities/test__WorkflowRunReplayResultIdentity.py
TargetTreeInput	maintained_test	python_consumer	python/tests/software_verification/ksdft2effmass/workflows/runs/identities/test__WorkflowRunRevisionIdentity.py
TargetTreeInput	maintained_test	python_consumer	python/tests/software_verification/ksdft2effmass/workflows/runs/identities/test__WorkflowRuntimeBundleIdentity.py
TargetTreeInput	maintained_test	python_consumer	python/tests/software_verification/ksdft2effmass/workflows/runs/identities/test__WorkflowTransitionSequenceIdentity.py
TargetTreeInput	maintained_test	python_consumer	python/tests/software_verification/ksdft2effmass/workflows/runs/records/test__AuthorityReservationOutcome.py
TargetTreeInput	maintained_test	python_consumer	python/tests/software_verification/ksdft2effmass/workflows/runs/records/test__AuthorityReservationOutcomeKind.py
TargetTreeInput	maintained_test	python_consumer	python/tests/software_verification/ksdft2effmass/workflows/runs/records/test__DispatchObservationRecord.py
TargetTreeInput	maintained_test	python_consumer	python/tests/software_verification/ksdft2effmass/workflows/runs/records/test__DispatchOutcomeKind.py
TargetTreeInput	maintained_test	python_consumer	python/tests/software_verification/ksdft2effmass/workflows/runs/records/test__DispatchOutcomeRecord.py
TargetTreeInput	maintained_test	python_consumer	python/tests/software_verification/ksdft2effmass/workflows/runs/records/test__ExternalResultProducer.py
TargetTreeInput	maintained_test	python_consumer	python/tests/software_verification/ksdft2effmass/workflows/runs/records/test__HumanAuthoredResultProducer.py
TargetTreeInput	maintained_test	python_consumer	python/tests/software_verification/ksdft2effmass/workflows/runs/records/test__ImportedRetainedResultProducer.py
TargetTreeInput	maintained_test	python_consumer	python/tests/software_verification/ksdft2effmass/workflows/runs/records/test__NativeOutputAdmission.py
TargetTreeInput	maintained_test	python_consumer	python/tests/software_verification/ksdft2effmass/workflows/runs/records/test__NestedWorkflowInvocation.py
TargetTreeInput	maintained_test	python_consumer	python/tests/software_verification/ksdft2effmass/workflows/runs/records/test__NestedWorkflowInvocationIntent.py
TargetTreeInput	maintained_test	python_consumer	python/tests/software_verification/ksdft2effmass/workflows/runs/records/test__NestedWorkflowInvocationKind.py
TargetTreeInput	maintained_test	python_consumer	python/tests/software_verification/ksdft2effmass/workflows/runs/records/test__NestedWorkflowMembership.py
TargetTreeInput	maintained_test	python_consumer	python/tests/software_verification/ksdft2effmass/workflows/runs/records/test__NestedWorkflowTerminalObservation.py
TargetTreeInput	maintained_test	python_consumer	python/tests/software_verification/ksdft2effmass/workflows/runs/records/test__NestedWorkflowTerminalObservationKind.py
TargetTreeInput	maintained_test	python_consumer	python/tests/software_verification/ksdft2effmass/workflows/runs/records/test__ObligationDisposition.py
TargetTreeInput	maintained_test	python_consumer	python/tests/software_verification/ksdft2effmass/workflows/runs/records/test__ObligationDispositionKind.py
TargetTreeInput	maintained_test	python_consumer	python/tests/software_verification/ksdft2effmass/workflows/runs/records/test__RepresentedScientificDecisionIngressProducer.py
TargetTreeInput	maintained_test	python_consumer	python/tests/software_verification/ksdft2effmass/workflows/runs/records/test__RepresentedTaskResultProducer.py
TargetTreeInput	maintained_test	python_consumer	python/tests/software_verification/ksdft2effmass/workflows/runs/records/test__ResultDependency.py
TargetTreeInput	maintained_test	python_consumer	python/tests/software_verification/ksdft2effmass/workflows/runs/records/test__ResultObjectReference.py
TargetTreeInput	maintained_test	python_consumer	python/tests/software_verification/ksdft2effmass/workflows/runs/records/test__ResultProductionRecord.py
TargetTreeInput	maintained_test	python_consumer	python/tests/software_verification/ksdft2effmass/workflows/runs/records/test__ScientificDecisionOption.py
TargetTreeInput	maintained_test	python_consumer	python/tests/software_verification/ksdft2effmass/workflows/runs/records/test__ScientificDecisionRequest.py
TargetTreeInput	maintained_test	python_consumer	python/tests/software_verification/ksdft2effmass/workflows/runs/records/test__ScientificDecisionResolution.py
TargetTreeInput	maintained_test	python_consumer	python/tests/software_verification/ksdft2effmass/workflows/runs/records/test__ScientificDecisionWorkflowTransitionRecord.py
TargetTreeInput	maintained_test	python_consumer	python/tests/software_verification/ksdft2effmass/workflows/runs/records/test__ScientificExecutionAuthorityReference.py
TargetTreeInput	maintained_test	python_consumer	python/tests/software_verification/ksdft2effmass/workflows/runs/records/test__SimulationDispatchEntry.py
TargetTreeInput	maintained_test	python_consumer	python/tests/software_verification/ksdft2effmass/workflows/runs/records/test__SimulationDispatchObligation.py
TargetTreeInput	maintained_test	python_consumer	python/tests/software_verification/ksdft2effmass/workflows/runs/records/test__SimulationExecutionRequestCorrelation.py
TargetTreeInput	maintained_test	python_consumer	python/tests/software_verification/ksdft2effmass/workflows/runs/records/test__TaskAttempt.py
TargetTreeInput	maintained_test	python_consumer	python/tests/software_verification/ksdft2effmass/workflows/runs/records/test__TaskAttemptStatus.py
TargetTreeInput	maintained_test	python_consumer	python/tests/software_verification/ksdft2effmass/workflows/runs/records/test__TaskFailureRecord.py
TargetTreeInput	maintained_test	python_consumer	python/tests/software_verification/ksdft2effmass/workflows/runs/records/test__TaskInvocationFailure.py
TargetTreeInput	maintained_test	python_consumer	python/tests/software_verification/ksdft2effmass/workflows/runs/records/test__TaskInvocationOutcome.py
TargetTreeInput	maintained_test	python_consumer	python/tests/software_verification/ksdft2effmass/workflows/runs/records/test__TaskInvocationOutcomeKind.py
TargetTreeInput	maintained_test	python_consumer	python/tests/software_verification/ksdft2effmass/workflows/runs/records/test__TaskWorkflowMembership.py
TargetTreeInput	maintained_test	python_consumer	python/tests/software_verification/ksdft2effmass/workflows/runs/records/test__TaskWorkflowTransitionRecord.py
TargetTreeInput	maintained_test	python_consumer	python/tests/software_verification/ksdft2effmass/workflows/runs/records/test__UnknownLegacyResultProducer.py
TargetTreeInput	maintained_test	python_consumer	python/tests/software_verification/ksdft2effmass/workflows/runs/records/test__WorkflowDefinitionReference.py
TargetTreeInput	maintained_test	python_consumer	python/tests/software_verification/ksdft2effmass/workflows/runs/records/test__dispatch_obligation_correlation.py
TargetTreeInput	maintained_test	python_consumer	python/tests/software_verification/ksdft2effmass/workflows/runs/records/test__scientific_decision_ingress_agreement.py
TargetTreeInput	maintained_test	python_consumer	python/tests/software_verification/ksdft2effmass/workflows/runs/replay/test__WorkflowRunReplayIssue.py
TargetTreeInput	maintained_test	python_consumer	python/tests/software_verification/ksdft2effmass/workflows/runs/replay/test__WorkflowRunReplayIssueCode.py
TargetTreeInput	maintained_test	python_consumer	python/tests/software_verification/ksdft2effmass/workflows/runs/replay/test__WorkflowRunReplayOutcomeKind.py
TargetTreeInput	maintained_test	python_consumer	python/tests/software_verification/ksdft2effmass/workflows/runs/replay/test__WorkflowRunReplayResult.py
TargetTreeInput	maintained_test	python_consumer	python/tests/software_verification/ksdft2effmass/workflows/runs/replay/test__WorkflowRunReplayer.py
TargetTreeInput	maintained_test	python_consumer	python/tests/software_verification/ksdft2effmass/workflows/runs/replay/test__WorkflowRuntimeBundle.py
TargetTreeInput	maintained_test	python_consumer	python/tests/software_verification/ksdft2effmass/workflows/runs/test__public_api.py
TargetTreeInput	maintained_test	python_consumer	python/tests/software_verification/ksdft2effmass/workflows/runs/test__result_producer_variants.py
TargetTreeInput	maintained_test	python_consumer	python/tests/software_verification/ksdft2effmass/workflows/test__ColoredPetriNetWorkflowAdapter.py
TargetTreeInput	maintained_test	python_consumer	python/tests/software_verification/ksdft2effmass/workflows/test__NormalizedObservationAssembler.py
TargetTreeInput	maintained_test	python_consumer	python/tests/software_verification/ksdft2effmass/workflows/test__OperatorRecordComparator.py
TargetTreeInput	maintained_test	python_consumer	python/tests/software_verification/ksdft2effmass/workflows/test__cpn_adapter_public_contract.py
TargetTreeInput	maintained_test	python_consumer	python/tests/software_verification/ksdft2effmass/workflows/test__dft_scf_bands_internal_slice.py
TargetTreeInput	maintained_test	python_consumer	python/tests/software_verification/ksdft2effmass/workflows/test__dft_scf_nscf_dos_cpn_composition.py
TargetTreeInput	maintained_test	python_consumer	python/tests/software_verification/ksdft2effmass/workflows/test__retained_silicon_band_probe.py
TargetTreeInput	maintained_test	python_consumer	python/tests/software_verification/ksdft2effmass/workflows/test__retained_silicon_dos_probe.py
TargetTreeInput	maintained_test	python_consumer	python/tests/test__import.py
TargetTreeInput	python_environment	identity_only	python/uv.lock
TargetTreeInput	task_authority	authority_citation	tasks/research/research-monograph.exercises.impurity.defect-2d.finite-domain-effects.json
TargetTreeInput	task_authority	authority_citation	tasks/research/research-monograph.exercises.impurity.defect-2d.json
TargetTreeInput	task_authority	authority_citation	tasks/software/migration.v2.operators-ownership.norms.batched-matrix-analysis.json
TargetTreeInput	task_authority	authority_citation	tasks/software/migration.v2.operators-ownership.norms.complex-matrix-contract.json
TargetTreeInput	task_authority	authority_citation	tasks/software/migration.v2.operators-ownership.norms.fourier-tail-truncation.json
TargetTreeInput	task_authority	authority_citation	tasks/software/migration.v2.operators-ownership.norms.orthogonality-unitarity-defects.json
TargetTreeInput	task_authority	authority_citation	tasks/software/migration.v2.operators-ownership.norms.projector-subspace-distances.json
TargetTreeInput	task_authority	authority_citation	tasks/software/migration.v2.operators-ownership.norms.real-matrix-migration.json
TargetTreeInput	task_authority	authority_citation	tasks/software/migration.v2.operators-ownership.norms.relative-matrix-analysis.json
TargetTreeInput	task_authority	authority_citation	tasks/software/migration.v2.operators-ownership.norms.scale-safe-kernels.json
TargetTreeInput	task_authority	authority_citation	tasks/software/migration.v2.operators-ownership.norms.vector-analysis.json
TargetTreeInput	task_authority	authority_citation	tasks/software/migration.v2.operators-ownership.norms.verifier-independence.json
TargetTreeInput	phase2_view	authority_citation	tasks/software/python.architecture-refactor.architecture-conformance.dependency-graph-views.json
TargetTreeInput	authority	authority_citation	tasks/software/python.architecture-refactor.architecture-conformance.json
TargetTreeInput	phase2_view	authority_citation	tasks/software/python.architecture-refactor.architecture-conformance.production-facts.json
TargetTreeInput	authority	authority_citation	tasks/software/python.architecture-refactor.inventory-and-policy.json
TargetTreeInput	authority	authority_citation	tasks/software/python.architecture-refactor.public-import-boundaries.current-fact-foundation.json
TargetTreeInput	authority	authority_citation	tasks/software/python.architecture-refactor.public-import-boundaries.json
