accepted_inventory	harness/reports/python-architecture-inventory.json
authority	AGENTS.md
authority	docs/architecture/v2/ksdft2effmass/harness/conformance.md
authority	docs/architecture/v2/repository-layout.md
authority	harness/intake/python-architecture-review-refactor.md
authority	harness/reports/python-architecture-review.md
authority	harness/reports/python-public-import-boundaries-plan.md
authority	tasks/software/python.architecture-refactor.architecture-conformance.json
authority	tasks/software/python.architecture-refactor.inventory-and-policy.json
authority	tasks/software/python.architecture-refactor.public-import-boundaries.current-fact-foundation.json
authority	tasks/software/python.architecture-refactor.public-import-boundaries.json
example	examples/tutorials/silicon-bands/scripts/compare_retained_observations.py
example	examples/tutorials/silicon-scf/qe/reconstruct_silicon_scf.py
harness_check	.pi/task-ownership/tests/test_validate_task_ownership.py
harness_check	harness/pi/validation/test_validate_documentation_projection.py
harness_check	harness/pi/validation/test_validate_evidence_repository_conformance.py
harness_check	harness/pi/validation/test_validate_python_conformance.py
maintained_test	python/tests/numerical_verification/ksdft2effmass/analysis/test__FiniteSequenceParameterStudyRefiner__stopping_rule.py
maintained_test	python/tests/numerical_verification/ksdft2effmass/analysis/test__aligned_band_comparison_probe.py
maintained_test	python/tests/numerical_verification/ksdft2effmass/operators/test__Geometry__linear_independence.py
maintained_test	python/tests/numerical_verification/ksdft2effmass/operators/test__HermiticityAnalyzer__analytical_residuals.py
maintained_test	python/tests/numerical_verification/ksdft2effmass/operators/test__OperatorRecordResidualAnalyzer__analytical_norms.py
maintained_test	python/tests/numerical_verification/ksdft2effmass/operators/test__OperatorRecordResidualAnalyzer__floating_point.py
maintained_test	python/tests/software_verification/ksdft2effmass/analysis/test__FiniteSequenceParameterStudyRefiner.py
maintained_test	python/tests/software_verification/ksdft2effmass/analysis/test__ParameterStudyObservationCollection.py
maintained_test	python/tests/software_verification/ksdft2effmass/analysis/test__ParameterStudyRefinementProposalValidator.py
maintained_test	python/tests/software_verification/ksdft2effmass/analysis/test__ParameterStudyRevision.py
maintained_test	python/tests/software_verification/ksdft2effmass/analysis/test__QuantityOfInterestResultValueSerializer.py
maintained_test	python/tests/software_verification/ksdft2effmass/analysis/test__band_comparison_internal_slice.py
maintained_test	python/tests/software_verification/ksdft2effmass/analysis/test__qoi_reference_target_contract.py
maintained_test	python/tests/software_verification/ksdft2effmass/application/test__ApplicationResultValueSerializer.py
maintained_test	python/tests/software_verification/ksdft2effmass/calculators/test__PlaneWaveBackendBinding.py
maintained_test	python/tests/software_verification/ksdft2effmass/calculators/test__PlaneWaveBackendCompilationCompiled.py
maintained_test	python/tests/software_verification/ksdft2effmass/calculators/test__PlaneWaveBackendCompilationFailure.py
maintained_test	python/tests/software_verification/ksdft2effmass/calculators/test__PlaneWaveCalculator.py
maintained_test	python/tests/software_verification/ksdft2effmass/calculators/test__PlaneWaveEnergyCutoff.py
maintained_test	python/tests/software_verification/ksdft2effmass/calculators/test__PlaneWaveReciprocalMesh.py
maintained_test	python/tests/software_verification/ksdft2effmass/calculators/test__calculator_public_api.py
maintained_test	python/tests/software_verification/ksdft2effmass/campaigns/test__PlaneWaveParameterStudyCompiler.py
maintained_test	python/tests/software_verification/ksdft2effmass/campaigns/test__bulk_silicon_option_a_descriptor.py
maintained_test	python/tests/software_verification/ksdft2effmass/harness/authority/test__decisions_authority_contract.py
maintained_test	python/tests/software_verification/ksdft2effmass/harness/conftest.py
maintained_test	python/tests/software_verification/ksdft2effmass/harness/pi/dbcontrol/test__dependency_direction.py
maintained_test	python/tests/software_verification/ksdft2effmass/harness/pi/dbcontrol/test__duplicate_key_implementation.py
maintained_test	python/tests/software_verification/ksdft2effmass/harness/pi/dbcontrol/test__explicit_task_state_documents.py
maintained_test	python/tests/software_verification/ksdft2effmass/harness/pi/dbcontrol/test__inspection_files_implementation.py
maintained_test	python/tests/software_verification/ksdft2effmass/harness/pi/dbcontrol/test__ownership_state_implementation.py
maintained_test	python/tests/software_verification/ksdft2effmass/harness/pi/dbcontrol/test__task_state_database_reader_implementation.py
maintained_test	python/tests/software_verification/ksdft2effmass/harness/pi/dbcontrol/test__task_state_document_parser_implementation.py
maintained_test	python/tests/software_verification/ksdft2effmass/harness/pi/dbcontrol/test__task_state_implementation.py
maintained_test	python/tests/software_verification/ksdft2effmass/harness/pi/dbcontrol/test__task_state_query_implementation.py
maintained_test	python/tests/software_verification/ksdft2effmass/harness/pi/dbcontrol/test__task_state_query_result_implementation.py
maintained_test	python/tests/software_verification/ksdft2effmass/harness/pi/local/__init__.py
maintained_test	python/tests/software_verification/ksdft2effmass/harness/pi/local/conftest.py
maintained_test	python/tests/software_verification/ksdft2effmass/harness/pi/local/dbcontrol/test___HarnessProjectionVerifier.py
maintained_test	python/tests/software_verification/ksdft2effmass/harness/pi/local/dbcontrol/test__control_command_api_agreement.py
maintained_test	python/tests/software_verification/ksdft2effmass/harness/pi/local/dbcontrol/test__control_database_implementation.py
maintained_test	python/tests/software_verification/ksdft2effmass/harness/pi/local/dbcontrol/test__control_encoding_implementation.py
maintained_test	python/tests/software_verification/ksdft2effmass/harness/pi/local/dbcontrol/test__control_generation_boundary.py
maintained_test	python/tests/software_verification/ksdft2effmass/harness/pi/local/dbcontrol/test__control_projector_implementation.py
maintained_test	python/tests/software_verification/ksdft2effmass/harness/pi/local/dbcontrol/test__projection_request.py
maintained_test	python/tests/software_verification/ksdft2effmass/harness/pi/local/dbcontrol/test__projection_sync_result.py
maintained_test	python/tests/software_verification/ksdft2effmass/harness/pi/local/dbcontrol/test__projection_synchronizer.py
maintained_test	python/tests/software_verification/ksdft2effmass/harness/pi/local/dbcontrol/test__projection_verification_finding.py
maintained_test	python/tests/software_verification/ksdft2effmass/harness/pi/local/dbcontrol/test__projection_verification_result.py
maintained_test	python/tests/software_verification/ksdft2effmass/harness/pi/local/dbcontrol/test__repository_control_ingestor_implementation.py
maintained_test	python/tests/software_verification/ksdft2effmass/harness/pi/local/task_model_examples.py
maintained_test	python/tests/software_verification/ksdft2effmass/harness/pi/local/test__AgentRecordAdapter.py
maintained_test	python/tests/software_verification/ksdft2effmass/harness/pi/local/test__CheckpointRecordAdapter.py
maintained_test	python/tests/software_verification/ksdft2effmass/harness/pi/local/test__ChecksumCatalogAdapter.py
maintained_test	python/tests/software_verification/ksdft2effmass/harness/pi/local/test__DevelopmentTaskSelection.py
maintained_test	python/tests/software_verification/ksdft2effmass/harness/pi/local/test__DevelopmentTaskSelectionDeserializer.py
maintained_test	python/tests/software_verification/ksdft2effmass/harness/pi/local/test__DevelopmentTaskSelectionSerializer.py
maintained_test	python/tests/software_verification/ksdft2effmass/harness/pi/local/test__EvidenceModuleSelector.py
maintained_test	python/tests/software_verification/ksdft2effmass/harness/pi/local/test__HarnessTask.py
maintained_test	python/tests/software_verification/ksdft2effmass/harness/pi/local/test__HarnessTaskDeserializer.py
maintained_test	python/tests/software_verification/ksdft2effmass/harness/pi/local/test__HarnessTaskGraphValidator.py
maintained_test	python/tests/software_verification/ksdft2effmass/harness/pi/local/test__HarnessTaskRegistry.py
maintained_test	python/tests/software_verification/ksdft2effmass/harness/pi/local/test__HarnessTaskSerializer.py
maintained_test	python/tests/software_verification/ksdft2effmass/harness/pi/local/test__HarnessValidationCheck.py
maintained_test	python/tests/software_verification/ksdft2effmass/harness/pi/local/test__HarnessValidationRequest.py
maintained_test	python/tests/software_verification/ksdft2effmass/harness/pi/local/test__HarnessValidationResult.py
maintained_test	python/tests/software_verification/ksdft2effmass/harness/pi/local/test__HarnessValidator.py
maintained_test	python/tests/software_verification/ksdft2effmass/harness/pi/local/test__LocalHarnessContextLoader.py
maintained_test	python/tests/software_verification/ksdft2effmass/harness/pi/local/test__OwnershipManifestAdapter.py
maintained_test	python/tests/software_verification/ksdft2effmass/harness/pi/local/test__SkillInventoryAdapter.py
maintained_test	python/tests/software_verification/ksdft2effmass/harness/pi/local/test___PiHarnessAgentDefinitionSetValidator.py
maintained_test	python/tests/software_verification/ksdft2effmass/harness/pi/local/test__harness_task_contract_v3.py
maintained_test	python/tests/software_verification/ksdft2effmass/harness/pi/local/test__inspect_task_state_command_api_agreement.py
maintained_test	python/tests/software_verification/ksdft2effmass/harness/pi/local/test__local_context_dependency_and_nonmutation.py
maintained_test	python/tests/software_verification/ksdft2effmass/harness/pi/local/test__local_public_api_and_models.py
maintained_test	python/tests/software_verification/ksdft2effmass/harness/pi/local/test__migrated_validation_command_api_agreement.py
maintained_test	python/tests/software_verification/ksdft2effmass/harness/pi/local/test__python_conformance_input_resolution.py
maintained_test	python/tests/software_verification/ksdft2effmass/harness/pi/local/test__refresh_resource_manifest_command_api_agreement.py
maintained_test	python/tests/software_verification/ksdft2effmass/harness/pi/local/test__task_registry_selection_contract.py
maintained_test	python/tests/software_verification/ksdft2effmass/harness/pi/local/test__validate_harness_cli.py
maintained_test	python/tests/software_verification/ksdft2effmass/harness/pi/local/test__validate_local_harness_resources_command_api_agreement.py
maintained_test	python/tests/software_verification/ksdft2effmass/harness/pi/test__AgentDescriptorView.py
maintained_test	python/tests/software_verification/ksdft2effmass/harness/pi/test__ArtifactIdentity.py
maintained_test	python/tests/software_verification/ksdft2effmass/harness/pi/test__CheckpointDecisionResolutionRequest.py
maintained_test	python/tests/software_verification/ksdft2effmass/harness/pi/test__CheckpointDecisionResolutionResult.py
maintained_test	python/tests/software_verification/ksdft2effmass/harness/pi/test__CheckpointDecisionResolver.py
maintained_test	python/tests/software_verification/ksdft2effmass/harness/pi/test__CheckpointRecord.py
maintained_test	python/tests/software_verification/ksdft2effmass/harness/pi/test__CheckpointSetValidator.py
maintained_test	python/tests/software_verification/ksdft2effmass/harness/pi/test__ChecksumEntry.py
maintained_test	python/tests/software_verification/ksdft2effmass/harness/pi/test__ChecksumManifest.py
maintained_test	python/tests/software_verification/ksdft2effmass/harness/pi/test__ChecksumManifestValidator.py
maintained_test	python/tests/software_verification/ksdft2effmass/harness/pi/test__HarnessInternalError.py
maintained_test	python/tests/software_verification/ksdft2effmass/harness/pi/test__HumanReviewDecision.py
maintained_test	python/tests/software_verification/ksdft2effmass/harness/pi/test__HumanReviewDecisionRecorder.py
maintained_test	python/tests/software_verification/ksdft2effmass/harness/pi/test__HumanReviewFinding.py
maintained_test	python/tests/software_verification/ksdft2effmass/harness/pi/test__HumanReviewObservation.py
maintained_test	python/tests/software_verification/ksdft2effmass/harness/pi/test__HumanReviewPacket.py
maintained_test	python/tests/software_verification/ksdft2effmass/harness/pi/test__HumanReviewPreparer.py
maintained_test	python/tests/software_verification/ksdft2effmass/harness/pi/test__HumanReviewTarget.py
maintained_test	python/tests/software_verification/ksdft2effmass/harness/pi/test__JsonDeserializationResult.py
maintained_test	python/tests/software_verification/ksdft2effmass/harness/pi/test__JsonRecordDeserializer.py
maintained_test	python/tests/software_verification/ksdft2effmass/harness/pi/test__JsonRecordSerializer.py
maintained_test	python/tests/software_verification/ksdft2effmass/harness/pi/test__JsonSerializationResult.py
maintained_test	python/tests/software_verification/ksdft2effmass/harness/pi/test__OwnershipManifestView.py
maintained_test	python/tests/software_verification/ksdft2effmass/harness/pi/test__OwnershipScope.py
maintained_test	python/tests/software_verification/ksdft2effmass/harness/pi/test__PiHarnessAgentDefinition.py
maintained_test	python/tests/software_verification/ksdft2effmass/harness/pi/test__PiHarnessAgentDefinitionResolver.py
maintained_test	python/tests/software_verification/ksdft2effmass/harness/pi/test__PiHarnessConfiguration.py
maintained_test	python/tests/software_verification/ksdft2effmass/harness/pi/test__PiHarnessConfigurationDeserializer.py
maintained_test	python/tests/software_verification/ksdft2effmass/harness/pi/test__ProjectProfile.py
maintained_test	python/tests/software_verification/ksdft2effmass/harness/pi/test__ProjectProfileLoadResult.py
maintained_test	python/tests/software_verification/ksdft2effmass/harness/pi/test__ProjectProfileLoader.py
maintained_test	python/tests/software_verification/ksdft2effmass/harness/pi/test__PythonConformanceFinding.py
maintained_test	python/tests/software_verification/ksdft2effmass/harness/pi/test__PythonConformanceRequest.py
maintained_test	python/tests/software_verification/ksdft2effmass/harness/pi/test__PythonConformanceResult.py
maintained_test	python/tests/software_verification/ksdft2effmass/harness/pi/test__PythonConformanceValidator.py
maintained_test	python/tests/software_verification/ksdft2effmass/harness/pi/test__PythonConformanceValidator__helper_evidence.py
maintained_test	python/tests/software_verification/ksdft2effmass/harness/pi/test__PythonModuleSource.py
maintained_test	python/tests/software_verification/ksdft2effmass/harness/pi/test__PythonTestModuleParser.py
maintained_test	python/tests/software_verification/ksdft2effmass/harness/pi/test__ResourceManifest.py
maintained_test	python/tests/software_verification/ksdft2effmass/harness/pi/test__ResourceManifestRefreshRequest.py
maintained_test	python/tests/software_verification/ksdft2effmass/harness/pi/test__ResourceManifestRefreshResult.py
maintained_test	python/tests/software_verification/ksdft2effmass/harness/pi/test__ResourceManifestRefresher.py
maintained_test	python/tests/software_verification/ksdft2effmass/harness/pi/test__ResourceManifestValidator.py
maintained_test	python/tests/software_verification/ksdft2effmass/harness/pi/test__ResourceReference.py
maintained_test	python/tests/software_verification/ksdft2effmass/harness/pi/test__ResourceResolutionResult.py
maintained_test	python/tests/software_verification/ksdft2effmass/harness/pi/test__ResourceResolver.py
maintained_test	python/tests/software_verification/ksdft2effmass/harness/pi/test__SkillDescriptor.py
maintained_test	python/tests/software_verification/ksdft2effmass/harness/pi/test__SkillResourceValidator.py
maintained_test	python/tests/software_verification/ksdft2effmass/harness/pi/test__TaskStateInspectionRequest.py
maintained_test	python/tests/software_verification/ksdft2effmass/harness/pi/test__TaskStateInspectionResult.py
maintained_test	python/tests/software_verification/ksdft2effmass/harness/pi/test__TaskStateInspector.py
maintained_test	python/tests/software_verification/ksdft2effmass/harness/pi/test__ValidationIssue.py
maintained_test	python/tests/software_verification/ksdft2effmass/harness/pi/test__ValidationResult.py
maintained_test	python/tests/software_verification/ksdft2effmass/harness/pi/test__WireRecordKind.py
maintained_test	python/tests/software_verification/ksdft2effmass/harness/pi/test__artifact_test_owner_projection.py
maintained_test	python/tests/software_verification/ksdft2effmass/harness/pi/test__harness_pi_path_confinement_contract.py
maintained_test	python/tests/software_verification/ksdft2effmass/harness/pi/test__harness_pi_public_api.py
maintained_test	python/tests/software_verification/ksdft2effmass/harness/pi/test__harness_pi_resource_contract.py
maintained_test	python/tests/software_verification/ksdft2effmass/harness/pi/test__human_review_public_api.py
maintained_test	python/tests/software_verification/ksdft2effmass/harness/pi/test__python_conformance_wrapper_api_agreement.py
maintained_test	python/tests/software_verification/ksdft2effmass/harness/pi/wire/test___CanonicalJsonSerializer.py
maintained_test	python/tests/software_verification/ksdft2effmass/harness/pi/wire/test___CheckpointRecordSerializer.py
maintained_test	python/tests/software_verification/ksdft2effmass/harness/pi/wire/test___CommonWireRecordSerializer.py
maintained_test	python/tests/software_verification/ksdft2effmass/harness/pi/wire/test___DuplicateKey.py
maintained_test	python/tests/software_verification/ksdft2effmass/harness/pi/wire/test___ResourceWireSerializer.py
maintained_test	python/tests/software_verification/ksdft2effmass/harness/pi/wire/test___ReviewOwnershipWireSerializer.py
maintained_test	python/tests/software_verification/ksdft2effmass/harness/pi/wire/test___WireRecordDispatcher.py
maintained_test	python/tests/software_verification/ksdft2effmass/harness/pi/wire/test___WireValueDecoder.py
maintained_test	python/tests/software_verification/ksdft2effmass/harness/test__CodingStandardsConformanceValidator.py
maintained_test	python/tests/software_verification/ksdft2effmass/harness/test__ConformanceReportProjector.py
maintained_test	python/tests/software_verification/ksdft2effmass/harness/test__DevelopmentTaskSelectionValidator.py
maintained_test	python/tests/software_verification/ksdft2effmass/harness/test__HarnessCatalogConfiguration__task_layout.py
maintained_test	python/tests/software_verification/ksdft2effmass/harness/test__HarnessCompiler.py
maintained_test	python/tests/software_verification/ksdft2effmass/harness/test__HarnessConfigurationResolutionResult.py
maintained_test	python/tests/software_verification/ksdft2effmass/harness/test__HarnessRepositoryLoader.py
maintained_test	python/tests/software_verification/ksdft2effmass/harness/test__HarnessStateValidator.py
maintained_test	python/tests/software_verification/ksdft2effmass/harness/test__HarnessTaskGraphValidator.py
maintained_test	python/tests/software_verification/ksdft2effmass/harness/test__PythonCodingStandardsAdapter.py
maintained_test	python/tests/software_verification/ksdft2effmass/harness/test__TaskCatalogConfiguration.py
maintained_test	python/tests/software_verification/ksdft2effmass/harness/test__ValidationResult__normalized_state.py
maintained_test	python/tests/software_verification/ksdft2effmass/harness/test__callable_private_rules.py
maintained_test	python/tests/software_verification/ksdft2effmass/harness/test__categorized_catalog_consumer_gate.py
maintained_test	python/tests/software_verification/ksdft2effmass/harness/test__compiler_public_api.py
maintained_test	python/tests/software_verification/ksdft2effmass/harness/test__configuration_v2_contract.py
maintained_test	python/tests/software_verification/ksdft2effmass/harness/test__conformance_records.py
maintained_test	python/tests/software_verification/ksdft2effmass/harness/test__dependency_graph_views.py
maintained_test	python/tests/software_verification/ksdft2effmass/harness/test__harness_cli.py
maintained_test	python/tests/software_verification/ksdft2effmass/harness/test__prerequisite_resolution_contract.py
maintained_test	python/tests/software_verification/ksdft2effmass/harness/test__production_conformance_ratchet.py
maintained_test	python/tests/software_verification/ksdft2effmass/harness/test__production_source_facts.py
maintained_test	python/tests/software_verification/ksdft2effmass/harness/test__task_catalog_configuration_wire.py
maintained_test	python/tests/software_verification/ksdft2effmass/harness/test__task_catalog_integration.py
maintained_test	python/tests/software_verification/ksdft2effmass/harness/test__validation_domain_validators.py
maintained_test	python/tests/software_verification/ksdft2effmass/integration/provenance/test__import_dependency_direction.py
maintained_test	python/tests/software_verification/ksdft2effmass/integration/provenance/test__json_contract_v1.py
maintained_test	python/tests/software_verification/ksdft2effmass/integration/provenance/test__json_fixtures_runtime_agreement_v1.py
maintained_test	python/tests/software_verification/ksdft2effmass/integration/provenance/test__package_wheel.py
maintained_test	python/tests/software_verification/ksdft2effmass/integration/provenance/test__public_api.py
maintained_test	python/tests/software_verification/ksdft2effmass/integration/provenance/test__schema_fixture_family_v1.py
maintained_test	python/tests/software_verification/ksdft2effmass/integration/quantum_espresso/__init__.py
maintained_test	python/tests/software_verification/ksdft2effmass/integration/quantum_espresso/qexsd/__init__.py
maintained_test	python/tests/software_verification/ksdft2effmass/integration/quantum_espresso/qexsd/test__ConstructQexsdKohnShamPlaneWaveRecord.py
maintained_test	python/tests/software_verification/ksdft2effmass/integration/quantum_espresso/qexsd/test__QexsdDocument.py
maintained_test	python/tests/software_verification/ksdft2effmass/integration/quantum_espresso/qexsd/test__QexsdSource.py
maintained_test	python/tests/software_verification/ksdft2effmass/integration/quantum_espresso/qexsd/test__QuantumEspressoXsdDocumentParser.py
maintained_test	python/tests/software_verification/ksdft2effmass/integration/quantum_espresso/qexsd/test__actual_qexsd_extraction.py
maintained_test	python/tests/software_verification/ksdft2effmass/integration/quantum_espresso/qexsd/test__plane_wave_record_rejection.py
maintained_test	python/tests/software_verification/ksdft2effmass/integration/quantum_espresso/qexsd/test__qexsd_ownership.py
maintained_test	python/tests/software_verification/ksdft2effmass/integration/quantum_espresso/test__LocalQuantumEspressoExecutor.py
maintained_test	python/tests/software_verification/ksdft2effmass/integration/quantum_espresso/test__QePwInputFile.py
maintained_test	python/tests/software_verification/ksdft2effmass/integration/quantum_espresso/test__QePwInputFileWriter.py
maintained_test	python/tests/software_verification/ksdft2effmass/integration/quantum_espresso/test__QuantumEspressoCalculatorOutcomeResolver.py
maintained_test	python/tests/software_verification/ksdft2effmass/integration/quantum_espresso/test__QuantumEspressoDiagnosticClassifier.py
maintained_test	python/tests/software_verification/ksdft2effmass/integration/quantum_espresso/test__QuantumEspressoObservationAdapter.py
maintained_test	python/tests/software_verification/ksdft2effmass/integration/quantum_espresso/test__QuantumEspressoParsedDocumentRecord.py
maintained_test	python/tests/software_verification/ksdft2effmass/integration/quantum_espresso/test__QuantumEspressoResultValueSerializer.py
maintained_test	python/tests/software_verification/ksdft2effmass/integration/quantum_espresso/test__QuantumEspressoSimulation.py
maintained_test	python/tests/software_verification/ksdft2effmass/integration/quantum_espresso/test__QuantumEspressoSimulation__contract.py
maintained_test	python/tests/software_verification/ksdft2effmass/integration/quantum_espresso/test__quantum_espresso_execution_contract.py
maintained_test	python/tests/software_verification/ksdft2effmass/integration/quantum_espresso/test__quantum_espresso_integration_dependency_direction.py
maintained_test	python/tests/software_verification/ksdft2effmass/integration/quantum_espresso/test__quantum_espresso_local_execution.py
maintained_test	python/tests/software_verification/ksdft2effmass/integration/quantum_espresso/test__quantum_espresso_task_contracts.py
maintained_test	python/tests/software_verification/ksdft2effmass/integration/test__operator_comparison_dependency_direction.py
maintained_test	python/tests/software_verification/ksdft2effmass/integration/test__operator_record_json_fixtures.py
maintained_test	python/tests/software_verification/ksdft2effmass/integration/test__operator_record_json_schema.py
maintained_test	python/tests/software_verification/ksdft2effmass/integration/test__retired_workflow_cpn_public_api.py
maintained_test	python/tests/software_verification/ksdft2effmass/ksdft/pw/test__KohnShamPlaneWaveCalculationRecordValidator.py
maintained_test	python/tests/software_verification/ksdft2effmass/ksdft/test__neutral_observations.py
maintained_test	python/tests/software_verification/ksdft2effmass/operators/test__Basis__construction.py
maintained_test	python/tests/software_verification/ksdft2effmass/operators/test__Basis__invariants.py
maintained_test	python/tests/software_verification/ksdft2effmass/operators/test__Basis__value_semantics.py
maintained_test	python/tests/software_verification/ksdft2effmass/operators/test__EnergyReference__construction.py
maintained_test	python/tests/software_verification/ksdft2effmass/operators/test__EnergyReference__invariants.py
maintained_test	python/tests/software_verification/ksdft2effmass/operators/test__EnergyReference__value_semantics.py
maintained_test	python/tests/software_verification/ksdft2effmass/operators/test__Geometry__construction.py
maintained_test	python/tests/software_verification/ksdft2effmass/operators/test__Geometry__invariants.py
maintained_test	python/tests/software_verification/ksdft2effmass/operators/test__Geometry__value_semantics.py
maintained_test	python/tests/software_verification/ksdft2effmass/operators/test__HermiticityAnalyzer__configuration.py
maintained_test	python/tests/software_verification/ksdft2effmass/operators/test__HermiticityAnalyzer__contract.py
maintained_test	python/tests/software_verification/ksdft2effmass/operators/test__HermiticityNumericalError.py
maintained_test	python/tests/software_verification/ksdft2effmass/operators/test__HermiticityNumericalErrorCode.py
maintained_test	python/tests/software_verification/ksdft2effmass/operators/test__HermiticityRequirementError.py
maintained_test	python/tests/software_verification/ksdft2effmass/operators/test__HermiticityResult__construction.py
maintained_test	python/tests/software_verification/ksdft2effmass/operators/test__HermiticityResult__invariants.py
maintained_test	python/tests/software_verification/ksdft2effmass/operators/test__HermiticityResult__value_semantics.py
maintained_test	python/tests/software_verification/ksdft2effmass/operators/test__HermiticityUnitMismatchError.py
maintained_test	python/tests/software_verification/ksdft2effmass/operators/test__IncompatibleOperatorRecordsError.py
maintained_test	python/tests/software_verification/ksdft2effmass/operators/test__OperatorRecordComparisonNumericalError.py
maintained_test	python/tests/software_verification/ksdft2effmass/operators/test__OperatorRecordComparisonNumericalErrorCode.py
maintained_test	python/tests/software_verification/ksdft2effmass/operators/test__OperatorRecordComparisonResult__construction.py
maintained_test	python/tests/software_verification/ksdft2effmass/operators/test__OperatorRecordComparisonResult__invariants.py
maintained_test	python/tests/software_verification/ksdft2effmass/operators/test__OperatorRecordComparisonResult__value_semantics.py
maintained_test	python/tests/software_verification/ksdft2effmass/operators/test__OperatorRecordCompatibilityAnalyzer__contract.py
maintained_test	python/tests/software_verification/ksdft2effmass/operators/test__OperatorRecordCompatibilityAnalyzer__rules.py
maintained_test	python/tests/software_verification/ksdft2effmass/operators/test__OperatorRecordCompatibilityIssue.py
maintained_test	python/tests/software_verification/ksdft2effmass/operators/test__OperatorRecordCompatibilityMismatchCode.py
maintained_test	python/tests/software_verification/ksdft2effmass/operators/test__OperatorRecordCompatibilityResult__construction.py
maintained_test	python/tests/software_verification/ksdft2effmass/operators/test__OperatorRecordCompatibilityResult__invariants.py
maintained_test	python/tests/software_verification/ksdft2effmass/operators/test__OperatorRecordCompatibilityResult__value_semantics.py
maintained_test	python/tests/software_verification/ksdft2effmass/operators/test__OperatorRecordDifferenceNumericalError.py
maintained_test	python/tests/software_verification/ksdft2effmass/operators/test__OperatorRecordDifferenceNumericalErrorCode.py
maintained_test	python/tests/software_verification/ksdft2effmass/operators/test__OperatorRecordDifferenceResult__construction.py
maintained_test	python/tests/software_verification/ksdft2effmass/operators/test__OperatorRecordDifferenceResult__invariants.py
maintained_test	python/tests/software_verification/ksdft2effmass/operators/test__OperatorRecordDifferenceResult__value_semantics.py
maintained_test	python/tests/software_verification/ksdft2effmass/operators/test__OperatorRecordDifferencer.py
maintained_test	python/tests/software_verification/ksdft2effmass/operators/test__OperatorRecordJsonSerializer__contract.py
maintained_test	python/tests/software_verification/ksdft2effmass/operators/test__OperatorRecordJsonSerializer__deserialization_structure.py
maintained_test	python/tests/software_verification/ksdft2effmass/operators/test__OperatorRecordJsonSerializer__deserialization_values.py
maintained_test	python/tests/software_verification/ksdft2effmass/operators/test__OperatorRecordJsonSerializer__round_trip.py
maintained_test	python/tests/software_verification/ksdft2effmass/operators/test__OperatorRecordJsonSerializer__serialization.py
maintained_test	python/tests/software_verification/ksdft2effmass/operators/test__OperatorRecordResidualAnalyzer__contract.py
maintained_test	python/tests/software_verification/ksdft2effmass/operators/test__OperatorRecordResidualAnalyzer__floating_point_regressions.py
maintained_test	python/tests/software_verification/ksdft2effmass/operators/test__OperatorRecord__construction.py
maintained_test	python/tests/software_verification/ksdft2effmass/operators/test__OperatorRecord__matrix_invariants.py
maintained_test	python/tests/software_verification/ksdft2effmass/operators/test__OperatorRecord__metadata_invariants.py
maintained_test	python/tests/software_verification/ksdft2effmass/operators/test__OperatorRecord__ownership.py
maintained_test	python/tests/software_verification/ksdft2effmass/operators/test__OperatorRecord__value_semantics.py
maintained_test	python/tests/software_verification/ksdft2effmass/operators/test__StateSpace__construction.py
maintained_test	python/tests/software_verification/ksdft2effmass/operators/test__StateSpace__invariants.py
maintained_test	python/tests/software_verification/ksdft2effmass/operators/test__StateSpace__value_semantics.py
maintained_test	python/tests/software_verification/ksdft2effmass/periodic/test__periodic_contracts.py
maintained_test	python/tests/software_verification/ksdft2effmass/persistence/test__SQLiteAtomicRevisionStore.py
maintained_test	python/tests/software_verification/ksdft2effmass/persistence/test__store_contract.py
maintained_test	python/tests/software_verification/ksdft2effmass/petrinet/colored/_firing_fixtures.py
maintained_test	python/tests/software_verification/ksdft2effmass/petrinet/colored/_selection_fixtures.py
maintained_test	python/tests/software_verification/ksdft2effmass/petrinet/colored/_validation_fixtures.py
maintained_test	python/tests/software_verification/ksdft2effmass/petrinet/colored/test__ColoredPetriNetArcDefinition.py
maintained_test	python/tests/software_verification/ksdft2effmass/petrinet/colored/test__ColoredPetriNetArcIdentity.py
maintained_test	python/tests/software_verification/ksdft2effmass/petrinet/colored/test__ColoredPetriNetBinding.py
maintained_test	python/tests/software_verification/ksdft2effmass/petrinet/colored/test__ColoredPetriNetBindingAssignment.py
maintained_test	python/tests/software_verification/ksdft2effmass/petrinet/colored/test__ColoredPetriNetBindingSelector.py
maintained_test	python/tests/software_verification/ksdft2effmass/petrinet/colored/test__ColoredPetriNetBindingSelectorIdentity.py
maintained_test	python/tests/software_verification/ksdft2effmass/petrinet/colored/test__ColoredPetriNetBindingVariableIdentity.py
maintained_test	python/tests/software_verification/ksdft2effmass/petrinet/colored/test__ColoredPetriNetColorDefinition.py
maintained_test	python/tests/software_verification/ksdft2effmass/petrinet/colored/test__ColoredPetriNetColorIdentity.py
maintained_test	python/tests/software_verification/ksdft2effmass/petrinet/colored/test__ColoredPetriNetDefinition.py
maintained_test	python/tests/software_verification/ksdft2effmass/petrinet/colored/test__ColoredPetriNetDefinitionIdentity.py
maintained_test	python/tests/software_verification/ksdft2effmass/petrinet/colored/test__ColoredPetriNetDefinitionValidator.py
maintained_test	python/tests/software_verification/ksdft2effmass/petrinet/colored/test__ColoredPetriNetEnablementFailure.py
maintained_test	python/tests/software_verification/ksdft2effmass/petrinet/colored/test__ColoredPetriNetEnablementFailureCode.py
maintained_test	python/tests/software_verification/ksdft2effmass/petrinet/colored/test__ColoredPetriNetEnablementFailureIdentity.py
maintained_test	python/tests/software_verification/ksdft2effmass/petrinet/colored/test__ColoredPetriNetEnablementResult.py
maintained_test	python/tests/software_verification/ksdft2effmass/petrinet/colored/test__ColoredPetriNetEnablementResultIdentity.py
maintained_test	python/tests/software_verification/ksdft2effmass/petrinet/colored/test__ColoredPetriNetExpressionEvaluator.py
maintained_test	python/tests/software_verification/ksdft2effmass/petrinet/colored/test__ColoredPetriNetExpressionEvaluatorIdentity.py
maintained_test	python/tests/software_verification/ksdft2effmass/petrinet/colored/test__ColoredPetriNetFiringAudit.py
maintained_test	python/tests/software_verification/ksdft2effmass/petrinet/colored/test__ColoredPetriNetFiringFailure.py
maintained_test	python/tests/software_verification/ksdft2effmass/petrinet/colored/test__ColoredPetriNetFiringFailureCode.py
maintained_test	python/tests/software_verification/ksdft2effmass/petrinet/colored/test__ColoredPetriNetFiringFailureIdentity.py
maintained_test	python/tests/software_verification/ksdft2effmass/petrinet/colored/test__ColoredPetriNetFiringInput.py
maintained_test	python/tests/software_verification/ksdft2effmass/petrinet/colored/test__ColoredPetriNetFiringOutcomeKind.py
maintained_test	python/tests/software_verification/ksdft2effmass/petrinet/colored/test__ColoredPetriNetFiringResult.py
maintained_test	python/tests/software_verification/ksdft2effmass/petrinet/colored/test__ColoredPetriNetFiringResultIdentity.py
maintained_test	python/tests/software_verification/ksdft2effmass/petrinet/colored/test__ColoredPetriNetGuardEvaluationResult.py
maintained_test	python/tests/software_verification/ksdft2effmass/petrinet/colored/test__ColoredPetriNetGuardExpression.py
maintained_test	python/tests/software_verification/ksdft2effmass/petrinet/colored/test__ColoredPetriNetGuardOperator.py
maintained_test	python/tests/software_verification/ksdft2effmass/petrinet/colored/test__ColoredPetriNetInhibitorEvaluation.py
maintained_test	python/tests/software_verification/ksdft2effmass/petrinet/colored/test__ColoredPetriNetInhibitorPattern.py
maintained_test	python/tests/software_verification/ksdft2effmass/petrinet/colored/test__ColoredPetriNetInputInscription.py
maintained_test	python/tests/software_verification/ksdft2effmass/petrinet/colored/test__ColoredPetriNetInputMode.py
maintained_test	python/tests/software_verification/ksdft2effmass/petrinet/colored/test__ColoredPetriNetMarking.py
maintained_test	python/tests/software_verification/ksdft2effmass/petrinet/colored/test__ColoredPetriNetMarkingIdentity.py
maintained_test	python/tests/software_verification/ksdft2effmass/petrinet/colored/test__ColoredPetriNetMarkingValidator.py
maintained_test	python/tests/software_verification/ksdft2effmass/petrinet/colored/test__ColoredPetriNetOrderingPolicyIdentity.py
maintained_test	python/tests/software_verification/ksdft2effmass/petrinet/colored/test__ColoredPetriNetOutputInscription.py
maintained_test	python/tests/software_verification/ksdft2effmass/petrinet/colored/test__ColoredPetriNetPlaceDefinition.py
maintained_test	python/tests/software_verification/ksdft2effmass/petrinet/colored/test__ColoredPetriNetPlaceIdentity.py
maintained_test	python/tests/software_verification/ksdft2effmass/petrinet/colored/test__ColoredPetriNetPlaceMarking.py
maintained_test	python/tests/software_verification/ksdft2effmass/petrinet/colored/test__ColoredPetriNetProducedToken.py
maintained_test	python/tests/software_verification/ksdft2effmass/petrinet/colored/test__ColoredPetriNetSelectionDirective.py
maintained_test	python/tests/software_verification/ksdft2effmass/petrinet/colored/test__ColoredPetriNetSelectionDirectiveIdentity.py
maintained_test	python/tests/software_verification/ksdft2effmass/petrinet/colored/test__ColoredPetriNetSelectionFailureCode.py
maintained_test	python/tests/software_verification/ksdft2effmass/petrinet/colored/test__ColoredPetriNetSelectionOutcomeKind.py
maintained_test	python/tests/software_verification/ksdft2effmass/petrinet/colored/test__ColoredPetriNetSelectionPolicy.py
maintained_test	python/tests/software_verification/ksdft2effmass/petrinet/colored/test__ColoredPetriNetSelectionResult.py
maintained_test	python/tests/software_verification/ksdft2effmass/petrinet/colored/test__ColoredPetriNetSelectionResultIdentity.py
maintained_test	python/tests/software_verification/ksdft2effmass/petrinet/colored/test__ColoredPetriNetToken.py
maintained_test	python/tests/software_verification/ksdft2effmass/petrinet/colored/test__ColoredPetriNetTokenIdentity.py
maintained_test	python/tests/software_verification/ksdft2effmass/petrinet/colored/test__ColoredPetriNetTokenOccurrence.py
maintained_test	python/tests/software_verification/ksdft2effmass/petrinet/colored/test__ColoredPetriNetTokenPattern.py
maintained_test	python/tests/software_verification/ksdft2effmass/petrinet/colored/test__ColoredPetriNetTokenTemplate.py
maintained_test	python/tests/software_verification/ksdft2effmass/petrinet/colored/test__ColoredPetriNetTransitionDefinition.py
maintained_test	python/tests/software_verification/ksdft2effmass/petrinet/colored/test__ColoredPetriNetTransitionEnabler.py
maintained_test	python/tests/software_verification/ksdft2effmass/petrinet/colored/test__ColoredPetriNetTransitionEnablerIdentity.py
maintained_test	python/tests/software_verification/ksdft2effmass/petrinet/colored/test__ColoredPetriNetTransitionFirer.py
maintained_test	python/tests/software_verification/ksdft2effmass/petrinet/colored/test__ColoredPetriNetTransitionFirerIdentity.py
maintained_test	python/tests/software_verification/ksdft2effmass/petrinet/colored/test__ColoredPetriNetTransitionIdentity.py
maintained_test	python/tests/software_verification/ksdft2effmass/petrinet/colored/test__ColoredPetriNetValidationIssue.py
maintained_test	python/tests/software_verification/ksdft2effmass/petrinet/colored/test__ColoredPetriNetValidationIssueCode.py
maintained_test	python/tests/software_verification/ksdft2effmass/petrinet/colored/test__ColoredPetriNetValidationResult.py
maintained_test	python/tests/software_verification/ksdft2effmass/petrinet/colored/test__ColoredPetriNetValue.py
maintained_test	python/tests/software_verification/ksdft2effmass/petrinet/colored/test__ColoredPetriNetValueExpression.py
maintained_test	python/tests/software_verification/ksdft2effmass/petrinet/colored/test__ColoredPetriNetValueExpressionKind.py
maintained_test	python/tests/software_verification/ksdft2effmass/petrinet/colored/test__ColoredPetriNetValueKind.py
maintained_test	python/tests/software_verification/ksdft2effmass/petrinet/colored/test__petrinet_colored_identity_nominality.py
maintained_test	python/tests/software_verification/ksdft2effmass/petrinet/colored/test__petrinet_colored_public_api.py
maintained_test	python/tests/software_verification/ksdft2effmass/plane_wave_studies/test__package_exports.py
maintained_test	python/tests/software_verification/ksdft2effmass/provenance/__init__.py
maintained_test	python/tests/software_verification/ksdft2effmass/provenance/test__ArtifactIdentity.py
maintained_test	python/tests/software_verification/ksdft2effmass/provenance/test__ArtifactIdentityVerificationResult.py
maintained_test	python/tests/software_verification/ksdft2effmass/provenance/test__ArtifactIdentityVerificationStatus.py
maintained_test	python/tests/software_verification/ksdft2effmass/provenance/test__ArtifactIdentityVerifier.py
maintained_test	python/tests/software_verification/ksdft2effmass/provenance/test__ArtifactLocation.py
maintained_test	python/tests/software_verification/ksdft2effmass/provenance/test__ArtifactLocationKind.py
maintained_test	python/tests/software_verification/ksdft2effmass/provenance/test__ArtifactReference.py
maintained_test	python/tests/software_verification/ksdft2effmass/provenance/test__ArtifactSpecification.py
maintained_test	python/tests/software_verification/ksdft2effmass/provenance/test__CapabilityKind.py
maintained_test	python/tests/software_verification/ksdft2effmass/provenance/test__CorrelationIssue.py
maintained_test	python/tests/software_verification/ksdft2effmass/provenance/test__CorrelationStatus.py
maintained_test	python/tests/software_verification/ksdft2effmass/provenance/test__DeclaredCapability.py
maintained_test	python/tests/software_verification/ksdft2effmass/provenance/test__ExecutionCorrelationResult.py
maintained_test	python/tests/software_verification/ksdft2effmass/provenance/test__ExecutionOutcomeCorrelator.py
maintained_test	python/tests/software_verification/ksdft2effmass/provenance/test__ExternalExecutionFailure.py
maintained_test	python/tests/software_verification/ksdft2effmass/provenance/test__ExternalExecutionRequest.py
maintained_test	python/tests/software_verification/ksdft2effmass/provenance/test__ExternalExecutionResult.py
maintained_test	python/tests/software_verification/ksdft2effmass/provenance/test__ExternalExecutionStatus.py
maintained_test	python/tests/software_verification/ksdft2effmass/provenance/test__ExternalFailureCode.py
maintained_test	python/tests/software_verification/ksdft2effmass/provenance/test__ExternalFailureStage.py
maintained_test	python/tests/software_verification/ksdft2effmass/provenance/test__ExternalToolIdentity.py
maintained_test	python/tests/software_verification/ksdft2effmass/provenance/test__ExternalToolSpecification.py
maintained_test	python/tests/software_verification/ksdft2effmass/provenance/test__InstallationObservation.py
maintained_test	python/tests/software_verification/ksdft2effmass/provenance/test__LineageKind.py
maintained_test	python/tests/software_verification/ksdft2effmass/provenance/test__LineageRelation.py
maintained_test	python/tests/software_verification/ksdft2effmass/provenance/test__ManifestState.py
maintained_test	python/tests/software_verification/ksdft2effmass/provenance/test__ProvenanceJsonError.py
maintained_test	python/tests/software_verification/ksdft2effmass/provenance/test__ProvenanceJsonSerializer.py
maintained_test	python/tests/software_verification/ksdft2effmass/provenance/test__ProvenanceRecord.py
maintained_test	python/tests/software_verification/ksdft2effmass/provenance/test__RunManifest.py
maintained_test	python/tests/software_verification/ksdft2effmass/provenance/test__VerificationObservation.py
maintained_test	python/tests/software_verification/ksdft2effmass/provenance/test__VerificationStatus.py
maintained_test	python/tests/software_verification/ksdft2effmass/provenance/test__external_execution_outcome_type_alias.py
maintained_test	python/tests/software_verification/ksdft2effmass/research_monograph/impurity_defect_2d/test__stage_a_execution_contract.py
maintained_test	python/tests/software_verification/ksdft2effmass/research_monograph/impurity_defect_2d/test__stage_b_execution_contract.py
maintained_test	python/tests/software_verification/ksdft2effmass/research_monograph/impurity_defect_2d/test__stage_c_execution_contract.py
maintained_test	python/tests/software_verification/ksdft2effmass/units/test__MetalQuantityConverter.py
maintained_test	python/tests/software_verification/ksdft2effmass/units/test__MetalUnitConversionCatalog.py
maintained_test	python/tests/software_verification/ksdft2effmass/units/test__MetalUnitConversionFailure.py
maintained_test	python/tests/software_verification/ksdft2effmass/units/test__MetalUnitConversionSuccess.py
maintained_test	python/tests/software_verification/ksdft2effmass/units/test__MetalUnitInventory.py
maintained_test	python/tests/software_verification/ksdft2effmass/units/test__UnitScalar.py
maintained_test	python/tests/software_verification/ksdft2effmass/units/test__units_public_api.py
maintained_test	python/tests/software_verification/ksdft2effmass/workflows/_cpn_adapter_fixtures.py
maintained_test	python/tests/software_verification/ksdft2effmass/workflows/artifacts/test__artifact_manifest_contract.py
maintained_test	python/tests/software_verification/ksdft2effmass/workflows/control/__init__.py
maintained_test	python/tests/software_verification/ksdft2effmass/workflows/control/test__ScientificExecutionAuthorityGrant.py
maintained_test	python/tests/software_verification/ksdft2effmass/workflows/control/test__ScientificExecutionAuthoritySnapshot.py
maintained_test	python/tests/software_verification/ksdft2effmass/workflows/control/test__ScientificExecutionAuthorityVerificationKind.py
maintained_test	python/tests/software_verification/ksdft2effmass/workflows/control/test__ScientificExecutionGrantState.py
maintained_test	python/tests/software_verification/ksdft2effmass/workflows/control/test__SimulationDispatchAdapter.py
maintained_test	python/tests/software_verification/ksdft2effmass/workflows/control/test__SimulationDispatchAdapterResult.py
maintained_test	python/tests/software_verification/ksdft2effmass/workflows/control/test__SimulationDispatchAdapterResultKind.py
maintained_test	python/tests/software_verification/ksdft2effmass/workflows/control/test__SimulationDispatchClaimOutcomeKind.py
maintained_test	python/tests/software_verification/ksdft2effmass/workflows/control/test__SimulationDispatchClaimPreparer.py
maintained_test	python/tests/software_verification/ksdft2effmass/workflows/control/test__SimulationDispatchClaimRequest.py
maintained_test	python/tests/software_verification/ksdft2effmass/workflows/control/test__SimulationDispatchClaimResult.py
maintained_test	python/tests/software_verification/ksdft2effmass/workflows/control/test__SimulationDispatchEffect.py
maintained_test	python/tests/software_verification/ksdft2effmass/workflows/control/test__SimulationDispatchEffectRequest.py
maintained_test	python/tests/software_verification/ksdft2effmass/workflows/control/test__SimulationDispatchEntryResult.py
maintained_test	python/tests/software_verification/ksdft2effmass/workflows/control/test__SimulationDispatchOutcome.py
maintained_test	python/tests/software_verification/ksdft2effmass/workflows/control/test__SimulationDispatchPreparationOutcomeKind.py
maintained_test	python/tests/software_verification/ksdft2effmass/workflows/control/test__SimulationDispatchPreparationRequest.py
maintained_test	python/tests/software_verification/ksdft2effmass/workflows/control/test__SimulationDispatchPreparationResult.py
maintained_test	python/tests/software_verification/ksdft2effmass/workflows/control/test__SimulationDispatchPreparer.py
maintained_test	python/tests/software_verification/ksdft2effmass/workflows/control/test__SimulationDispatchReconciler.py
maintained_test	python/tests/software_verification/ksdft2effmass/workflows/control/test__SimulationDispatchReconciliationOutcomeKind.py
maintained_test	python/tests/software_verification/ksdft2effmass/workflows/control/test__SimulationDispatchReconciliationRequest.py
maintained_test	python/tests/software_verification/ksdft2effmass/workflows/control/test__SimulationDispatchReconciliationResult.py
maintained_test	python/tests/software_verification/ksdft2effmass/workflows/control/test__SimulationDispatchRequest.py
maintained_test	python/tests/software_verification/ksdft2effmass/workflows/control/test__SimulationDispatchResultIngressOutcomeKind.py
maintained_test	python/tests/software_verification/ksdft2effmass/workflows/control/test__SimulationDispatchResultIngressPreparer.py
maintained_test	python/tests/software_verification/ksdft2effmass/workflows/control/test__SimulationDispatchResultIngressRequest.py
maintained_test	python/tests/software_verification/ksdft2effmass/workflows/control/test__SimulationDispatchResultIngressResult.py
maintained_test	python/tests/software_verification/ksdft2effmass/workflows/control/test__SimulationExecutionAuthorizationOutcomeKind.py
maintained_test	python/tests/software_verification/ksdft2effmass/workflows/control/test__SimulationExecutionAuthorizationPhase.py
maintained_test	python/tests/software_verification/ksdft2effmass/workflows/control/test__SimulationExecutionAuthorizationRequest.py
maintained_test	python/tests/software_verification/ksdft2effmass/workflows/control/test__SimulationExecutionAuthorizationResult.py
maintained_test	python/tests/software_verification/ksdft2effmass/workflows/control/test__SimulationExecutionAuthorizer.py
maintained_test	python/tests/software_verification/ksdft2effmass/workflows/control/test__SimulationExecutionRequest.py
maintained_test	python/tests/software_verification/ksdft2effmass/workflows/control/test__WorkflowRunDispatchEntryCommitter.py
maintained_test	python/tests/software_verification/ksdft2effmass/workflows/control/test__dependency_direction.py
maintained_test	python/tests/software_verification/ksdft2effmass/workflows/control/test__public_api.py
maintained_test	python/tests/software_verification/ksdft2effmass/workflows/model/test__AllOfTaskActivationSelection.py
maintained_test	python/tests/software_verification/ksdft2effmass/workflows/model/test__AnyOfTaskActivationSelection.py
maintained_test	python/tests/software_verification/ksdft2effmass/workflows/model/test__AttemptIdentity.py
maintained_test	python/tests/software_verification/ksdft2effmass/workflows/model/test__DirectTaskActivationSelection.py
maintained_test	python/tests/software_verification/ksdft2effmass/workflows/model/test__OperationIdentity.py
maintained_test	python/tests/software_verification/ksdft2effmass/workflows/model/test__ResultObject.py
maintained_test	python/tests/software_verification/ksdft2effmass/workflows/model/test__ResultObjectIdentity.py
maintained_test	python/tests/software_verification/ksdft2effmass/workflows/model/test__Task.py
maintained_test	python/tests/software_verification/ksdft2effmass/workflows/model/test__TaskActivation.py
maintained_test	python/tests/software_verification/ksdft2effmass/workflows/model/test__TaskActivationIdentity.py
maintained_test	python/tests/software_verification/ksdft2effmass/workflows/model/test__TaskDefinitionIdentity.py
maintained_test	python/tests/software_verification/ksdft2effmass/workflows/model/test__TaskExecutionContext.py
maintained_test	python/tests/software_verification/ksdft2effmass/workflows/model/test__TaskGateSelection.py
maintained_test	python/tests/software_verification/ksdft2effmass/workflows/model/test__TaskInputBinding.py
maintained_test	python/tests/software_verification/ksdft2effmass/workflows/model/test__TaskInstance.py
maintained_test	python/tests/software_verification/ksdft2effmass/workflows/model/test__TaskInstanceIdentity.py
maintained_test	python/tests/software_verification/ksdft2effmass/workflows/model/test__TaskStartGate.py
maintained_test	python/tests/software_verification/ksdft2effmass/workflows/model/test__TaskStartGateIdentity.py
maintained_test	python/tests/software_verification/ksdft2effmass/workflows/model/test__TaskStartGateSet.py
maintained_test	python/tests/software_verification/ksdft2effmass/workflows/model/test__TaskStartGateSetIdentity.py
maintained_test	python/tests/software_verification/ksdft2effmass/workflows/model/test__TaskStartGateSetMode.py
maintained_test	python/tests/software_verification/ksdft2effmass/workflows/model/test__Workflow.py
maintained_test	python/tests/software_verification/ksdft2effmass/workflows/model/test__WorkflowComposition.py
maintained_test	python/tests/software_verification/ksdft2effmass/workflows/model/test__WorkflowIdentity.py
maintained_test	python/tests/software_verification/ksdft2effmass/workflows/model/test__WorkflowRunIdentity.py
maintained_test	python/tests/software_verification/ksdft2effmass/workflows/persistence/conftest.py
maintained_test	python/tests/software_verification/ksdft2effmass/workflows/persistence/test__WorkflowEncodedResultValue.py
maintained_test	python/tests/software_verification/ksdft2effmass/workflows/persistence/test__WorkflowEncodedRun.py
maintained_test	python/tests/software_verification/ksdft2effmass/workflows/persistence/test__WorkflowPersistenceFailure.py
maintained_test	python/tests/software_verification/ksdft2effmass/workflows/persistence/test__WorkflowResultValueDecodeResult.py
maintained_test	python/tests/software_verification/ksdft2effmass/workflows/persistence/test__WorkflowResultValueEncodeResult.py
maintained_test	python/tests/software_verification/ksdft2effmass/workflows/persistence/test__WorkflowResultValueSerializer.py
maintained_test	python/tests/software_verification/ksdft2effmass/workflows/persistence/test__WorkflowRunAtomicRepository.py
maintained_test	python/tests/software_verification/ksdft2effmass/workflows/persistence/test__WorkflowRunAtomicRepository__nested_history.py
maintained_test	python/tests/software_verification/ksdft2effmass/workflows/persistence/test__WorkflowRunClaimLoadResult.py
maintained_test	python/tests/software_verification/ksdft2effmass/workflows/persistence/test__WorkflowRunCommitBinding.py
maintained_test	python/tests/software_verification/ksdft2effmass/workflows/persistence/test__WorkflowRunDecodeResult.py
maintained_test	python/tests/software_verification/ksdft2effmass/workflows/persistence/test__WorkflowRunEncodeResult.py
maintained_test	python/tests/software_verification/ksdft2effmass/workflows/persistence/test__WorkflowRunLoadResult.py
maintained_test	python/tests/software_verification/ksdft2effmass/workflows/persistence/test__WorkflowRunSerializer.py
maintained_test	python/tests/software_verification/ksdft2effmass/workflows/persistence/test__WorkflowRunSerializer__authority.py
maintained_test	python/tests/software_verification/ksdft2effmass/workflows/persistence/test__WorkflowRunSerializer__codec_failures.py
maintained_test	python/tests/software_verification/ksdft2effmass/workflows/persistence/test__WorkflowRunSerializer__dispatch.py
maintained_test	python/tests/software_verification/ksdft2effmass/workflows/persistence/test__WorkflowRunSerializer__history.py
maintained_test	python/tests/software_verification/ksdft2effmass/workflows/persistence/test__WorkflowRunSerializer__nested.py
maintained_test	python/tests/software_verification/ksdft2effmass/workflows/persistence/test__WorkflowRunSerializer__nested_extension.py
maintained_test	python/tests/software_verification/ksdft2effmass/workflows/persistence/test__WorkflowRunSerializer__provenance.py
maintained_test	python/tests/software_verification/ksdft2effmass/workflows/persistence/test__WorkflowRunSerializer__results.py
maintained_test	python/tests/software_verification/ksdft2effmass/workflows/persistence/test__WorkflowRunSerializer__task_decision_history.py
maintained_test	python/tests/software_verification/ksdft2effmass/workflows/persistence/test__WorkflowRunSerializer__task_model.py
maintained_test	python/tests/software_verification/ksdft2effmass/workflows/persistence/test__WorkflowRunSnapshot.py
maintained_test	python/tests/software_verification/ksdft2effmass/workflows/persistence/test__WorkflowRunTransaction.py
maintained_test	python/tests/software_verification/ksdft2effmass/workflows/persistence/test__WorkflowRunTransactionValidator.py
maintained_test	python/tests/software_verification/ksdft2effmass/workflows/persistence/test__WorkflowRunValidationResult.py
maintained_test	python/tests/software_verification/ksdft2effmass/workflows/persistence/test__WorkflowRunWriteResult.py
maintained_test	python/tests/software_verification/ksdft2effmass/workflows/runs/__init__.py
maintained_test	python/tests/software_verification/ksdft2effmass/workflows/runs/aggregate/test__WorkflowRun.py
maintained_test	python/tests/software_verification/ksdft2effmass/workflows/runs/authority/__init__.py
maintained_test	python/tests/software_verification/ksdft2effmass/workflows/runs/authority/test__SimulationDispatchEntryReceipt.py
maintained_test	python/tests/software_verification/ksdft2effmass/workflows/runs/authority/test__WorkflowRunClaimCommitReceipt.py
maintained_test	python/tests/software_verification/ksdft2effmass/workflows/runs/authority/test__WorkflowRunClaimCommitReceiptIdentity.py
maintained_test	python/tests/software_verification/ksdft2effmass/workflows/runs/identities/test__AuthorityContextIdentity.py
maintained_test	python/tests/software_verification/ksdft2effmass/workflows/runs/identities/test__AuthorityReservationOutcomeIdentity.py
maintained_test	python/tests/software_verification/ksdft2effmass/workflows/runs/identities/test__BoundaryReceiptIdentity.py
maintained_test	python/tests/software_verification/ksdft2effmass/workflows/runs/identities/test__ChildWorkflowCreationIdempotencyIdentity.py
maintained_test	python/tests/software_verification/ksdft2effmass/workflows/runs/identities/test__DispatchCreationIdempotencyIdentity.py
maintained_test	python/tests/software_verification/ksdft2effmass/workflows/runs/identities/test__DispatchDestinationIdentity.py
maintained_test	python/tests/software_verification/ksdft2effmass/workflows/runs/identities/test__DispatchObservationRecordIdentity.py
maintained_test	python/tests/software_verification/ksdft2effmass/workflows/runs/identities/test__DispatchOutcomeRecordIdentity.py
maintained_test	python/tests/software_verification/ksdft2effmass/workflows/runs/identities/test__DispatchResourceScopeIdentity.py
maintained_test	python/tests/software_verification/ksdft2effmass/workflows/runs/identities/test__ExecutionGrantIdentity.py
maintained_test	python/tests/software_verification/ksdft2effmass/workflows/runs/identities/test__ExecutionGrantRevisionIdentity.py
maintained_test	python/tests/software_verification/ksdft2effmass/workflows/runs/identities/test__ExternalProducerAttemptIdentity.py
maintained_test	python/tests/software_verification/ksdft2effmass/workflows/runs/identities/test__ExternalResultProducerIdentity.py
maintained_test	python/tests/software_verification/ksdft2effmass/workflows/runs/identities/test__HumanResultAuthorIdentity.py
maintained_test	python/tests/software_verification/ksdft2effmass/workflows/runs/identities/test__NativeOutputAdmissionIdentity.py
maintained_test	python/tests/software_verification/ksdft2effmass/workflows/runs/identities/test__NestedWorkflowInvocationIdentity.py
maintained_test	python/tests/software_verification/ksdft2effmass/workflows/runs/identities/test__NestedWorkflowInvocationIntentIdentity.py
maintained_test	python/tests/software_verification/ksdft2effmass/workflows/runs/identities/test__NestedWorkflowMembershipIdentity.py
maintained_test	python/tests/software_verification/ksdft2effmass/workflows/runs/identities/test__NestedWorkflowObservationIdentity.py
maintained_test	python/tests/software_verification/ksdft2effmass/workflows/runs/identities/test__ObligationDispositionIdentity.py
maintained_test	python/tests/software_verification/ksdft2effmass/workflows/runs/identities/test__ObligationIdentity.py
maintained_test	python/tests/software_verification/ksdft2effmass/workflows/runs/identities/test__ResponseSourceIdentity.py
maintained_test	python/tests/software_verification/ksdft2effmass/workflows/runs/identities/test__ResultDependencyIdentity.py
maintained_test	python/tests/software_verification/ksdft2effmass/workflows/runs/identities/test__ResultObjectContentIdentity.py
maintained_test	python/tests/software_verification/ksdft2effmass/workflows/runs/identities/test__ResultObjectDomainIdentity.py
maintained_test	python/tests/software_verification/ksdft2effmass/workflows/runs/identities/test__ResultObjectReferenceIdentity.py
maintained_test	python/tests/software_verification/ksdft2effmass/workflows/runs/identities/test__ResultObjectTypeIdentity.py
maintained_test	python/tests/software_verification/ksdft2effmass/workflows/runs/identities/test__ResultProducerEvidenceIdentity.py
maintained_test	python/tests/software_verification/ksdft2effmass/workflows/runs/identities/test__ResultProducerProvenanceIdentity.py
maintained_test	python/tests/software_verification/ksdft2effmass/workflows/runs/identities/test__ResultProductionRecordIdentity.py
maintained_test	python/tests/software_verification/ksdft2effmass/workflows/runs/identities/test__RetainedResultSourceIdentity.py
maintained_test	python/tests/software_verification/ksdft2effmass/workflows/runs/identities/test__ScientificDecisionOptionIdentity.py
maintained_test	python/tests/software_verification/ksdft2effmass/workflows/runs/identities/test__ScientificDecisionRecorderIdentity.py
maintained_test	python/tests/software_verification/ksdft2effmass/workflows/runs/identities/test__ScientificDecisionRequestIdentity.py
maintained_test	python/tests/software_verification/ksdft2effmass/workflows/runs/identities/test__ScientificDecisionTransitionRecordIdentity.py
maintained_test	python/tests/software_verification/ksdft2effmass/workflows/runs/identities/test__ScientificExecutionAuthoritySnapshotIdentity.py
maintained_test	python/tests/software_verification/ksdft2effmass/workflows/runs/identities/test__ScientificExecutionAuthorityStateIdentity.py
maintained_test	python/tests/software_verification/ksdft2effmass/workflows/runs/identities/test__ScientificExecutorIdentity.py
maintained_test	python/tests/software_verification/ksdft2effmass/workflows/runs/identities/test__SimulationDispatchEntryIdentity.py
maintained_test	python/tests/software_verification/ksdft2effmass/workflows/runs/identities/test__SimulationDispatchEntryReceiptIdentity.py
maintained_test	python/tests/software_verification/ksdft2effmass/workflows/runs/identities/test__SimulationDispatchObservationIdentity.py
maintained_test	python/tests/software_verification/ksdft2effmass/workflows/runs/identities/test__SimulationDispatchOutcomeIdentity.py
maintained_test	python/tests/software_verification/ksdft2effmass/workflows/runs/identities/test__SimulationExecutionAuthorizationResultIdentity.py
maintained_test	python/tests/software_verification/ksdft2effmass/workflows/runs/identities/test__SimulationExecutionRequestCorrelationIdentity.py
maintained_test	python/tests/software_verification/ksdft2effmass/workflows/runs/identities/test__SimulationExecutionRequestIdentity.py
maintained_test	python/tests/software_verification/ksdft2effmass/workflows/runs/identities/test__TaskAttemptRecordIdentity.py
maintained_test	python/tests/software_verification/ksdft2effmass/workflows/runs/identities/test__TaskFailureRecordIdentity.py
maintained_test	python/tests/software_verification/ksdft2effmass/workflows/runs/identities/test__TaskInvocationFailureIdentity.py
maintained_test	python/tests/software_verification/ksdft2effmass/workflows/runs/identities/test__TaskInvocationOutcomeIdentity.py
maintained_test	python/tests/software_verification/ksdft2effmass/workflows/runs/identities/test__TaskWorkflowMembershipIdentity.py
maintained_test	python/tests/software_verification/ksdft2effmass/workflows/runs/identities/test__TaskWorkflowTransitionRecordIdentity.py
maintained_test	python/tests/software_verification/ksdft2effmass/workflows/runs/identities/test__WorkflowDefinitionReferenceIdentity.py
maintained_test	python/tests/software_verification/ksdft2effmass/workflows/runs/identities/test__WorkflowRunReplayResultIdentity.py
maintained_test	python/tests/software_verification/ksdft2effmass/workflows/runs/identities/test__WorkflowRunRevisionIdentity.py
maintained_test	python/tests/software_verification/ksdft2effmass/workflows/runs/identities/test__WorkflowRuntimeBundleIdentity.py
maintained_test	python/tests/software_verification/ksdft2effmass/workflows/runs/identities/test__WorkflowTransitionSequenceIdentity.py
maintained_test	python/tests/software_verification/ksdft2effmass/workflows/runs/records/test__AuthorityReservationOutcome.py
maintained_test	python/tests/software_verification/ksdft2effmass/workflows/runs/records/test__AuthorityReservationOutcomeKind.py
maintained_test	python/tests/software_verification/ksdft2effmass/workflows/runs/records/test__DispatchObservationRecord.py
maintained_test	python/tests/software_verification/ksdft2effmass/workflows/runs/records/test__DispatchOutcomeKind.py
maintained_test	python/tests/software_verification/ksdft2effmass/workflows/runs/records/test__DispatchOutcomeRecord.py
maintained_test	python/tests/software_verification/ksdft2effmass/workflows/runs/records/test__ExternalResultProducer.py
maintained_test	python/tests/software_verification/ksdft2effmass/workflows/runs/records/test__HumanAuthoredResultProducer.py
maintained_test	python/tests/software_verification/ksdft2effmass/workflows/runs/records/test__ImportedRetainedResultProducer.py
maintained_test	python/tests/software_verification/ksdft2effmass/workflows/runs/records/test__NativeOutputAdmission.py
maintained_test	python/tests/software_verification/ksdft2effmass/workflows/runs/records/test__NestedWorkflowInvocation.py
maintained_test	python/tests/software_verification/ksdft2effmass/workflows/runs/records/test__NestedWorkflowInvocationIntent.py
maintained_test	python/tests/software_verification/ksdft2effmass/workflows/runs/records/test__NestedWorkflowInvocationKind.py
maintained_test	python/tests/software_verification/ksdft2effmass/workflows/runs/records/test__NestedWorkflowMembership.py
maintained_test	python/tests/software_verification/ksdft2effmass/workflows/runs/records/test__NestedWorkflowTerminalObservation.py
maintained_test	python/tests/software_verification/ksdft2effmass/workflows/runs/records/test__NestedWorkflowTerminalObservationKind.py
maintained_test	python/tests/software_verification/ksdft2effmass/workflows/runs/records/test__ObligationDisposition.py
maintained_test	python/tests/software_verification/ksdft2effmass/workflows/runs/records/test__ObligationDispositionKind.py
maintained_test	python/tests/software_verification/ksdft2effmass/workflows/runs/records/test__RepresentedScientificDecisionIngressProducer.py
maintained_test	python/tests/software_verification/ksdft2effmass/workflows/runs/records/test__RepresentedTaskResultProducer.py
maintained_test	python/tests/software_verification/ksdft2effmass/workflows/runs/records/test__ResultDependency.py
maintained_test	python/tests/software_verification/ksdft2effmass/workflows/runs/records/test__ResultObjectReference.py
maintained_test	python/tests/software_verification/ksdft2effmass/workflows/runs/records/test__ResultProductionRecord.py
maintained_test	python/tests/software_verification/ksdft2effmass/workflows/runs/records/test__ScientificDecisionOption.py
maintained_test	python/tests/software_verification/ksdft2effmass/workflows/runs/records/test__ScientificDecisionRequest.py
maintained_test	python/tests/software_verification/ksdft2effmass/workflows/runs/records/test__ScientificDecisionResolution.py
maintained_test	python/tests/software_verification/ksdft2effmass/workflows/runs/records/test__ScientificDecisionWorkflowTransitionRecord.py
maintained_test	python/tests/software_verification/ksdft2effmass/workflows/runs/records/test__ScientificExecutionAuthorityReference.py
maintained_test	python/tests/software_verification/ksdft2effmass/workflows/runs/records/test__SimulationDispatchEntry.py
maintained_test	python/tests/software_verification/ksdft2effmass/workflows/runs/records/test__SimulationDispatchObligation.py
maintained_test	python/tests/software_verification/ksdft2effmass/workflows/runs/records/test__SimulationExecutionRequestCorrelation.py
maintained_test	python/tests/software_verification/ksdft2effmass/workflows/runs/records/test__TaskAttempt.py
maintained_test	python/tests/software_verification/ksdft2effmass/workflows/runs/records/test__TaskAttemptStatus.py
maintained_test	python/tests/software_verification/ksdft2effmass/workflows/runs/records/test__TaskFailureRecord.py
maintained_test	python/tests/software_verification/ksdft2effmass/workflows/runs/records/test__TaskInvocationFailure.py
maintained_test	python/tests/software_verification/ksdft2effmass/workflows/runs/records/test__TaskInvocationOutcome.py
maintained_test	python/tests/software_verification/ksdft2effmass/workflows/runs/records/test__TaskInvocationOutcomeKind.py
maintained_test	python/tests/software_verification/ksdft2effmass/workflows/runs/records/test__TaskWorkflowMembership.py
maintained_test	python/tests/software_verification/ksdft2effmass/workflows/runs/records/test__TaskWorkflowTransitionRecord.py
maintained_test	python/tests/software_verification/ksdft2effmass/workflows/runs/records/test__UnknownLegacyResultProducer.py
maintained_test	python/tests/software_verification/ksdft2effmass/workflows/runs/records/test__WorkflowDefinitionReference.py
maintained_test	python/tests/software_verification/ksdft2effmass/workflows/runs/records/test__dispatch_obligation_correlation.py
maintained_test	python/tests/software_verification/ksdft2effmass/workflows/runs/records/test__scientific_decision_ingress_agreement.py
maintained_test	python/tests/software_verification/ksdft2effmass/workflows/runs/replay/test__WorkflowRunReplayIssue.py
maintained_test	python/tests/software_verification/ksdft2effmass/workflows/runs/replay/test__WorkflowRunReplayIssueCode.py
maintained_test	python/tests/software_verification/ksdft2effmass/workflows/runs/replay/test__WorkflowRunReplayOutcomeKind.py
maintained_test	python/tests/software_verification/ksdft2effmass/workflows/runs/replay/test__WorkflowRunReplayResult.py
maintained_test	python/tests/software_verification/ksdft2effmass/workflows/runs/replay/test__WorkflowRunReplayer.py
maintained_test	python/tests/software_verification/ksdft2effmass/workflows/runs/replay/test__WorkflowRuntimeBundle.py
maintained_test	python/tests/software_verification/ksdft2effmass/workflows/runs/test__public_api.py
maintained_test	python/tests/software_verification/ksdft2effmass/workflows/runs/test__result_producer_variants.py
maintained_test	python/tests/software_verification/ksdft2effmass/workflows/test__ColoredPetriNetWorkflowAdapter.py
maintained_test	python/tests/software_verification/ksdft2effmass/workflows/test__NormalizedObservationAssembler.py
maintained_test	python/tests/software_verification/ksdft2effmass/workflows/test__OperatorRecordComparator.py
maintained_test	python/tests/software_verification/ksdft2effmass/workflows/test__cpn_adapter_public_contract.py
maintained_test	python/tests/software_verification/ksdft2effmass/workflows/test__dft_scf_bands_internal_slice.py
maintained_test	python/tests/software_verification/ksdft2effmass/workflows/test__dft_scf_nscf_dos_cpn_composition.py
maintained_test	python/tests/software_verification/ksdft2effmass/workflows/test__retained_silicon_band_probe.py
maintained_test	python/tests/software_verification/ksdft2effmass/workflows/test__retained_silicon_dos_probe.py
maintained_test	python/tests/test__import.py
other_first_party_python	.pi/evidence/backend-neutral-cpn-P1-contract/validate_test_ownership.py
other_first_party_python	.pi/evidence/class-owned-evidence-convention/validate.py
other_first_party_python	.pi/evidence/pi-harness-incubation/H4/validate_h4_completion.py
other_first_party_python	calculations/research-monograph/harmonic-oscillator/plot_result.py
other_first_party_python	calculations/research-monograph/harmonic-oscillator/run_experiment.py
other_first_party_python	calculations/research-monograph/harmonic-oscillator/verify_result.py
other_first_party_python	calculations/research-monograph/impurity-defect-1d-analytical-oracle/plot_result.py
other_first_party_python	calculations/research-monograph/impurity-defect-1d-analytical-oracle/run_experiment.py
other_first_party_python	calculations/research-monograph/impurity-defect-1d-analytical-oracle/verify_result.py
other_first_party_python	calculations/research-monograph/impurity-defect-1d-blind-alignment/plot_result.py
other_first_party_python	calculations/research-monograph/impurity-defect-1d-blind-alignment/run_experiment.py
other_first_party_python	calculations/research-monograph/impurity-defect-1d-blind-alignment/verify_result.py
other_first_party_python	calculations/research-monograph/impurity-defect-1d-continuum-refinement/plot_result.py
other_first_party_python	calculations/research-monograph/impurity-defect-1d-continuum-refinement/run_experiment.py
other_first_party_python	calculations/research-monograph/impurity-defect-1d-continuum-refinement/verify_result.py
other_first_party_python	calculations/research-monograph/impurity-defect-1d-independent-route/plot_result.py
other_first_party_python	calculations/research-monograph/impurity-defect-1d-independent-route/run_experiment.py
other_first_party_python	calculations/research-monograph/impurity-defect-1d-independent-route/verify_result.py
other_first_party_python	calculations/research-monograph/impurity-defect-1d/plot_result.py
other_first_party_python	calculations/research-monograph/impurity-defect-1d/run_experiment.py
other_first_party_python	calculations/research-monograph/impurity-defect-1d/verify_result.py
other_first_party_python	calculations/research-monograph/impurity-defect-2d/plot_stage_b.py
other_first_party_python	calculations/research-monograph/impurity-defect-2d/plot_stage_c_parent.py
other_first_party_python	calculations/research-monograph/impurity-defect-2d/run_stage_a.py
other_first_party_python	calculations/research-monograph/impurity-defect-2d/run_stage_b.py
other_first_party_python	calculations/research-monograph/impurity-defect-2d/run_stage_c.py
other_first_party_python	calculations/research-monograph/impurity-defect-2d/run_stage_c_parent.py
other_first_party_python	calculations/research-monograph/impurity-defect-2d/verify_stage_a.py
other_first_party_python	calculations/research-monograph/impurity-defect-2d/verify_stage_b.py
other_first_party_python	calculations/research-monograph/impurity-defect-2d/verify_stage_c.py
other_first_party_python	calculations/research-monograph/impurity-defect-2d/verify_stage_c_parent.py
other_first_party_python	calculations/research-monograph/impurity-spin-spaces/plot_result.py
other_first_party_python	calculations/research-monograph/impurity-spin-spaces/run_experiment.py
other_first_party_python	calculations/research-monograph/impurity-spin-spaces/verify_result.py
other_first_party_python	calculations/research-monograph/particle-in-box/plot_convergence.py
other_first_party_python	calculations/research-monograph/particle-in-box/plot_eigenpair_sweep.py
other_first_party_python	calculations/research-monograph/particle-in-box/plot_identifiability.py
other_first_party_python	calculations/research-monograph/particle-in-box/plot_norm_sweep.py
other_first_party_python	calculations/research-monograph/particle-in-box/plot_results.py
other_first_party_python	calculations/research-monograph/particle-in-box/run_convergence.py
other_first_party_python	calculations/research-monograph/particle-in-box/run_eigenpair_sweep.py
other_first_party_python	calculations/research-monograph/particle-in-box/run_experiment.py
other_first_party_python	calculations/research-monograph/particle-in-box/run_identifiability.py
other_first_party_python	calculations/research-monograph/particle-in-box/run_norm_sweep.py
other_first_party_python	calculations/research-monograph/particle-in-box/verify_convergence.py
other_first_party_python	calculations/research-monograph/particle-in-box/verify_eigenpair_sweep.py
other_first_party_python	calculations/research-monograph/particle-in-box/verify_identifiability.py
other_first_party_python	calculations/research-monograph/particle-in-box/verify_norm_sweep.py
other_first_party_python	calculations/research-monograph/particle-in-box/verify_result.py
other_first_party_python	calculations/research-monograph/periodic-1d/extract_wannier90.py
other_first_party_python	calculations/research-monograph/periodic-1d/plot_composite.py
other_first_party_python	calculations/research-monograph/periodic-1d/plot_result.py
other_first_party_python	calculations/research-monograph/periodic-1d/plot_stress.py
other_first_party_python	calculations/research-monograph/periodic-1d/plot_wannier90.py
other_first_party_python	calculations/research-monograph/periodic-1d/prepare_wannier90.py
other_first_party_python	calculations/research-monograph/periodic-1d/run_composite.py
other_first_party_python	calculations/research-monograph/periodic-1d/run_experiment.py
other_first_party_python	calculations/research-monograph/periodic-1d/run_stress.py
other_first_party_python	calculations/research-monograph/periodic-1d/verify_composite.py
other_first_party_python	calculations/research-monograph/periodic-1d/verify_result.py
other_first_party_python	calculations/research-monograph/periodic-1d/verify_stress.py
other_first_party_python	calculations/research-monograph/periodic-1d/verify_wannier90.py
other_first_party_python	calculations/research-monograph/periodic-2d-optimizer-basin/analyze_standalone_convergence_regression.py
other_first_party_python	calculations/research-monograph/periodic-2d-optimizer-basin/execute_standalone_study.py
other_first_party_python	calculations/research-monograph/periodic-2d-optimizer-basin/execute_study.py
other_first_party_python	calculations/research-monograph/periodic-2d-optimizer-basin/extract_standalone_results.py
other_first_party_python	calculations/research-monograph/periodic-2d-optimizer-basin/extract_study.py
other_first_party_python	calculations/research-monograph/periodic-2d-optimizer-basin/generate_standalone_starts.py
other_first_party_python	calculations/research-monograph/periodic-2d-optimizer-basin/plot_reanalysis.py
other_first_party_python	calculations/research-monograph/periodic-2d-optimizer-basin/plot_standalone_convergence_regression.py
other_first_party_python	calculations/research-monograph/periodic-2d-optimizer-basin/plot_standalone_results.py
other_first_party_python	calculations/research-monograph/periodic-2d-optimizer-basin/plot_study.py
other_first_party_python	calculations/research-monograph/periodic-2d-optimizer-basin/reanalyze_study.py
other_first_party_python	calculations/research-monograph/periodic-2d-optimizer-basin/resume_standalone_continuations.py
other_first_party_python	calculations/research-monograph/periodic-2d-optimizer-basin/verify_native_evidence_archive.py
other_first_party_python	calculations/research-monograph/periodic-2d-optimizer-basin/verify_reanalysis.py
other_first_party_python	calculations/research-monograph/periodic-2d-optimizer-basin/verify_standalone_archive.py
other_first_party_python	calculations/research-monograph/periodic-2d-optimizer-basin/verify_standalone_convergence_regression.py
other_first_party_python	calculations/research-monograph/periodic-2d-optimizer-basin/verify_standalone_execution.py
other_first_party_python	calculations/research-monograph/periodic-2d-optimizer-basin/verify_standalone_proposal.py
other_first_party_python	calculations/research-monograph/periodic-2d-optimizer-basin/verify_standalone_results.py
other_first_party_python	calculations/research-monograph/periodic-2d-optimizer-basin/verify_study.py
other_first_party_python	calculations/research-monograph/periodic-2d/execute_wannier90_study.py
other_first_party_python	calculations/research-monograph/periodic-2d/extract_wannier90.py
other_first_party_python	calculations/research-monograph/periodic-2d/extract_wannier90_study.py
other_first_party_python	calculations/research-monograph/periodic-2d/plot_composite.py
other_first_party_python	calculations/research-monograph/periodic-2d/plot_result.py
other_first_party_python	calculations/research-monograph/periodic-2d/plot_topological.py
other_first_party_python	calculations/research-monograph/periodic-2d/plot_topological_phase_sweep.py
other_first_party_python	calculations/research-monograph/periodic-2d/plot_wannier90_balanced.py
other_first_party_python	calculations/research-monograph/periodic-2d/plot_wannier90_study.py
other_first_party_python	calculations/research-monograph/periodic-2d/prepare_wannier90.py
other_first_party_python	calculations/research-monograph/periodic-2d/run_composite.py
other_first_party_python	calculations/research-monograph/periodic-2d/run_experiment.py
other_first_party_python	calculations/research-monograph/periodic-2d/run_topological.py
other_first_party_python	calculations/research-monograph/periodic-2d/run_topological_phase_sweep.py
other_first_party_python	calculations/research-monograph/periodic-2d/verify_composite.py
other_first_party_python	calculations/research-monograph/periodic-2d/verify_native_evidence_archive.py
other_first_party_python	calculations/research-monograph/periodic-2d/verify_result.py
other_first_party_python	calculations/research-monograph/periodic-2d/verify_topological.py
other_first_party_python	calculations/research-monograph/periodic-2d/verify_topological_phase_sweep.py
other_first_party_python	calculations/research-monograph/periodic-2d/verify_wannier90_balanced.py
other_first_party_python	calculations/research-monograph/periodic-2d/verify_wannier90_execution.py
other_first_party_python	calculations/research-monograph/periodic-2d/verify_wannier90_study.py
other_first_party_python	docs/conf.py
phase2_view	.pi/task-ownership/python.architecture-refactor.architecture-conformance.dependency-graph-views.json
phase2_view	.pi/task-ownership/python.architecture-refactor.architecture-conformance.production-facts.json
phase2_view	tasks/software/python.architecture-refactor.architecture-conformance.dependency-graph-views.json
phase2_view	tasks/software/python.architecture-refactor.architecture-conformance.production-facts.json
production_module	python/src/ksdft2effmass/__init__.py
production_module	python/src/ksdft2effmass/analysis/__init__.py
production_module	python/src/ksdft2effmass/analysis/_band_comparison.py
production_module	python/src/ksdft2effmass/analysis/_band_observations.py
production_module	python/src/ksdft2effmass/analysis/_parameter_study.py
production_module	python/src/ksdft2effmass/analysis/qoi.py
production_module	python/src/ksdft2effmass/analysis/result_values.py
production_module	python/src/ksdft2effmass/application/__init__.py
production_module	python/src/ksdft2effmass/application/result_values.py
production_module	python/src/ksdft2effmass/calculators/__init__.py
production_module	python/src/ksdft2effmass/calculators/dft/__init__.py
production_module	python/src/ksdft2effmass/calculators/dft/pw/__init__.py
production_module	python/src/ksdft2effmass/calculators/dft/pw/_calculator.py
production_module	python/src/ksdft2effmass/calculators/dft/pw/_specification.py
production_module	python/src/ksdft2effmass/campaigns/__init__.py
production_module	python/src/ksdft2effmass/campaigns/_bulk_silicon_production_convergence.py
production_module	python/src/ksdft2effmass/campaigns/_plane_wave_study.py
production_module	python/src/ksdft2effmass/electronic_structure/__init__.py
production_module	python/src/ksdft2effmass/electronic_structure/sampling.py
production_module	python/src/ksdft2effmass/harness/__init__.py
production_module	python/src/ksdft2effmass/harness/_compiler_serialization.py
production_module	python/src/ksdft2effmass/harness/_contract.py
production_module	python/src/ksdft2effmass/harness/authority.py
production_module	python/src/ksdft2effmass/harness/cli/__init__.py
production_module	python/src/ksdft2effmass/harness/cli/__main__.py
production_module	python/src/ksdft2effmass/harness/cli/harness_projection.py
production_module	python/src/ksdft2effmass/harness/cli/inspect_task_state.py
production_module	python/src/ksdft2effmass/harness/cli/main.py
production_module	python/src/ksdft2effmass/harness/cli/refresh_resource_manifest.py
production_module	python/src/ksdft2effmass/harness/cli/validate_agent_definitions.py
production_module	python/src/ksdft2effmass/harness/cli/validate_architecture_decision_cases.py
production_module	python/src/ksdft2effmass/harness/cli/validate_checkpoints.py
production_module	python/src/ksdft2effmass/harness/cli/validate_documentation_projection.py
production_module	python/src/ksdft2effmass/harness/cli/validate_evidence_repository_conformance.py
production_module	python/src/ksdft2effmass/harness/cli/validate_harness.py
production_module	python/src/ksdft2effmass/harness/cli/validate_local_harness_resources.py
production_module	python/src/ksdft2effmass/harness/cli/validate_production_conformance.py
production_module	python/src/ksdft2effmass/harness/cli/validate_python_conformance.py
production_module	python/src/ksdft2effmass/harness/cli/validate_skill_capabilities.py
production_module	python/src/ksdft2effmass/harness/cli/validate_task_ownership.py
production_module	python/src/ksdft2effmass/harness/compiler.py
production_module	python/src/ksdft2effmass/harness/configuration.py
production_module	python/src/ksdft2effmass/harness/conformance.py
production_module	python/src/ksdft2effmass/harness/decisions.py
production_module	python/src/ksdft2effmass/harness/identity.py
production_module	python/src/ksdft2effmass/harness/pi/__init__.py
production_module	python/src/ksdft2effmass/harness/pi/checkpoints.py
production_module	python/src/ksdft2effmass/harness/pi/checksums.py
production_module	python/src/ksdft2effmass/harness/pi/configuration.py
production_module	python/src/ksdft2effmass/harness/pi/conformance/__init__.py
production_module	python/src/ksdft2effmass/harness/pi/conformance/python/__init__.py
production_module	python/src/ksdft2effmass/harness/pi/conformance/python/callable_private.py
production_module	python/src/ksdft2effmass/harness/pi/conformance/python/corpus.py
production_module	python/src/ksdft2effmass/harness/pi/conformance/python/dependency_graph.py
production_module	python/src/ksdft2effmass/harness/pi/conformance/python/documentation.py
production_module	python/src/ksdft2effmass/harness/pi/conformance/python/evidence.py
production_module	python/src/ksdft2effmass/harness/pi/conformance/python/migration.py
production_module	python/src/ksdft2effmass/harness/pi/conformance/python/model.py
production_module	python/src/ksdft2effmass/harness/pi/conformance/python/naming.py
production_module	python/src/ksdft2effmass/harness/pi/conformance/python/nodes.py
production_module	python/src/ksdft2effmass/harness/pi/conformance/python/ownership.py
production_module	python/src/ksdft2effmass/harness/pi/conformance/python/parameterization.py
production_module	python/src/ksdft2effmass/harness/pi/conformance/python/parser.py
production_module	python/src/ksdft2effmass/harness/pi/conformance/python/production.py
production_module	python/src/ksdft2effmass/harness/pi/conformance/python/profile.py
production_module	python/src/ksdft2effmass/harness/pi/conformance/python/ratchet.py
production_module	python/src/ksdft2effmass/harness/pi/conformance/python/repository.py
production_module	python/src/ksdft2effmass/harness/pi/conformance/python/strict.py
production_module	python/src/ksdft2effmass/harness/pi/conformance/python/validation.py
production_module	python/src/ksdft2effmass/harness/pi/dbcontrol/__init__.py
production_module	python/src/ksdft2effmass/harness/pi/dbcontrol/database.py
production_module	python/src/ksdft2effmass/harness/pi/dbcontrol/documents.py
production_module	python/src/ksdft2effmass/harness/pi/dbcontrol/files.py
production_module	python/src/ksdft2effmass/harness/pi/dbcontrol/inspection.py
production_module	python/src/ksdft2effmass/harness/pi/human_review.py
production_module	python/src/ksdft2effmass/harness/pi/identity.py
production_module	python/src/ksdft2effmass/harness/pi/local/__init__.py
production_module	python/src/ksdft2effmass/harness/pi/local/_parsing.py
production_module	python/src/ksdft2effmass/harness/pi/local/adapters.py
production_module	python/src/ksdft2effmass/harness/pi/local/agent_definition_validation.py
production_module	python/src/ksdft2effmass/harness/pi/local/architecture_decision_case_validation.py
production_module	python/src/ksdft2effmass/harness/pi/local/checkpoint_validation.py
production_module	python/src/ksdft2effmass/harness/pi/local/conformance_inputs.py
production_module	python/src/ksdft2effmass/harness/pi/local/context.py
production_module	python/src/ksdft2effmass/harness/pi/local/control/__init__.py
production_module	python/src/ksdft2effmass/harness/pi/local/control/configuration_inputs.py
production_module	python/src/ksdft2effmass/harness/pi/local/control/generation.py
production_module	python/src/ksdft2effmass/harness/pi/local/control/inputs.py
production_module	python/src/ksdft2effmass/harness/pi/local/control/verification.py
production_module	python/src/ksdft2effmass/harness/pi/local/control_record_adapters.py
production_module	python/src/ksdft2effmass/harness/pi/local/dbcontrol/__init__.py
production_module	python/src/ksdft2effmass/harness/pi/local/dbcontrol/constants.py
production_module	python/src/ksdft2effmass/harness/pi/local/dbcontrol/database.py
production_module	python/src/ksdft2effmass/harness/pi/local/dbcontrol/encoding.py
production_module	python/src/ksdft2effmass/harness/pi/local/dbcontrol/ingestion.py
production_module	python/src/ksdft2effmass/harness/pi/local/dbcontrol/migration.py
production_module	python/src/ksdft2effmass/harness/pi/local/dbcontrol/projections.py
production_module	python/src/ksdft2effmass/harness/pi/local/dbcontrol/records.py
production_module	python/src/ksdft2effmass/harness/pi/local/dbcontrol/resources.py
production_module	python/src/ksdft2effmass/harness/pi/local/dbcontrol/schema.py
production_module	python/src/ksdft2effmass/harness/pi/local/dbcontrol/verification.py
production_module	python/src/ksdft2effmass/harness/pi/local/documentation_projection_validation.py
production_module	python/src/ksdft2effmass/harness/pi/local/evidence_adapters.py
production_module	python/src/ksdft2effmass/harness/pi/local/evidence_repository_conformance.py
production_module	python/src/ksdft2effmass/harness/pi/local/input_selection.py
production_module	python/src/ksdft2effmass/harness/pi/local/models.py
production_module	python/src/ksdft2effmass/harness/pi/local/ownership_adapters.py
production_module	python/src/ksdft2effmass/harness/pi/local/python_conformance_command.py
production_module	python/src/ksdft2effmass/harness/pi/local/resource_adapters.py
production_module	python/src/ksdft2effmass/harness/pi/local/resource_composition_validation.py
production_module	python/src/ksdft2effmass/harness/pi/local/skill_capability_validation.py
production_module	python/src/ksdft2effmass/harness/pi/local/task_catalog.py
production_module	python/src/ksdft2effmass/harness/pi/local/task_model.py
production_module	python/src/ksdft2effmass/harness/pi/local/task_ownership_validation.py
production_module	python/src/ksdft2effmass/harness/pi/local/task_selection.py
production_module	python/src/ksdft2effmass/harness/pi/local/validation.py
production_module	python/src/ksdft2effmass/harness/pi/ownership.py
production_module	python/src/ksdft2effmass/harness/pi/profiles.py
production_module	python/src/ksdft2effmass/harness/pi/resources/__init__.py
production_module	python/src/ksdft2effmass/harness/pi/resources/manifests.py
production_module	python/src/ksdft2effmass/harness/pi/resources/records.py
production_module	python/src/ksdft2effmass/harness/pi/resources/refresh.py
production_module	python/src/ksdft2effmass/harness/pi/resources/resolution.py
production_module	python/src/ksdft2effmass/harness/pi/resources/skill_closure.py
production_module	python/src/ksdft2effmass/harness/pi/task_state.py
production_module	python/src/ksdft2effmass/harness/pi/validation.py
production_module	python/src/ksdft2effmass/harness/pi/wire/__init__.py
production_module	python/src/ksdft2effmass/harness/pi/wire/canonical_json.py
production_module	python/src/ksdft2effmass/harness/pi/wire/checkpoints.py
production_module	python/src/ksdft2effmass/harness/pi/wire/dispatch.py
production_module	python/src/ksdft2effmass/harness/pi/wire/human_review.py
production_module	python/src/ksdft2effmass/harness/pi/wire/records.py
production_module	python/src/ksdft2effmass/harness/pi/wire/resources.py
production_module	python/src/ksdft2effmass/harness/prerequisites.py
production_module	python/src/ksdft2effmass/harness/task.py
production_module	python/src/ksdft2effmass/harness/task_selection.py
production_module	python/src/ksdft2effmass/harness/validation.py
production_module	python/src/ksdft2effmass/integration/__init__.py
production_module	python/src/ksdft2effmass/integration/quantum_espresso/__init__.py
production_module	python/src/ksdft2effmass/integration/quantum_espresso/contracts.py
production_module	python/src/ksdft2effmass/integration/quantum_espresso/diagnostics.py
production_module	python/src/ksdft2effmass/integration/quantum_espresso/effects.py
production_module	python/src/ksdft2effmass/integration/quantum_espresso/execution.py
production_module	python/src/ksdft2effmass/integration/quantum_espresso/executor.py
production_module	python/src/ksdft2effmass/integration/quantum_espresso/observation.py
production_module	python/src/ksdft2effmass/integration/quantum_espresso/outcomes.py
production_module	python/src/ksdft2effmass/integration/quantum_espresso/process.py
production_module	python/src/ksdft2effmass/integration/quantum_espresso/pw_input.py
production_module	python/src/ksdft2effmass/integration/quantum_espresso/qexsd/__init__.py
production_module	python/src/ksdft2effmass/integration/quantum_espresso/qexsd/construction.py
production_module	python/src/ksdft2effmass/integration/quantum_espresso/qexsd/parsing.py
production_module	python/src/ksdft2effmass/integration/quantum_espresso/qexsd/records.py
production_module	python/src/ksdft2effmass/integration/quantum_espresso/result_values.py
production_module	python/src/ksdft2effmass/integration/quantum_espresso/simulation.py
production_module	python/src/ksdft2effmass/integration/quantum_espresso/tasks.py
production_module	python/src/ksdft2effmass/ksdft/__init__.py
production_module	python/src/ksdft2effmass/ksdft/models.py
production_module	python/src/ksdft2effmass/ksdft/pw/__init__.py
production_module	python/src/ksdft2effmass/ksdft/pw/records.py
production_module	python/src/ksdft2effmass/ksdft/pw/serialization.py
production_module	python/src/ksdft2effmass/operators/__init__.py
production_module	python/src/ksdft2effmass/operators/comparison.py
production_module	python/src/ksdft2effmass/operators/compatibility.py
production_module	python/src/ksdft2effmass/operators/difference.py
production_module	python/src/ksdft2effmass/operators/hermiticity.py
production_module	python/src/ksdft2effmass/operators/records.py
production_module	python/src/ksdft2effmass/operators/residuals.py
production_module	python/src/ksdft2effmass/operators/serialization.py
production_module	python/src/ksdft2effmass/periodic/__init__.py
production_module	python/src/ksdft2effmass/periodic/models.py
production_module	python/src/ksdft2effmass/persistence/__init__.py
production_module	python/src/ksdft2effmass/persistence/sqlite.py
production_module	python/src/ksdft2effmass/persistence/store.py
production_module	python/src/ksdft2effmass/petrinet/__init__.py
production_module	python/src/ksdft2effmass/petrinet/colored/__init__.py
production_module	python/src/ksdft2effmass/petrinet/colored/definitions.py
production_module	python/src/ksdft2effmass/petrinet/colored/enablement.py
production_module	python/src/ksdft2effmass/petrinet/colored/expressions.py
production_module	python/src/ksdft2effmass/petrinet/colored/firing.py
production_module	python/src/ksdft2effmass/petrinet/colored/markings.py
production_module	python/src/ksdft2effmass/petrinet/colored/selection.py
production_module	python/src/ksdft2effmass/petrinet/colored/validation.py
production_module	python/src/ksdft2effmass/petrinet/colored/values.py
production_module	python/src/ksdft2effmass/provenance/__init__.py
production_module	python/src/ksdft2effmass/provenance/actions.py
production_module	python/src/ksdft2effmass/provenance/external_execution.py
production_module	python/src/ksdft2effmass/provenance/external_tools.py
production_module	python/src/ksdft2effmass/provenance/records.py
production_module	python/src/ksdft2effmass/provenance/serialization.py
production_module	python/src/ksdft2effmass/provenance/tool_observations.py
production_module	python/src/ksdft2effmass/structures/__init__.py
production_module	python/src/ksdft2effmass/structures/periodic.py
production_module	python/src/ksdft2effmass/units/__init__.py
production_module	python/src/ksdft2effmass/units/_conversion.py
production_module	python/src/ksdft2effmass/units/_model.py
production_module	python/src/ksdft2effmass/workflows/__init__.py
production_module	python/src/ksdft2effmass/workflows/_dft_scf_bands.py
production_module	python/src/ksdft2effmass/workflows/_dft_scf_nscf_dos.py
production_module	python/src/ksdft2effmass/workflows/artifacts.py
production_module	python/src/ksdft2effmass/workflows/control/__init__.py
production_module	python/src/ksdft2effmass/workflows/control/authority.py
production_module	python/src/ksdft2effmass/workflows/control/claim.py
production_module	python/src/ksdft2effmass/workflows/control/dispatch.py
production_module	python/src/ksdft2effmass/workflows/control/preparation.py
production_module	python/src/ksdft2effmass/workflows/control/reconciliation.py
production_module	python/src/ksdft2effmass/workflows/control/result_ingress.py
production_module	python/src/ksdft2effmass/workflows/cpn_adapter.py
production_module	python/src/ksdft2effmass/workflows/model.py
production_module	python/src/ksdft2effmass/workflows/observations.py
production_module	python/src/ksdft2effmass/workflows/persistence.py
production_module	python/src/ksdft2effmass/workflows/runs/__init__.py
production_module	python/src/ksdft2effmass/workflows/runs/aggregate.py
production_module	python/src/ksdft2effmass/workflows/runs/authority.py
production_module	python/src/ksdft2effmass/workflows/runs/identities.py
production_module	python/src/ksdft2effmass/workflows/runs/records.py
production_module	python/src/ksdft2effmass/workflows/runs/replay.py
public_documentation	docs/api/analysis.rst
public_documentation	docs/api/application.rst
public_documentation	docs/api/harness-adapters.rst
public_documentation	docs/api/harness-authority.rst
public_documentation	docs/api/harness-compiler.rst
public_documentation	docs/api/harness-conformance.rst
public_documentation	docs/api/harness-control.rst
public_documentation	docs/api/harness-prerequisites.rst
public_documentation	docs/api/harness-task.rst
public_documentation	docs/api/harness-validation.rst
public_documentation	docs/api/index.rst
public_documentation	docs/api/operators.rst
public_documentation	docs/api/periodic-records.rst
public_documentation	docs/api/persistence.rst
public_documentation	docs/api/petrinet-colored.rst
public_documentation	docs/api/plane-wave-calculators.rst
public_documentation	docs/api/provenance.md
public_documentation	docs/api/quantum-espresso.rst
public_documentation	docs/api/units.rst
public_documentation	docs/api/workflows.rst
public_documentation	docs/architecture/migration/v1-to-v2/agents.md
public_documentation	docs/architecture/migration/v1-to-v2/coding-standards-conformance.md
public_documentation	docs/architecture/migration/v1-to-v2/development-harness-projections.md
public_documentation	docs/architecture/migration/v1-to-v2/implementation/control-ingress-authorization-claim-evidence.md
public_documentation	docs/architecture/migration/v1-to-v2/implementation/control-ingress-dispatch-reentry-safety.md
public_documentation	docs/architecture/migration/v1-to-v2/implementation/control-ingress-effect-bridge.md
public_documentation	docs/architecture/migration/v1-to-v2/implementation/control-ingress-indeterminate-reconciliation-lifecycle.md
public_documentation	docs/architecture/migration/v1-to-v2/implementation/control-ingress-native-output-admission.md
public_documentation	docs/architecture/migration/v1-to-v2/implementation/harness/compiler.md
public_documentation	docs/architecture/migration/v1-to-v2/implementation/harness/decisions-authority.md
public_documentation	docs/architecture/migration/v1-to-v2/implementation/harness/prerequisite-resolution.md
public_documentation	docs/architecture/migration/v1-to-v2/implementation/harness/task-model.md
public_documentation	docs/architecture/migration/v1-to-v2/implementation/identity-contracts.md
public_documentation	docs/architecture/migration/v1-to-v2/implementation/index.md
public_documentation	docs/architecture/migration/v1-to-v2/implementation/ksdft-contract-verification.md
public_documentation	docs/architecture/migration/v1-to-v2/implementation/ksdft-plane-wave-disposition.md
public_documentation	docs/architecture/migration/v1-to-v2/implementation/operator-analysis-disposition.md
public_documentation	docs/architecture/migration/v1-to-v2/implementation/operator-ownership.md
public_documentation	docs/architecture/migration/v1-to-v2/implementation/operator-records-disposition.md
public_documentation	docs/architecture/migration/v1-to-v2/implementation/periodic-contract-verification.md
public_documentation	docs/architecture/migration/v1-to-v2/implementation/petrinet/colored.md
public_documentation	docs/architecture/migration/v1-to-v2/implementation/qe-observation-adaptation-result-boundary.md
public_documentation	docs/architecture/migration/v1-to-v2/implementation/qexsd-parsing-migration.md
public_documentation	docs/architecture/migration/v1-to-v2/implementation/strict-python-conformance-migration.md
public_documentation	docs/architecture/migration/v1-to-v2/implementation/workflow-normalized-observation-input-boundary.md
public_documentation	docs/architecture/migration/v1-to-v2/implementation/workflow-run.md
public_documentation	docs/architecture/migration/v1-to-v2/index.md
public_documentation	docs/architecture/migration/v1-to-v2/package-module-crosswalk.md
public_documentation	docs/architecture/migration/v1-to-v2/pi-harness-subagents.md
public_documentation	docs/concepts/cpn-contract.md
public_documentation	docs/concepts/index.rst
public_documentation	docs/concepts/operator-records.rst
public_documentation	docs/concepts/periodic-calculation-records.rst
public_documentation	docs/concepts/provenance-and-artifacts.md
public_documentation	docs/concepts/qoi-reference-targets.rst
public_documentation	docs/concepts/scientific-workflow-model.rst
public_documentation	docs/concepts/sqlite-revision-store.rst
public_documentation	docs/concepts/workflow-artifacts.rst
public_documentation	docs/concepts/workflow-run-persistence.rst
public_documentation	docs/development/source-documentation.rst
public_documentation	docs/user-guide/abinit.md
public_documentation	docs/user-guide/colored-petri-nets.md
public_documentation	docs/user-guide/cross-backend-verification.md
public_documentation	docs/user-guide/dft-backends.md
public_documentation	docs/user-guide/external-dependencies.md
public_documentation	docs/user-guide/external-tool-lifecycle.md
public_documentation	docs/user-guide/index.md
public_documentation	docs/user-guide/installation.md
public_documentation	docs/user-guide/operator/comparison.md
public_documentation	docs/user-guide/operator/compatibility.md
public_documentation	docs/user-guide/operator/differencing.md
public_documentation	docs/user-guide/operator/hermiticity.md
public_documentation	docs/user-guide/operator/index.md
public_documentation	docs/user-guide/operator/representations.md
public_documentation	docs/user-guide/operator/residuals.md
public_documentation	docs/user-guide/paw-and-pseudopotential-backends.md
public_documentation	docs/user-guide/provenance-and-artifacts.md
public_documentation	docs/user-guide/quantum-espresso.md
public_documentation	docs/user-guide/troubleshooting.md
public_documentation	docs/user-guide/wannier90.md
public_documentation	docs/user-guide/workflow-model.md
public_documentation	docs/verification/cpn-contract.rst
public_documentation	docs/verification/index.rst
public_documentation	docs/verification/operator-record-compatibility-analysis.rst
public_documentation	docs/verification/operator-record-data-object.rst
public_documentation	docs/verification/operator-record-difference.rst
public_documentation	docs/verification/operator-record-energy-reference.rst
public_documentation	docs/verification/operator-record-geometry.rst
public_documentation	docs/verification/operator-record-hermiticity.rst
public_documentation	docs/verification/operator-record-json-serialization.rst
public_documentation	docs/verification/operator-record-residual-analyzer.rst
public_documentation	docs/verification/provenance-contract.rst
public_documentation	docs/verification/testing-and-evidence.rst
python_resource	harness/pi/fixtures/evidence/python-conformance/duplicate-ids/test__ExampleOne.py
python_resource	harness/pi/fixtures/evidence/python-conformance/duplicate-ids/test__ExampleTwo.py
python_resource	harness/pi/fixtures/evidence/python-conformance/invalid/test__bad-artifact.py
python_resource	harness/pi/fixtures/evidence/python-conformance/unknown-static-count/test__ExampleDynamic.py
python_resource	harness/pi/fixtures/evidence/python-conformance/valid-artifact/test__json_schema.py
python_resource	harness/pi/fixtures/evidence/python-conformance/valid/test__ExampleRecord.py
python_resource	python/tests/software_verification/ksdft2effmass/harness/pi/resources/artifact_test_owner_source.py
python_resource	python/tests/software_verification/ksdft2effmass/harness/pi/resources/legacy_module_level_source.py
python_resource	python/tests/software_verification/ksdft2effmass/integration/quantum_espresso/resources/__init__.py
python_resource	python/tests/software_verification/ksdft2effmass/integration/quantum_espresso/resources/executor_scenarios.py
python_resource	python/tests/software_verification/ksdft2effmass/integration/quantum_espresso/resources/local_execution/executable/fixture_pw.py
python_resource	python/tests/software_verification/ksdft2effmass/integration/quantum_espresso/resources/qexsd_fixtures.py
python_resource	python/tests/software_verification/ksdft2effmass/operators/resources/__init__.py
python_resource	python/tests/software_verification/ksdft2effmass/operators/resources/operator_json_values.py
python_resource	python/tests/software_verification/ksdft2effmass/operators/resources/operator_record_fixtures.py
python_resource	python/tests/software_verification/ksdft2effmass/persistence/resources/sqlite_fault_worker.py
python_resource	python/tests/software_verification/ksdft2effmass/workflows/control/resources/__init__.py
python_resource	python/tests/software_verification/ksdft2effmass/workflows/control/resources/entry_ports.py
python_resource	python/tests/software_verification/ksdft2effmass/workflows/control/resources/scenarios.py
python_resource	python/tests/software_verification/ksdft2effmass/workflows/persistence/resources/entry-fault-worker.py
task_tool	.pi/task-ownership/generate_python_architecture_inventory.py
task_tool	.pi/task-ownership/generate_python_public_import_foundation.py
task_tool	.pi/task-ownership/public_import_foundation/__init__.py
task_tool	.pi/task-ownership/public_import_foundation/architecture_conformance_adapter.py
task_tool	.pi/task-ownership/public_import_foundation/command.py
task_tool	.pi/task-ownership/public_import_foundation/foundation_assembly.py
task_tool	.pi/task-ownership/public_import_foundation/input_snapshot.py
task_tool	.pi/task-ownership/public_import_foundation/runtime_observation.py
task_tool	.pi/task-ownership/public_import_foundation/source_observation.py
task_tool	.pi/task-ownership/python_public_import_foundation_model.py
task_tool	.pi/task-ownership/validate_python_architecture_conformance_callable_private_rules.py
task_tool	.pi/task-ownership/validate_python_architecture_conformance_dependency_graph_views.py
task_tool	.pi/task-ownership/validate_python_architecture_conformance_planning.py
task_tool	.pi/task-ownership/validate_python_architecture_conformance_production_facts.py
task_tool	.pi/task-ownership/validate_python_architecture_conformance_ratchet_integration.py
task_tool	.pi/task-ownership/validate_python_architecture_inventory_and_policy.py
task_tool	.pi/task-ownership/validate_python_public_import_boundaries_planning.py
task_tool	.pi/task-ownership/validate_python_public_import_foundation.py
task_tool	.pi/task-ownership/validate_quantumespresso_simulations_integration.py
